name,x,y,z,spawntime
amazon,32357,31645,1,600
valkyrie,32354,31646,1,600
amazon,32356,31646,1,600
dwarf soldier,32588,31926,1,600
dwarf guard,32586,31927,1,600
dwarf guard,32587,31927,1,600
dwarf soldier,32589,31927,1,600
dwarf guard,32584,31928,1,600
marid,33095,32523,1,600
marid,33096,32527,1,600
marid,33096,32528,1,600
marid,33100,32531,1,600
marid,33098,32533,1,600
blue djinn,33100,32533,1,600
blue djinn,33100,32534,1,600
efreet,33036,32628,1,600
efreet,33035,32629,1,600
efreet,33036,32631,1,600
efreet,33039,32632,1,600
efreet,33041,32631,1,600
bandit,33025,32736,1,600
bandit,33026,32738,1,600
bandit,33027,32738,1,600
demon skeleton,32800,31583,2,600
mummy,32803,31584,2,900
demon skeleton,32801,31585,2,600
demon skeleton,32802,31585,2,600
mummy,32805,31585,2,900
mummy,32804,31588,2,900
valkyrie,32356,31643,2,600
witch,32355,31645,2,600
amazon,32355,31647,2,600
orc warlord,32973,31721,2,600
orc leader,32973,31722,2,600
orc leader,32972,31723,2,600
orc leader,32973,31723,2,600
orc warlord,32975,31723,2,600
orc rider,32968,31723,2,600
orc rider,32969,31724,2,600
orc shaman,32967,31725,2,600
orc berserker,32977,31723,2,600
orc berserker,32977,31725,2,600
orc shaman,32968,31727,2,600
monk,32178,31926,2,9999
dwarf soldier,32588,31924,2,600
dwarf guard,32587,31925,2,600
dwarf soldier,32589,31926,2,600
dwarf guard,32586,31928,2,600
dwarf guard,32585,31928,2,600
elf scout,33072,32170,2,600
elf scout,33074,32170,2,600
elf scout,33071,32171,2,600
elf arcanist,33077,32171,2,600
elf arcanist,33078,32171,2,600
ghost,32974,32406,2,600
demon skeleton,32969,32407,2,600
ghost,32967,32410,2,600
ghost,32969,32410,2,600
blue djinn,33098,32524,2,600
blue djinn,33099,32525,2,600
blue djinn,33095,32531,2,600
blue djinn,33096,32531,2,600
marid,33104,32533,2,600
marid,33104,32534,2,600
gargoyle,33037,32620,2,600
gargoyle,33037,32622,2,600
gargoyle,33040,32624,2,600
efreet,33041,32626,2,600
efreet,33038,32628,2,600
efreet,33035,32630,2,600
stalker,33037,32631,2,600
stalker,33037,32632,2,600
gargoyle,33047,32630,2,600
gargoyle,33048,32631,2,600
dragon lord,32797,31558,3,999
mummy,32798,31580,3,900
mummy,32799,31581,3,900
mummy,32806,31581,3,900
mummy,32805,31582,3,900
mummy,32806,31582,3,900
mummy,32805,31584,3,900
mummy,32803,31586,3,900
slime,32805,31586,3,600
slime,32805,31587,3,600
mummy,32805,31588,3,900
demon skeleton,32589,31643,3,400
demon skeleton,32590,31643,3,400
elf arcanist,32592,31646,3,600
valkyrie,32354,31643,3,600
valkyrie,32355,31645,3,600
valkyrie,32353,31646,3,600
orc warlord,32973,31720,3,600
orc rider,32967,31719,3,600
orc rider,32966,31721,3,600
orc leader,32976,31721,3,600
orc leader,32974,31723,3,600
war wolf,32970,31724,3,600
war wolf,32969,31725,3,600
orc spearman,32876,31766,3,600
orc spearman,32879,31766,3,600
orc spearman,32877,31767,3,600
orc warrior,32879,31767,3,600
monk,32167,31926,3,9999
dwarf guard,32631,31934,3,600
dwarf guard,32633,31934,3,600
dwarf guard,32629,31935,3,600
dwarf guard,32633,31935,3,600
valkyrie,32866,31937,3,600
valkyrie,32866,31938,3,600
valkyrie,32867,31938,3,600
minotaur archer,32460,31948,3,600
minotaur archer,32463,31949,3,600
minotaur archer,32462,31951,3,600
minotaur archer,32465,31951,3,600
minotaur archer,32464,31960,3,600
minotaur archer,32466,31960,3,600
minotaur mage,32465,31962,3,600
minotaur archer,32469,31963,3,600
dwarf geomancer,32562,32117,3,800
witch,32560,32119,3,800
monk,32563,32119,3,800
wasp,31999,32136,3,400
wasp,32000,32136,3,400
wasp,32002,32138,3,400
wasp,32004,32140,3,400
elf scout,33072,32169,3,600
elf scout,33069,32170,3,600
elf scout,33070,32170,3,600
elf scout,33081,32170,3,600
elf scout,33080,32171,3,600
elf scout,33083,32171,3,600
elf arcanist,33077,32174,3,600
elf arcanist,33074,32172,3,600
elf arcanist,33075,32175,3,600
elf scout,33087,32190,3,600
elf scout,33085,32191,3,600
ghost,32971,32410,3,600
blue djinn,33096,32527,3,600
blue djinn,33096,32528,3,600
blue djinn,33095,32530,3,600
scarab,33099,32532,3,600
scarab,33099,32533,3,600
marid,33108,32529,3,600
marid,33106,32531,3,600
scarab,33098,32535,3,600
fire elemental,33085,32584,3,800
fire elemental,33081,32585,3,800
fire elemental,33077,32586,3,800
fire elemental,33079,32586,3,800
fire elemental,33076,32587,3,800
fire elemental,33082,32587,3,800
fire elemental,33076,32590,3,800
scorpion,33038,32621,3,600
scorpion,33037,32622,3,600
green djinn,33043,32622,3,600
green djinn,33042,32623,3,600
green djinn,33043,32623,3,600
efreet,33044,32625,3,600
gargoyle,33047,32623,3,600
gargoyle,33047,32624,3,600
gargoyle,33039,32631,3,600
stalker,33040,32631,3,600
stalker,33042,32632,3,600
gargoyle,33040,32633,3,600
cobra,33020,32779,3,600
cobra,33022,32781,3,600
cobra,33025,32783,3,600
mummy,32797,31579,4,900
demon skeleton,32798,31581,4,900
mummy,32803,31579,4,900
mummy,32805,31582,4,900
demon skeleton,32805,31584,4,800
mummy,32803,31585,4,900
demon skeleton,32806,31586,4,800
mummy,32808,31586,4,900
mummy,32810,31588,4,900
mummy,32811,31589,4,900
orc berserker,32582,31639,4,600
hunter,32598,31639,4,600
valkyrie,32354,31645,4,600
amazon,32356,31645,4,600
valkyrie,32353,31646,4,600
minotaur mage,32592,31645,4,600
orc shaman,32589,31646,4,600
minotaur archer,32598,31652,4,600
ghoul,33197,31678,4,600
demon skeleton,33194,31679,4,600
ghoul,33195,31679,4,600
orc shaman,32978,31714,4,600
orc shaman,32979,31714,4,600
orc leader,32963,31719,4,600
orc leader,32963,31720,4,600
orc leader,32962,31721,4,600
orc warlord,32964,31724,4,600
orc berserker,32970,31721,4,600
orc berserker,32971,31722,4,600
orc rider,32970,31724,4,600
orc rider,32976,31721,4,600
orc rider,32976,31722,4,600
orc rider,32968,31726,4,600
orc spearman,32878,31766,4,600
orc spearman,32876,31767,4,600
orc warrior,32878,31767,4,600
orc spearman,32878,31768,4,600
poison spider,32600,31775,4,600
orc spearman,32878,31774,4,600
orc spearman,32877,31775,4,600
orc spearman,32878,31775,4,600
orc shaman,32802,31783,4,600
scorpion,32804,31783,4,600
sheep,32591,31800,4,600
sheep,32591,31801,4,600
sheep,32597,31805,4,600
hunter,32598,31805,4,600
black sheep,32599,31805,4,600
sheep,32595,31808,4,600
sheep,32598,31808,4,600
sheep,32598,31810,4,600
spider,32583,31810,4,600
spider,32585,31811,4,600
spider,32584,31814,4,600
rat,33257,31826,4,500
snake,33261,31826,4,500
wasp,32841,31827,4,600
wasp,32841,31828,4,600
wasp,32845,31828,4,600
wasp,32847,31828,4,600
goblin,32576,31836,4,600
goblin,32578,31839,4,600
goblin,32580,31840,4,600
dwarf,32567,31899,4,600
dwarf,32565,31901,4,600
dwarf,32570,31902,4,600
dwarf,32566,31905,4,600
dwarf,32567,31905,4,600
dwarf,32568,31906,4,600
dwarf,32569,31906,4,600
monk,32179,31928,4,600
monk,32168,31929,4,9999
minotaur guard,32463,31949,4,600
minotaur guard,32464,31949,4,600
minotaur archer,32461,31953,4,600
minotaur archer,32460,31955,4,600
minotaur archer,32457,31956,4,600
minotaur archer,32460,31956,4,600
minotaur mage,32463,31962,4,600
minotaur mage,32465,31963,4,600
minotaur archer,32464,31968,4,600
minotaur archer,32466,31968,4,600
troll,32074,32106,4,600
orc,32073,32107,4,600
troll,32074,32108,4,600
troll,32077,32109,4,600
sheep,32079,32115,4,600
sheep,32080,32115,4,600
sheep,32078,32116,4,600
sheep,32079,32116,4,600
ghoul,32559,32119,4,700
ghoul,32560,32119,4,700
demon skeleton,32560,32120,4,700
demon skeleton,32560,32121,4,700
stalker,32564,32119,4,700
stalker,32563,32121,4,700
wasp,31999,32137,4,400
wasp,32000,32137,4,400
wasp,32000,32138,4,400
wasp,31999,32141,4,400
elf scout,33093,32139,4,600
elf scout,33104,32139,4,600
dragon,32824,32145,4,600
orc,31976,32156,4,500
orc,31974,32158,4,500
elf scout,33059,32158,4,600
elf scout,33060,32159,4,600
elf,33064,32159,4,600
elf scout,33057,32162,4,600
elf,33066,32159,4,600
dragon,33073,32171,4,999
dragon,33077,32171,4,999
tarantula,32658,32351,4,600
tarantula,32659,32352,4,600
wasp,33205,32381,4,600
wasp,33205,32382,4,600
wasp,33215,32381,4,600
wasp,33216,32382,4,600
wasp,33214,32386,4,600
wasp,33214,32387,4,600
wasp,33205,32387,4,600
wasp,33207,32389,4,600
wasp,33207,32391,4,600
demon skeleton,32969,32408,4,600
ghost,32970,32410,4,600
ghoul,32992,32415,4,600
ghoul,32990,32416,4,600
wasp,33028,32417,4,600
wasp,33025,32418,4,600
wasp,33028,32418,4,600
scorpion,33071,32445,4,600
scorpion,33079,32445,4,600
scorpion,33071,32446,4,600
scorpion,33073,32446,4,600
scorpion,33079,32446,4,600
scorpion,33073,32447,4,600
scorpion,33074,32448,4,600
scorpion,33079,32448,4,600
scorpion,33075,32451,4,600
scorpion,33076,32451,4,600
scorpion,33065,32456,4,900
scorpion,33073,32468,4,900
scorpion,33074,32468,4,900
scorpion,33073,32469,4,900
fire elemental,33104,32520,4,600
blue djinn,33101,32521,4,600
fire elemental,33103,32521,4,600
blue djinn,33100,32522,4,600
merlkin,32840,32525,4,600
blue djinn,33095,32523,4,600
blue djinn,33095,32525,4,600
blue djinn,33095,32526,4,600
scarab,33096,32528,4,600
scarab,33093,32529,4,600
scarab,33095,32529,4,600
kongra,32843,32527,4,600
marid,33101,32529,4,600
fire elemental,33104,32528,4,600
fire elemental,33104,32530,4,600
sibang,32812,32547,4,600
sibang,32814,32547,4,600
giant spider,33138,32574,4,2600
dragon lord,33087,32589,4,3600
green djinn,33036,32625,4,600
stalker,33037,32627,4,600
green djinn,33038,32627,4,600
efreet,33036,32628,4,600
stalker,33039,32628,4,600
gargoyle,33037,32631,4,600
gargoyle,33040,32631,4,600
gargoyle,33038,32632,4,600
hydra,33006,32632,4,600
hydra,32988,32633,4,600
hydra,33012,32639,4,600
hydra,33003,32641,4,600
hydra,33004,32642,4,600
hydra,33018,32646,4,600
hydra,33000,32651,4,600
hydra,33001,32651,4,600
hydra,33014,32658,4,600
hydra,32993,32664,4,600
hydra,32993,32666,4,600
dragon lord,33042,32690,4,1200
dragon lord,33044,32690,4,1200
dragon,33041,32708,4,900
dragon,33030,32710,4,900
dragon,33030,32711,4,900
lizard sentinel,33015,32761,4,600
lizard templar,33002,32761,4,600
lizard templar,33004,32762,4,600
hyaena,33038,32767,4,600
hyaena,33040,32769,4,600
hyaena,33041,32771,4,600
hyaena,33038,32786,4,600
hyaena,33036,32788,4,600
winter wolf,32007,31556,5,800
winter wolf,32008,31558,5,800
dragon,32797,31559,5,700
ghoul,32797,31577,5,600
demon skeleton,32798,31578,5,600
ghoul,32795,31580,5,600
ghoul,32796,31583,5,600
ghoul,32811,31585,5,600
ghoul,32810,31586,5,600
ghoul,32812,31588,5,600
ghoul,32810,31590,5,600
ghoul,32805,31591,5,600
ghoul,32806,31591,5,600
valkyrie,32431,31591,5,600
valkyrie,32432,31592,5,600
ghoul,32800,31588,5,600
ghoul,32802,31592,5,600
demon skeleton,32803,31593,5,900
purple butterfly,32707,31603,5,600
purple butterfly,32708,31604,5,600
purple butterfly,32710,31606,5,600
purple butterfly,32700,31617,5,600
orc warrior,32581,31639,5,600
orc warrior,32582,31639,5,600
amazon,32355,31644,5,600
valkyrie,32354,31645,5,600
amazon,32356,31646,5,600
dragon,32591,31645,5,999
elf,32581,31651,5,600
elf,32582,31652,5,600
elf,32597,31652,5,600
orc warrior,32599,31652,5,600
purple butterfly,32727,31663,5,600
wasp,32368,31667,5,600
wasp,32370,31669,5,600
ghoul,33192,31679,5,600
ghoul,33194,31679,5,600
war wolf,32973,31715,5,600
war wolf,32974,31715,5,600
war wolf,32975,31717,5,600
orc leader,32971,31720,5,600
orc rider,32964,31723,5,600
orc leader,32968,31721,5,600
orc leader,32970,31723,5,600
orc shaman,32974,31723,5,600
orc berserker,32967,31727,5,600
orc berserker,32969,31727,5,600
orc shaman,32976,31723,5,600
orc shaman,32976,31724,5,600
orc rider,32975,31728,5,600
war wolf,32961,31726,5,600
war wolf,32961,31728,5,600
orc berserker,32968,31730,5,600
orc rider,32974,31729,5,600
orc spearman,32849,31740,5,600
orc warrior,32879,31766,5,600
orc warrior,32878,31767,5,600
orc warrior,32927,31771,5,600
orc spearman,32828,31772,5,600
orc warrior,32829,31772,5,600
orc spearman,32827,31774,5,600
orc warrior,32829,31774,5,600
orc spearman,32830,31774,5,600
orc leader,32925,31773,5,600
orc,32877,31774,5,600
orc warrior,32802,31783,5,600
orc warrior,32803,31783,5,600
cyclops,32598,31784,5,600
cyclops,32598,31786,5,600
bear,32553,31792,5,600
bear,32551,31793,5,600
demon skeleton,32589,31792,5,600
wolf,32547,31807,5,500
wolf,32544,31808,5,500
wolf,32550,31808,5,500
wolf,32540,31809,5,500
wolf,32548,31809,5,500
wolf,32543,31810,5,500
wasp,32843,31825,5,600
wasp,32842,31827,5,600
wasp,32843,31827,5,600
rabbit,32590,31831,5,700
rabbit,32594,31831,5,700
rabbit,32595,31832,5,700
rabbit,32595,31835,5,700
goblin,32565,31830,5,600
goblin,32565,31832,5,600
goblin,32567,31833,5,600
skeleton,32579,31843,5,900
skeleton,32577,31845,5,900
goblin,33108,31848,5,600
goblin,33107,31849,5,600
goblin,32544,31848,5,600
goblin,32544,31849,5,600
goblin,32547,31849,5,600
goblin,32550,31852,5,600
rabbit,32215,31858,5,600
ghoul,32481,31900,5,600
dwarf,32573,31901,5,600
dwarf,32567,31902,5,600
dwarf,32571,31903,5,600
dwarf,32562,31905,5,600
dwarf,32571,31906,5,600
dwarf,32572,31906,5,600
monk,32169,31926,5,600
monk,32169,31927,5,600
monk,32178,31933,5,600
monk,32168,31934,5,600
monk,32168,31937,5,600
valkyrie,32866,31938,5,600
minotaur guard,32462,31951,5,600
minotaur guard,32463,31951,5,600
minotaur guard,32463,31960,5,600
minotaur guard,32462,31961,5,600
cyclops,32495,32060,5,750
cyclops,32496,32060,5,750
cyclops,32496,32063,5,750
poison spider,32499,32069,5,300
poison spider,32496,32075,5,300
poison spider,32498,32075,5,300
poison spider,32500,32075,5,300
poison spider,32495,32076,5,300
poison spider,32503,32081,5,300
poison spider,32060,32089,5,600
spider,32471,32085,5,350
spider,32476,32086,5,350
spider,32463,32091,5,350
spider,32471,32091,5,350
spider,32473,32091,5,350
spider,32470,32092,5,350
spider,32471,32092,5,350
poison spider,32474,32092,5,600
spider,32470,32093,5,350
minotaur,32100,32105,5,600
troll,32074,32107,5,500
troll,32076,32107,5,500
troll,32072,32108,5,500
troll,32078,32115,5,500
troll,32079,32115,5,500
demon skeleton,32565,32119,5,700
demon skeleton,32561,32120,5,700
demon skeleton,32562,32121,5,700
orc,32100,32128,5,600
elf scout,33100,32137,5,600
elf scout,33101,32137,5,600
wasp,32000,32139,5,400
wasp,32001,32139,5,400
wasp,32002,32139,5,400
elf scout,33091,32139,5,600
orc shaman,32252,32140,5,600
spider,32085,32141,5,600
spider,32086,32142,5,600
orc shaman,32254,32142,5,600
dragon lord,32778,32144,5,600
dragon,32820,32146,5,600
orc spearman,31978,32156,5,600
elf scout,33068,32156,5,600
elf scout,33067,32157,5,600
orc,31975,32158,5,400
elf,33059,32160,5,600
elf,33059,32162,5,600
elf,33061,32162,5,600
dragon,32825,32162,5,600
dragon,32824,32163,5,600
scorpion,32847,32164,5,600
scorpion,32848,32165,5,600
elf arcanist,33072,32170,5,600
elf scout,33074,32167,5,600
elf scout,33077,32168,5,600
elf scout,33079,32169,5,600
elf scout,33077,32170,5,600
troll,32045,32177,5,500
troll,32046,32177,5,500
ghost,33327,32183,5,600
giant spider,32737,32194,5,1600
elf scout,33052,32207,5,600
swamp troll,32941,32215,5,600
swamp troll,32940,32216,5,600
minotaur,33305,32283,5,600
minotaur,33310,32283,5,600
minotaur,33308,32285,5,600
minotaur,33308,32289,5,600
minotaur,33307,32290,5,600
wasp,33201,32310,5,600
wasp,33201,32311,5,600
wasp,33201,32313,5,600
poison spider,32657,32331,5,600
poison spider,32674,32332,5,600
poison spider,32672,32333,5,600
wasp,33307,32339,5,600
wasp,33305,32342,5,600
wasp,33307,32342,5,600
wasp,33304,32343,5,600
wasp,33104,32345,5,600
wasp,33106,32346,5,600
wasp,33105,32347,5,600
wasp,33107,32348,5,600
tarantula,32655,32353,5,600
tarantula,32656,32353,5,600
wasp,33205,32380,5,600
wasp,33207,32382,5,600
wasp,33212,32380,5,600
wasp,33212,32381,5,600
wasp,33205,32387,5,600
wasp,33205,32388,5,600
wasp,33212,32388,5,600
demon skeleton,32972,32409,5,600
demon skeleton,32992,32409,5,600
demon skeleton,32990,32417,5,600
demon skeleton,32991,32419,5,600
scorpion,33029,32423,5,600
scorpion,33026,32425,5,600
scorpion,33029,32426,5,600
snake,33042,32438,5,600
snake,33043,32439,5,600
snake,33058,32439,5,600
snake,33059,32439,5,600
snake,33058,32440,5,600
snake,33060,32443,5,600
scorpion,33072,32443,5,600
scorpion,33074,32443,5,600
wasp,33125,32450,5,600
wasp,33124,32451,5,600
wasp,33121,32452,5,600
wasp,33126,32453,5,600
wasp,33050,32452,5,600
scorpion,33067,32460,5,600
skeleton,33055,32468,5,600
kongra,32779,32517,5,600
kongra,32779,32518,5,600
sibang,32842,32525,5,600
merlkin,32839,32526,5,600
sibang,32840,32527,5,600
merlkin,32841,32527,5,600
sibang,32842,32527,5,600
blue djinn,33094,32530,5,600
blue djinn,33095,32531,5,600
scarab,33097,32531,5,600
scarab,33097,32532,5,600
scarab,33097,32533,5,600
stone golem,33140,32544,5,600
stone golem,33140,32546,5,600
stone golem,33142,32546,5,600
merlkin,32811,32547,5,600
merlkin,32810,32549,5,600
kongra,32813,32549,5,600
sibang,32837,32547,5,600
kongra,32786,32549,5,600
kongra,32815,32551,5,600
stone golem,33126,32552,5,600
stone golem,33127,32554,5,600
sibang,32846,32563,5,600
merlkin,32849,32563,5,600
merlkin,32847,32565,5,600
kongra,32848,32566,5,600
stone golem,33126,32563,5,600
stone golem,33127,32564,5,600
merlkin,32773,32565,5,600
merlkin,32771,32566,5,600
kongra,32848,32568,5,600
kongra,32827,32575,5,600
sibang,32787,32581,5,600
sibang,32785,32583,5,600
sibang,32808,32582,5,600
kongra,32810,32582,5,600
dragon lord,33090,32584,5,1100
dragon lord,33089,32586,5,1100
dragon lord,33101,32587,5,1700
dragon lord,33082,32592,5,2600
dragon,33092,32592,5,1600
dragon,33092,32594,5,1600
dragon,33084,32598,5,1600
dragon,33084,32599,5,1600
green djinn,33039,32625,5,600
green djinn,33040,32625,5,600
gargoyle,33041,32631,5,600
gargoyle,33040,32633,5,600
gargoyle,33043,32633,5,600
hyaena,33080,32643,5,600
hyaena,33085,32645,5,600
hyaena,33082,32646,5,600
dragon lord,33054,32669,5,1600
dragon,33071,32674,5,950
dragon,33071,32675,5,950
dragon,33049,32690,5,1000
dragon,33047,32692,5,1000
dragon,33037,32717,5,900
dragon,33042,32728,5,850
bat,33008,32762,5,600
bat,33009,32762,5,600
bat,33011,32764,5,600
hyaena,33029,32782,5,600
hyaena,33031,32783,5,600
hyaena,33034,32784,5,600
hyaena,33030,32795,5,600
hyaena,33029,32797,5,600
lizard snakecharmer,32954,32850,5,600
lizard snakecharmer,32956,32851,5,600
lizard snakecharmer,32956,32853,5,600
frost troll,32000,31563,6,600
frost troll,32000,31564,6,600
frost troll,31992,31564,6,700
skeleton,32795,31574,6,600
skeleton,32796,31574,6,600
skeleton,32793,31576,6,600
ghoul,32794,31577,6,600
ghoul,32796,31578,6,600
ghoul,32813,31579,6,600
ghoul,32814,31581,6,600
skeleton,32814,31582,6,600
ghoul,32813,31583,6,600
skeleton,32814,31585,6,600
skeleton,32817,31585,6,600
skeleton,32801,31582,6,600
ghoul,32797,31583,6,600
skeleton,32800,31583,6,600
skeleton,32801,31583,6,600
ghoul,32797,31585,6,600
skeleton,32793,31586,6,600
skeleton,32792,31587,6,600
ghoul,32809,31587,6,600
ghoul,32809,31588,6,600
skeleton,32813,31591,6,600
ghoul,32814,31591,6,600
skeleton,32815,31591,6,600
ghoul,32814,31592,6,600
valkyrie,32430,31592,6,600
valkyrie,32431,31594,6,600
ghoul,32817,31591,6,600
ghoul,32790,31592,6,600
ghoul,32795,31593,6,600
ghoul,32793,31595,6,600
ghoul,32809,31596,6,600
ghoul,32808,31597,6,600
purple butterfly,32702,31610,6,600
elf,32647,31617,6,600
elf,32646,31618,6,600
elf,32645,31620,6,600
parrot,32500,31627,6,600
orc warrior,32583,31638,6,600
orc warrior,32582,31639,6,600
minotaur,32597,31639,6,600
minotaur,32598,31639,6,600
amazon,32355,31645,6,600
amazon,32357,31646,6,600
minotaur,32582,31652,6,600
minotaur,32584,31653,6,600
orc warrior,32598,31652,6,600
orc warrior,32599,31652,6,600
wasp,32372,31666,6,600
wasp,32374,31668,6,600
ghoul,33196,31682,6,600
ghoul,33197,31684,6,600
ghoul,33197,31687,6,600
ghoul,33197,31688,6,600
dragon,33100,31696,6,600
dragon,33089,31702,6,600
deer,31949,31707,6,600
deer,31950,31708,6,600
deer,31951,31708,6,600
deer,31952,31713,6,600
deer,31950,31714,6,600
deer,31949,31715,6,600
war wolf,32974,31715,6,600
war wolf,32975,31716,6,600
orc leader,32970,31718,6,600
orc leader,32971,31719,6,600
orc shaman,32966,31721,6,600
orc shaman,32966,31722,6,600
war wolf,32976,31721,6,600
war wolf,32979,31723,6,600
war wolf,32980,31724,6,600
orc berserker,32957,31725,6,600
orc berserker,32960,31725,6,600
orc berserker,32960,31726,6,600
orc berserker,32964,31728,6,600
war wolf,32968,31726,6,600
war wolf,32971,31729,6,600
war wolf,32973,31729,6,600
orc berserker,32957,31737,6,600
orc shaman,32981,31739,6,600
orc shaman,32983,31739,6,600
orc spearman,32848,31740,6,600
orc warrior,32847,31742,6,600
orc spearman,32848,31742,6,600
orc warrior,32848,31743,6,600
orc berserker,32973,31747,6,600
orc berserker,32973,31749,6,600
orc leader,32978,31750,6,600
orc leader,32980,31752,6,600
orc spearman,32892,31751,6,600
orc spearman,32896,31751,6,600
orc spearman,32890,31753,6,600
orc spearman,32893,31753,6,600
orc warrior,32909,31751,6,600
orc warrior,32955,31748,6,600
orc warrior,32955,31749,6,600
orc warrior,32955,31751,6,600
orc shaman,32929,31752,6,600
orc shaman,32930,31752,6,600
orc berserker,32930,31758,6,600
orc berserker,32933,31759,6,600
orc berserker,32936,31762,6,600
orc leader,32947,31759,6,600
orc leader,32960,31761,6,600
orc berserker,32944,31760,6,600
orc berserker,32942,31762,6,600
rabbit,32547,31760,6,700
rabbit,32544,31762,6,700
rabbit,32544,31763,6,700
orc,32877,31767,6,600
orc,32878,31767,6,600
goblin,32566,31766,6,600
goblin,32568,31768,6,600
goblin,32566,31769,6,600
goblin,32613,31767,6,600
pig,32610,31768,6,600
goblin,32612,31769,6,600
pig,32609,31770,6,600
orc spearman,32891,31766,6,600
orc spearman,32892,31767,6,600
orc spearman,32892,31768,6,600
orc warrior,32888,31772,6,600
orc warrior,32890,31772,6,600
orc berserker,32892,31772,6,600
goblin,32614,31769,6,600
bug,32536,31770,6,400
bug,32538,31770,6,400
orc spearman,32827,31772,6,600
orc spearman,32827,31773,6,600
orc warrior,32830,31773,6,600
orc warrior,32827,31774,6,600
orc,32828,31774,6,600
orc warrior,32830,31774,6,600
orc warrior,32891,31773,6,600
orc spearman,32890,31774,6,600
orc shaman,32925,31770,6,600
orc shaman,32926,31772,6,600
orc shaman,32941,31773,6,600
orc shaman,32941,31775,6,600
orc warrior,32879,31773,6,600
orc warrior,32878,31775,6,600
orc spearman,32891,31777,6,600
orc spearman,32892,31777,6,600
orc berserker,32923,31778,6,600
orc berserker,32926,31780,6,600
orc berserker,32928,31780,6,600
orc spearman,32805,31782,6,600
orc spearman,32806,31782,6,600
orc spearman,32807,31784,6,600
orc,32915,31783,6,600
orc spearman,32908,31782,6,600
orc spearman,32906,31783,6,600
orc spearman,32907,31784,6,600
goblin,32571,31785,6,600
goblin,32564,31783,6,600
goblin,32560,31785,6,600
goblin,32562,31786,6,600
goblin,32594,31788,6,900
goblin,32614,31787,6,600
goblin,32617,31790,6,600
goblin,32614,31792,6,600
orc warrior,32933,31790,6,600
orc warrior,32932,31793,6,600
orc warrior,32934,31793,6,600
orc leader,32945,31791,6,600
orc leader,32946,31791,6,600
orc berserker,32942,31794,6,600
orc berserker,32940,31794,6,600
orc spearman,32892,31794,6,600
orc spearman,32891,31795,6,600
orc shaman,32934,31796,6,600
goblin,32566,31797,6,600
goblin,32567,31799,6,600
orc spearman,32903,31802,6,600
orc spearman,32904,31802,6,600
orc spearman,32903,31804,6,600
orc berserker,32907,31805,6,600
orc berserker,32940,31803,6,600
orc berserker,32941,31805,6,600
orc spearman,32938,31806,6,600
orc berserker,32978,31803,6,600
orc berserker,32977,31805,6,600
goblin,32548,31820,6,600
goblin,32546,31822,6,600
goblin,32601,31820,6,600
goblin,32599,31821,6,600
goblin,32598,31824,6,600
wasp,32844,31825,6,600
wasp,32844,31826,6,600
goblin,32549,31828,6,600
goblin,32553,31832,6,600
goblin,32549,31834,6,600
goblin,32549,31835,6,600
poison spider,32245,31835,6,600
poison spider,32246,31836,6,600
wolf,32925,31846,6,500
wolf,32927,31846,6,500
wolf,32925,31847,6,500
war wolf,32930,31847,6,600
goblin,32579,31857,6,600
goblin,32578,31858,6,600
goblin,32579,31858,6,600
bear,32610,31876,6,700
bear,32611,31878,6,700
bear,32608,31880,6,700
valkyrie,32846,31917,6,600
lion,32847,31918,6,600
witch,32846,31919,6,600
witch,32844,31918,6,600
valkyrie,32826,31924,6,600
valkyrie,32869,31928,6,600
valkyrie,32870,31928,6,600
beholder,32587,31932,6,900
valkyrie,32819,31933,6,600
spider,32564,31949,6,600
spider,32565,31949,6,600
spider,32564,31951,6,600
minotaur guard,32460,31951,6,600
minotaur guard,32461,31953,6,600
minotaur guard,32460,31955,6,600
minotaur guard,32459,31956,6,600
minotaur archer,32462,31957,6,600
minotaur archer,32466,31961,6,600
minotaur archer,32463,31962,6,600
minotaur archer,32466,31962,6,600
dwarf,32613,31962,6,600
dwarf soldier,32620,31962,6,600
dwarf,32616,31964,6,600
dwarf soldier,32618,31964,6,600
troll,32655,31966,6,600
spider,32599,31966,6,600
spider,32599,31967,6,600
spider,32602,31970,6,600
witch,32748,31978,6,600
witch,32749,31979,6,300
purple butterfly,33312,31992,6,600
blue butterfly,33308,31996,6,600
scorpion,32701,32000,6,600
bug,32782,32000,6,600
witch,32392,32001,6,999
poison spider,32715,32004,6,600
poison spider,32720,32005,6,600
poison spider,32718,32006,6,600
slime,32732,32005,6,500
slime,32731,32006,6,500
rat,32867,32008,6,600
rat,32865,32009,6,600
rat,32867,32010,6,600
swamp troll,32811,32018,6,600
snake,33056,32028,6,600
snake,33057,32029,6,600
orc,33058,32031,6,600
cyclops,32499,32057,6,400
cyclops,32500,32057,6,400
cyclops,32500,32058,6,400
cyclops,32498,32060,6,400
cyclops,32499,32060,6,400
cyclops,32528,32065,6,700
cyclops,32527,32067,6,700
amazon,32759,32068,6,600
amazon,32757,32069,6,600
amazon,32758,32069,6,600
amazon,32755,32070,6,600
skeleton,33067,32068,6,600
cyclops,32467,32071,6,800
cyclops,32468,32072,6,800
cyclops,32473,32085,6,850
cyclops,32472,32086,6,850
spider,32057,32090,6,600
spider,32059,32091,6,600
troll,32075,32107,6,500
troll,32077,32109,6,500
cyclops,32531,32107,6,600
troll,32079,32116,6,600
ghoul,32561,32118,6,700
ghoul,32559,32119,6,700
ghoul,32562,32122,6,700
ghoul,32563,32122,6,700
poison spider,32097,32127,6,600
elf scout,33076,32138,6,600
wasp,32001,32137,6,400
wasp,32002,32139,6,400
snake,32253,32139,6,600
snake,32254,32141,6,600
war wolf,32253,32142,6,600
war wolf,32254,32142,6,600
elf,33102,32137,6,600
elf,33103,32139,6,600
dragon,32790,32141,6,600
dragon,32788,32142,6,600
snake,32257,32143,6,600
snake,32258,32144,6,600
dragon,32780,32145,6,600
dragon,32780,32146,6,600
spider,32082,32146,6,600
spider,32079,32148,6,600
spider,32085,32148,6,600
dragon,32821,32145,6,600
dragon,32822,32146,6,600
elf scout,33100,32145,6,600
elf scout,33102,32146,6,600
elf scout,33095,32156,6,600
elf scout,33094,32157,6,600
orc,31975,32157,6,400
elf scout,33077,32157,6,600
scorpion,32860,32159,6,600
elf scout,33060,32157,6,600
elf scout,33061,32157,6,600
elf scout,33058,32159,6,600
dragon,32823,32164,6,600
elf,33061,32165,6,600
elf,33063,32165,6,600
elf,33065,32165,6,600
elf,33098,32167,6,600
elf scout,33097,32168,6,600
elf scout,33095,32169,6,600
elf,33098,32169,6,600
elf scout,33076,32170,6,600
elf,33074,32171,6,600
elf scout,33076,32171,6,600
elf scout,33078,32171,6,600
wild warrior,32623,32171,6,600
wild warrior,32623,32172,6,600
troll,32624,32175,6,700
troll,32625,32175,6,700
elf scout,33063,32173,6,600
skeleton,33326,32172,6,600
skeleton,33324,32173,6,600
troll,32045,32177,6,600
ghoul,33316,32181,6,600
ghoul,33317,32182,6,600
skeleton,33324,32182,6,600
elf scout,33062,32183,6,600
elf,33067,32182,6,600
elf,33071,32182,6,600
elf,33069,32184,6,600
elf scout,33076,32185,6,600
elf scout,33078,32187,6,600
wolf,32857,32189,6,900
wolf,32855,32190,6,900
elf scout,33053,32191,6,600
bear,32008,32194,6,550
wolf,31983,32196,6,600
wolf,31984,32196,6,600
wolf,31984,32197,6,600
poison spider,32731,32194,6,600
poison spider,32732,32197,6,600
poison spider,32736,32197,6,600
poison spider,32734,32198,6,600
poison spider,32734,32200,6,600
elf,33063,32200,6,600
elf,33063,32201,6,600
elf,33060,32204,6,600
elf scout,33051,32203,6,600
elf scout,33052,32205,6,600
troll,32002,32213,6,600
swamp troll,32937,32216,6,600
swamp troll,32938,32216,6,600
swamp troll,32935,32219,6,600
wolf,31995,32223,6,600
wolf,31993,32225,6,600
wolf,31998,32226,6,600
wolf,31997,32228,6,600
rabbit,32093,32228,6,600
rabbit,32095,32228,6,600
wolf,32031,32245,6,600
wolf,32033,32245,6,600
wolf,32030,32246,6,600
scorpion,32500,32252,6,1000
scorpion,32500,32254,6,1000
lion,33242,32266,6,600
lion,33241,32267,6,600
lion,33242,32267,6,600
lion,33249,32268,6,600
lion,33248,32270,6,600
minotaur,33310,32279,6,600
minotaur,33310,32281,6,600
minotaur,33304,32283,6,600
minotaur,33305,32286,6,600
minotaur,33304,32288,6,600
minotaur,33315,32290,6,600
minotaur,33314,32292,6,600
minotaur,33312,32293,6,600
wasp,33201,32309,6,600
wasp,33202,32309,6,600
wasp,33202,32310,6,600
poison spider,32653,32330,6,600
poison spider,32654,32332,6,600
poison spider,32657,32332,6,600
poison spider,32655,32333,6,600
poison spider,32672,32330,6,600
poison spider,32674,32332,6,600
poison spider,32674,32335,6,600
wasp,33308,32340,6,600
wasp,33310,32341,6,600
wasp,33305,32343,6,600
wasp,33307,32343,6,600
centipede,32661,32347,6,600
centipede,32662,32347,6,600
wasp,33106,32345,6,600
wasp,33104,32347,6,600
wasp,33105,32347,6,600
smuggler,32635,32351,6,600
wild warrior,32632,32353,6,600
smuggler,32634,32353,6,600
wild warrior,32630,32352,6,600
skeleton,32652,32351,6,600
skeleton,32654,32353,6,600
skeleton,32654,32355,6,600
giant spider,33032,32356,6,900
wasp,33206,32381,6,600
wasp,33206,32383,6,600
wasp,33205,32384,6,600
wasp,33214,32382,6,600
wasp,33214,32383,6,600
wasp,33209,32386,6,600
wasp,33207,32390,6,600
demon skeleton,32969,32405,6,600
demon skeleton,32968,32407,6,600
demon skeleton,32969,32411,6,600
demon skeleton,32970,32411,6,600
ghost,32973,32411,6,600
ghost,32974,32410,6,600
ghoul,32989,32416,6,600
ghoul,32990,32416,6,600
ghoul,32992,32419,6,600
demon skeleton,33002,32417,6,600
demon skeleton,33003,32418,6,600
scorpion,33047,32427,6,600
scorpion,33050,32427,6,600
scorpion,33047,32428,6,600
scorpion,33033,32425,6,600
scorpion,33028,32427,6,600
scorpion,33029,32428,6,600
scorpion,33030,32428,6,600
scorpion,33046,32440,6,600
scorpion,33048,32442,6,600
scorpion,33045,32444,6,600
scorpion,33065,32444,6,600
scorpion,33067,32446,6,600
scorpion,33083,32444,6,600
scorpion,33085,32445,6,600
scorpion,33086,32447,6,600
demon skeleton,32978,32450,6,600
wasp,33123,32449,6,600
wasp,33123,32450,6,600
wasp,33123,32451,6,600
scorpion,33039,32447,6,600
scorpion,33043,32447,6,600
scorpion,33039,32451,6,600
scorpion,33037,32452,6,600
ghost,32978,32452,6,600
ghost,32978,32454,6,600
scorpion,33079,32452,6,600
scorpion,33080,32453,6,600
scorpion,33078,32455,6,600
skeleton,33036,32468,6,600
skeleton,33036,32469,6,600
skeleton,33062,32477,6,600
hyaena,33089,32489,6,600
hyaena,33086,32490,6,600
hyaena,33088,32491,6,600
hyaena,33090,32492,6,600
kongra,32813,32504,6,600
kongra,32814,32505,6,600
kongra,32838,32507,6,600
sibang,32835,32508,6,600
sibang,32835,32509,6,600
sibang,32775,32514,6,600
sibang,32776,32514,6,600
merlkin,32780,32515,6,600
kongra,32783,32515,6,600
kongra,32784,32515,6,600
sibang,32779,32519,6,600
sibang,32779,32520,6,600
sibang,32836,32521,6,600
merlkin,32802,32522,6,600
merlkin,32802,32523,6,600
sibang,32839,32523,6,600
sibang,32840,32523,6,600
kongra,32838,32524,6,600
merlkin,32841,32525,6,600
kongra,32839,32526,6,600
kongra,32841,32526,6,600
merlkin,32843,32523,6,600
kongra,32776,32524,6,600
kongra,32778,32525,6,600
merlkin,32785,32524,6,600
merlkin,32847,32527,6,600
blue djinn,33095,32528,6,600
hyaena,33148,32527,6,600
hyaena,33150,32527,6,600
hyaena,33148,32528,6,600
hyaena,33126,32528,6,600
hyaena,33128,32529,6,600
hyaena,33131,32531,6,600
lion,33095,32530,6,600
merlkin,32769,32535,6,600
kongra,32771,32535,6,600
kongra,32772,32536,6,600
hyaena,33175,32541,6,600
hyaena,33176,32543,6,600
merlkin,32818,32543,6,600
merlkin,32818,32545,6,600
merlkin,32859,32542,6,600
merlkin,32860,32543,6,600
sibang,32837,32544,6,600
kongra,32807,32545,6,600
kongra,32806,32546,6,600
kongra,32810,32546,6,600
merlkin,32814,32543,6,600
merlkin,32812,32545,6,600
sibang,32812,32547,6,600
kongra,32837,32547,6,600
larva,33088,32545,6,600
larva,33088,32547,6,600
larva,33087,32548,6,600
sibang,32813,32549,6,600
sibang,32811,32550,6,600
kongra,32817,32553,6,600
sibang,32785,32550,6,600
sibang,32786,32551,6,600
sibang,32807,32553,6,600
sibang,32810,32554,6,600
sibang,32807,32555,6,600
kongra,32818,32552,6,600
kongra,32818,32553,6,600
kongra,32817,32554,6,600
larva,33077,32552,6,600
larva,33077,32555,6,600
larva,33079,32557,6,600
stone golem,33132,32556,6,600
stone golem,33132,32558,6,600
sibang,32771,32560,6,600
sibang,32773,32561,6,600
merlkin,32770,32563,6,600
kongra,32771,32564,6,600
kongra,32843,32561,6,600
kongra,32777,32562,6,600
larva,33093,32562,6,600
larva,33094,32562,6,600
sibang,32847,32562,6,600
merlkin,32847,32564,6,600
sibang,32848,32564,6,600
merlkin,32846,32566,6,600
sibang,32768,32565,6,600
sibang,32770,32567,6,600
sibang,32771,32567,6,600
kongra,32773,32565,6,600
scarab,33091,32567,6,600
sibang,32773,32569,6,600
kongra,32852,32568,6,600
kongra,32852,32569,6,600
lion,33037,32569,6,600
lion,33035,32570,6,600
poison spider,33135,32575,6,600
poison spider,33136,32575,6,600
kongra,32851,32576,6,600
kongra,32810,32579,6,600
kongra,32809,32580,6,600
kongra,32812,32581,6,600
merlkin,32809,32583,6,600
kongra,32813,32583,6,600
sibang,32805,32584,6,600
lion,33046,32581,6,600
lion,33047,32581,6,600
lion,33049,32581,6,600
sibang,32786,32580,6,600
kongra,32783,32582,6,600
kongra,32784,32583,6,600
sibang,32787,32582,6,600
merlkin,32849,32582,6,600
sibang,32851,32582,6,600
sibang,32851,32583,6,600
kongra,32815,32581,6,600
dragon,33094,32583,6,1000
dragon,33092,32584,6,1000
sibang,32804,32582,6,600
kongra,32784,32587,6,600
kongra,32786,32587,6,600
sibang,32810,32587,6,600
sibang,32812,32589,6,600
dragon,33105,32587,6,1600
dragon,33082,32593,6,1500
dragon,33084,32593,6,1500
kongra,32831,32596,6,600
kongra,32829,32598,6,600
cobra,33068,32595,6,600
cobra,33061,32597,6,600
cobra,33066,32600,6,600
cobra,33061,32603,6,600
cobra,33060,32606,6,600
cobra,33066,32606,6,600
lion,33032,32601,6,600
lion,33030,32602,6,600
lion,33031,32602,6,600
dragon,33095,32611,6,1100
dragon,33096,32613,6,1100
dragon,33098,32614,6,1100
lion,33029,32614,6,600
lion,33031,32615,6,600
scorpion,33047,32616,6,600
scorpion,33048,32616,6,600
scorpion,33047,32617,6,600
scorpion,33052,32620,6,600
cobra,33061,32618,6,600
cobra,33064,32620,6,600
cobra,33061,32621,6,600
hyaena,33037,32625,6,600
hyaena,33042,32625,6,600
hyaena,33038,32626,6,600
hyaena,33039,32626,6,600
green djinn,33038,32631,6,600
hyaena,33075,32628,6,600
hyaena,33076,32629,6,600
hyaena,33077,32630,6,600
hyaena,33078,32631,6,600
hyaena,33100,32649,6,600
hyaena,33097,32652,6,600
hyaena,33094,32653,6,600
hyaena,33099,32654,6,600
dragon,33067,32678,6,900
dragon,33070,32680,6,900
dragon,33069,32681,6,900
dragon,33049,32720,6,800
scorpion,33063,32728,6,600
scorpion,33064,32730,6,600
lizard templar,33019,32751,6,600
bat,33017,32760,6,600
bat,33019,32763,6,600
bat,33019,32766,6,600
bat,33027,32761,6,600
bat,33028,32762,6,600
bat,33027,32763,6,600
bat,33028,32763,6,600
hyaena,33036,32799,6,600
hyaena,33037,32799,6,600
lizard templar,32957,32849,6,600
lizard templar,32956,32851,6,600
lizard snakecharmer,32956,32854,6,600
lizard snakecharmer,32957,32854,6,600
winter wolf,32082,31533,7,600
winter wolf,32083,31533,7,600
winter wolf,32080,31535,7,600
winter wolf,32084,31535,7,600
winter wolf,32019,31536,7,700
winter wolf,32016,31538,7,700
winter wolf,32022,31538,7,700
rabbit,32026,31550,7,600
frost troll,31985,31558,7,800
frost troll,31983,31560,7,800
frost troll,31983,31562,7,800
frost troll,31986,31562,7,800
frost troll,31983,31565,7,800
rotworm,32800,31559,7,500
rotworm,32800,31560,7,500
rotworm,32797,31561,7,500
frost troll,32005,31567,7,600
frost troll,32001,31570,7,600
frost troll,32006,31570,7,600
frost troll,32003,31571,7,600
skeleton,32811,31573,7,600
skeleton,32812,31573,7,600
skeleton,32815,31573,7,600
scorpion,32816,31577,7,600
skeleton,32791,31576,7,600
skeleton,32792,31577,7,600
frost troll,32014,31575,7,650
frost troll,32016,31577,7,650
polar bear,32118,31577,7,600
valkyrie,32425,31577,7,600
valkyrie,32426,31577,7,600
scorpion,32813,31578,7,600
skeleton,32813,31579,7,600
skeleton,32814,31579,7,600
scorpion,32819,31579,7,600
skeleton,32805,31578,7,600
scorpion,32803,31578,7,600
scorpion,32801,31579,7,600
scorpion,32804,31582,7,600
scorpion,32790,31584,7,600
scorpion,32787,31586,7,600
scorpion,32790,31586,7,600
polar bear,32140,31584,7,650
polar bear,32141,31587,7,650
polar bear,32144,31587,7,650
amazon,32430,31585,7,600
amazon,32426,31586,7,600
amazon,32426,31588,7,600
amazon,32423,31589,7,600
rotworm,32777,31585,7,500
rotworm,32775,31586,7,500
rotworm,32778,31588,7,500
scorpion,32799,31587,7,600
scorpion,32799,31588,7,600
skeleton,32798,31589,7,600
skeleton,32801,31589,7,600
scorpion,32803,31589,7,600
scorpion,32800,31591,7,600
skeleton,32800,31592,7,600
skeleton,32817,31587,7,600
skeleton,32817,31588,7,600
deer,31973,31588,7,700
deer,31976,31592,7,700
deer,31979,31592,7,700
deer,31977,31596,7,700
skeleton,32791,31591,7,600
skeleton,32793,31593,7,600
amazon,32432,31594,7,600
amazon,32431,31596,7,600
skeleton,32804,31594,7,600
skeleton,32803,31595,7,600
scorpion,32816,31594,7,600
rotworm,32820,31594,7,500
scorpion,32819,31595,7,600
scorpion,32816,31597,7,600
rotworm,32821,31596,7,500
scorpion,32790,31598,7,600
scorpion,32790,31599,7,600
polar bear,32134,31601,7,700
polar bear,32136,31602,7,700
snake,32633,31599,7,600
snake,32635,31602,7,600
snake,32637,31604,7,600
rabbit,32410,31603,7,600
rabbit,32408,31605,7,600
rabbit,32409,31606,7,600
rotworm,32790,31607,7,500
rotworm,32792,31608,7,500
polar bear,32039,31615,7,850
spider,32514,31615,7,600
spider,32513,31618,7,600
spider,32515,31619,7,600
spider,32518,31622,7,600
spider,32517,31623,7,600
snake,32634,31615,7,600
snake,32630,31617,7,600
snake,32634,31618,7,600
snake,32636,31618,7,600
elf,32646,31618,7,400
elf,32648,31618,7,400
elf,32647,31620,7,400
bear,32425,31620,7,600
polar bear,32018,31624,7,700
polar bear,32017,31625,7,700
chicken,32488,31627,7,600
rabbit,32171,31628,7,700
rabbit,32173,31629,7,700
wolf,32454,31624,7,600
wolf,32449,31625,7,600
wolf,32457,31627,7,600
wolf,32453,31628,7,600
wolf,32454,31629,7,600
snake,32627,31629,7,600
snake,32629,31629,7,600
snake,32624,31632,7,600
purple butterfly,32714,31629,7,600
rabbit,33211,31632,7,600
rabbit,33208,31634,7,600
rabbit,33211,31634,7,600
orc warrior,32582,31639,7,500
orc spearman,32581,31640,7,400
minotaur,32598,31639,7,400
rabbit,33183,31639,7,600
rabbit,33183,31640,7,600
rabbit,33185,31641,7,600
spider,32435,31637,7,600
spider,32436,31640,7,600
spider,32436,31643,7,600
orc spearman,32579,31642,7,400
amazon,32355,31644,7,600
amazon,32353,31646,7,600
orc berserker,32590,31644,7,700
minotaur guard,32592,31644,7,600
wild warrior,33162,31644,7,600
hunter,33164,31644,7,600
hunter,33165,31644,7,600
wild warrior,33165,31645,7,600
hunter,33166,31646,7,600
wild warrior,33161,31647,7,600
hunter,33162,31648,7,600
deer,32505,31642,7,600
deer,32507,31642,7,600
deer,32505,31644,7,600
deer,32504,31645,7,600
minotaur,32584,31645,7,600
minotaur,32584,31646,7,600
minotaur,32585,31646,7,600
minotaur,32596,31642,7,600
minotaur,32596,31645,7,600
minotaur,32596,31646,7,600
wolf,32475,31647,7,600
wolf,32478,31647,7,600
wolf,32479,31650,7,600
wolf,32478,31651,7,600
purple butterfly,32680,31647,7,600
snake,32409,31648,7,600
snake,32407,31649,7,600
snake,32405,31651,7,600
snake,32406,31651,7,600
deer,33192,31644,7,600
deer,33193,31646,7,600
deer,33191,31648,7,600
deer,33190,31649,7,600
deer,33191,31653,7,600
amazon,32348,31650,7,600
amazon,32346,31652,7,600
amazon,32348,31655,7,600
minotaur,32582,31652,7,500
rabbit,32359,31659,7,600
rabbit,32363,31660,7,600
rabbit,32360,31661,7,600
wasp,32371,31664,7,600
wasp,32371,31666,7,600
wasp,32371,31668,7,600
ghoul,33216,31668,7,600
skeleton,33219,31668,7,600
ghoul,33214,31669,7,600
ghoul,33216,31669,7,600
skeleton,33220,31669,7,600
skeleton,33227,31667,7,600
skeleton,33223,31669,7,600
wolf,33106,31669,7,600
wolf,33105,31670,7,600
wolf,33103,31673,7,600
wolf,33100,31675,7,600
rabbit,33126,31673,7,600
rabbit,33126,31674,7,600
orc spearman,32581,31677,7,500
orc,32581,31678,7,400
orc spearman,32582,31679,7,500
elf,32583,31679,7,600
orc warrior,32584,31679,7,500
orc,32580,31681,7,400
orc warrior,32584,31681,7,500
orc,32581,31682,7,400
orc spearman,32585,31682,7,500
orc,32585,31683,7,400
deer,32463,31678,7,600
deer,32465,31680,7,600
deer,32462,31681,7,600
deer,32465,31681,7,600
deer,32464,31684,7,600
skeleton,32552,31680,7,600
skeleton,32550,31682,7,600
purple butterfly,32644,31681,7,600
orc,32580,31687,7,400
ghoul,33197,31682,7,600
ghoul,33199,31683,7,600
purple butterfly,33161,31683,7,1200
wolf,33162,31684,7,600
deer,32417,31683,7,600
deer,32420,31683,7,600
deer,32421,31684,7,600
deer,32419,31687,7,600
deer,33224,31683,7,600
deer,33227,31683,7,600
deer,33222,31684,7,600
deer,33224,31684,7,600
deer,33222,31687,7,600
winter wolf,31991,31680,7,650
winter wolf,31985,31685,7,650
winter wolf,31988,31685,7,650
winter wolf,31987,31687,7,650
winter wolf,31987,31688,7,650
winter wolf,31986,31690,7,650
wolf,33162,31680,7,600
wolf,33164,31680,7,600
wolf,33162,31681,7,600
wolf,33169,31686,7,600
wolf,33173,31689,7,600
wolf,33175,31690,7,600
deer,33115,31685,7,600
deer,33108,31686,7,600
deer,33111,31689,7,600
deer,33114,31691,7,600
deer,33114,31694,7,600
orc berserker,32946,31690,7,600
orc warrior,32925,31691,7,600
orc warrior,32927,31691,7,600
pig,32928,31692,7,900
pig,32927,31695,7,900
pig,32928,31695,7,900
bug,32388,31692,7,600
pig,32931,31691,7,900
pig,32929,31696,7,900
pig,32932,31696,7,900
orc spearman,32938,31692,7,600
orc spearman,32939,31693,7,600
orc spearman,32942,31693,7,600
pig,32943,31696,7,900
pig,32945,31694,7,900
pig,32947,31697,7,900
pig,32942,31698,7,900
pig,32942,31699,7,900
pig,32940,31700,7,900
wolf,33276,31695,7,600
wolf,33274,31696,7,600
wolf,33276,31696,7,600
wolf,33269,31701,7,600
wolf,33273,31701,7,600
wolf,33278,31701,7,600
wolf,33274,31703,7,600
bug,32688,31687,7,777
bug,32692,31689,7,777
bug,32692,31694,7,777
bug,32693,31696,7,777
bug,32694,31696,7,777
bug,32696,31696,7,777
bug,32698,31697,7,777
bug,32700,31699,7,777
bug,32690,31702,7,777
bug,32698,31707,7,777
rabbit,32476,31698,7,600
rabbit,32475,31700,7,600
rabbit,33160,31695,7,600
rabbit,33161,31695,7,600
rabbit,33159,31698,7,600
hunter,33210,31695,7,600
hunter,33207,31698,7,600
hunter,33208,31700,7,600
wasp,32601,31698,7,600
wasp,32602,31699,7,600
orc shaman,32917,31699,7,600
cyclops,33251,31699,7,600
orc warrior,32920,31699,7,600
orc warrior,32919,31700,7,600
orc warrior,32917,31701,7,600
pig,32933,31700,7,900
pig,32936,31703,7,900
orc rider,32933,31704,7,600
orc warrior,32938,31704,7,600
orc warrior,32938,31705,7,600
pig,32934,31707,7,900
pig,32941,31708,7,900
rabbit,33236,31701,7,600
rabbit,33235,31704,7,600
rabbit,33238,31707,7,600
wolf,32329,31700,7,700
wolf,32320,31702,7,700
wolf,32326,31703,7,700
wolf,32325,31705,7,700
wolf,32321,31706,7,700
wolf,32322,31707,7,700
wolf,32331,31709,7,700
wolf,32323,31713,7,700
bear,32290,31706,7,900
bear,32291,31706,7,900
pig,32960,31703,7,600
pig,32958,31707,7,600
pig,32962,31707,7,600
orc spearman,32961,31708,7,600
orc spearman,32963,31709,7,600
orc spearman,32961,31710,7,600
pig,32961,31711,7,600
snake,33264,31707,7,600
snake,33268,31707,7,600
snake,33265,31711,7,600
snake,33269,31711,7,600
orc spearman,32915,31706,7,600
orc,32919,31708,7,600
orc spearman,32915,31709,7,600
orc,32918,31709,7,600
pig,32918,31710,7,900
pig,32919,31710,7,900
orc,32920,31711,7,600
pig,32916,31712,7,900
pig,32922,31712,7,900
wolf,33200,31704,7,600
wolf,33204,31708,7,600
wolf,33205,31709,7,600
wolf,33201,31712,7,600
bear,33300,31708,7,600
bear,33303,31709,7,600
bear,33302,31711,7,600
pig,32913,31707,7,900
pig,32914,31707,7,900
orc spearman,32913,31709,7,600
bear,32976,31709,7,600
bear,32977,31710,7,600
bear,32974,31711,7,600
purple butterfly,32374,31710,7,1200
orc,32922,31717,7,600
orc,32923,31717,7,600
winter wolf,31993,31708,7,750
winter wolf,31991,31711,7,750
winter wolf,31988,31713,7,750
bear,32580,31711,7,500
deer,32619,31711,7,600
deer,32621,31712,7,600
deer,32622,31713,7,600
deer,32622,31715,7,600
wolf,32661,31711,7,600
wolf,32664,31712,7,600
wolf,32658,31714,7,600
wolf,32663,31715,7,600
wolf,32881,31708,7,600
wolf,32885,31710,7,600
wolf,32886,31710,7,600
wolf,32885,31712,7,600
wolf,32890,31712,7,600
wolf,32883,31714,7,600
rabbit,33107,31713,7,600
rabbit,33107,31715,7,600
bug,32852,31714,7,600
bug,32856,31714,7,600
bug,32855,31715,7,600
bug,32853,31718,7,600
pig,32945,31711,7,900
pig,32943,31712,7,900
orc spearman,32947,31713,7,600
pig,32941,31714,7,900
pig,32945,31714,7,900
orc spearman,32947,31714,7,600
orc warrior,32944,31716,7,600
bear,32977,31714,7,600
bear,32974,31715,7,600
bear,32978,31717,7,600
deer,33216,31711,7,600
deer,33217,31711,7,600
deer,33216,31715,7,600
deer,33212,31718,7,600
deer,33275,31712,7,600
deer,33271,31713,7,600
deer,33274,31715,7,600
deer,33276,31716,7,600
goblin,32496,31715,7,600
goblin,32495,31716,7,600
goblin,32496,31716,7,600
orc,32921,31719,7,600
wolf,33163,31714,7,600
wolf,33158,31717,7,600
wolf,33161,31717,7,600
wolf,33154,31719,7,600
wolf,33161,31720,7,600
wolf,33151,31721,7,600
wolf,33164,31723,7,600
troll,32233,31716,7,600
troll,32232,31718,7,600
rabbit,33198,31718,7,600
rabbit,33199,31718,7,600
rabbit,31954,31721,7,600
rabbit,31955,31723,7,600
orc spearman,32966,31720,7,600
wolf,32962,31721,7,600
wolf,32965,31721,7,600
orc shaman,32967,31721,7,600
wolf,32962,31722,7,600
orc berserker,32962,31723,7,600
orc berserker,32959,31725,7,600
wolf,32964,31725,7,600
orc shaman,32957,31726,7,600
orc spearman,32969,31718,7,600
orc spearman,32969,31721,7,600
orc berserker,32968,31723,7,600
orc berserker,32969,31723,7,600
rabbit,33201,31721,7,600
rabbit,33201,31724,7,600
bear,33229,31720,7,600
bear,33230,31722,7,600
polar bear,31964,31723,7,800
deer,32267,31721,7,600
deer,32266,31723,7,600
deer,32267,31724,7,600
orc warrior,32978,31721,7,600
orc warrior,32978,31723,7,600
orc berserker,32979,31723,7,600
orc warrior,32977,31724,7,600
orc berserker,32979,31724,7,600
goblin,32489,31724,7,600
goblin,32490,31725,7,600
orc warrior,32975,31720,7,600
orc spearman,32926,31722,7,600
orc spearman,32926,31725,7,600
orc spearman,32928,31725,7,600
pig,32932,31725,7,900
pig,32930,31727,7,900
pig,32932,31728,7,900
orc berserker,32956,31723,7,600
rabbit,33260,31724,7,600
rabbit,33263,31724,7,600
rabbit,33260,31725,7,600
pig,32933,31723,7,900
wolf,32828,31724,7,600
wolf,32830,31725,7,600
wolf,32832,31728,7,600
wolf,32828,31730,7,600
deer,32834,31733,7,600
wolf,33212,31725,7,600
wolf,33212,31726,7,600
wolf,33214,31729,7,600
wolf,33213,31732,7,600
rabbit,33298,31728,7,600
rabbit,33296,31730,7,600
polar bear,31949,31728,7,600
polar bear,31951,31731,7,600
polar bear,31954,31733,7,600
orc warrior,32971,31731,7,600
orc spearman,32972,31731,7,600
orc berserker,32969,31732,7,600
orc spearman,32970,31732,7,600
orc warrior,32971,31732,7,600
orc spearman,32971,31734,7,600
sheep,33282,31728,7,600
sheep,33279,31730,7,600
sheep,33281,31731,7,600
sheep,33288,31731,7,600
sheep,33283,31732,7,600
rabbit,32298,31728,7,750
rabbit,32303,31733,7,750
rabbit,32297,31734,7,750
rabbit,32307,31737,7,750
rabbit,32309,31737,7,750
rabbit,32298,31739,7,750
deer,32804,31733,7,600
deer,32808,31733,7,600
deer,32800,31734,7,600
deer,32806,31737,7,600
deer,32832,31735,7,600
deer,32835,31736,7,600
orc spearman,32938,31733,7,600
orc spearman,32938,31734,7,600
orc spearman,32896,31732,7,750
orc spearman,32898,31733,7,750
orc spearman,32897,31735,7,750
orc,32893,31737,7,1000
orc,32894,31737,7,1000
orc warrior,32919,31732,7,700
orc spearman,32912,31733,7,550
orc warrior,32916,31735,7,700
orc warrior,32917,31735,7,700
orc spearman,32914,31738,7,550
deer,33176,31733,7,600
deer,33180,31735,7,600
deer,33184,31737,7,600
deer,33177,31738,7,600
deer,33176,31740,7,600
orc spearman,32921,31737,7,600
orc warrior,32923,31737,7,600
orc spearman,32922,31738,7,600
orc spearman,32918,31740,7,550
orc berserker,32983,31737,7,600
orc berserker,32981,31738,7,600
deer,32404,31737,7,800
deer,32404,31738,7,800
orc leader,32903,31737,7,1600
orc warrior,32904,31737,7,700
orc leader,32903,31738,7,1600
orc warrior,32905,31738,7,700
orc warrior,32903,31741,7,700
orc warrior,32906,31741,7,700
orc spearman,32910,31735,7,550
wolf,32913,31741,7,900
orc spearman,32918,31742,7,550
wolf,32913,31743,7,900
orc spearman,32955,31738,7,600
orc warrior,32957,31738,7,600
orc warrior,32956,31739,7,600
orc spearman,32955,31740,7,600
orc warrior,32956,31740,7,600
orc warrior,32925,31739,7,600
orc warrior,32942,31738,7,600
orc warrior,32942,31739,7,600
rabbit,33269,31737,7,600
rabbit,33268,31739,7,600
orc,32849,31740,7,600
orc warrior,32851,31740,7,600
orc,32850,31741,7,600
orc warrior,32850,31742,7,600
orc,32848,31743,7,600
orc,32887,31735,7,1000
orc,32891,31740,7,1000
orc,32896,31740,7,1000
orc berserker,32894,31741,7,1000
orc berserker,32896,31743,7,1000
orc warrior,32905,31743,7,700
war wolf,32780,31739,7,600
war wolf,32783,31742,7,600
war wolf,32786,31745,7,600
bug,32877,31739,7,950
bug,32880,31739,7,950
bug,32878,31742,7,950
bug,32876,31743,7,950
bug,32876,31746,7,950
orc warrior,32968,31743,7,600
orc warrior,32965,31744,7,600
orc warrior,32964,31747,7,600
orc leader,32974,31748,7,600
orc berserker,32970,31749,7,600
orc berserker,32970,31751,7,600
bear,33189,31749,7,600
bear,33191,31749,7,600
orc warrior,32889,31750,7,600
orc warrior,32890,31750,7,600
orc spearman,32929,31750,7,600
orc spearman,32927,31752,7,600
orc spearman,32953,31750,7,600
orc berserker,32955,31751,7,600
orc spearman,32953,31752,7,600
orc berserker,32957,31752,7,600
orc spearman,32951,31753,7,600
orc berserker,32977,31747,7,600
orc berserker,32978,31750,7,600
orc berserker,32981,31752,7,600
orc spearman,32910,31751,7,600
orc spearman,32909,31752,7,600
orc spearman,32910,31753,7,600
deer,33248,31753,7,600
deer,33253,31754,7,600
deer,33250,31755,7,600
deer,33252,31759,7,600
purple butterfly,33281,31756,7,1200
orc shaman,32972,31757,7,600
elf,32968,31759,7,9999
orc shaman,32973,31759,7,600
orc shaman,32971,31760,7,600
orc berserker,32949,31758,7,600
orc berserker,32951,31760,7,600
orc shaman,32946,31761,7,600
orc shaman,32948,31761,7,600
orc shaman,32956,31760,7,600
orc shaman,32958,31760,7,600
orc warrior,32949,31764,7,600
purple butterfly,32311,31764,7,1200
orc warrior,32830,31764,7,450
orc warrior,32828,31765,7,450
orc leader,32830,31767,7,900
cyclops,32898,31764,7,600
orc warrior,32947,31766,7,600
orc warrior,32950,31767,7,600
orc spearman,32948,31768,7,600
deer,32783,31764,7,600
deer,32780,31765,7,600
deer,32783,31767,7,600
chicken,33280,31765,7,3600
orc warrior,32824,31766,7,700
orc warrior,32822,31768,7,700
orc shaman,32826,31768,7,700
orc berserker,32825,31769,7,600
orc berserker,32824,31770,7,600
orc spearman,32822,31771,7,600
orc warrior,32823,31771,7,700
orc spearman,32891,31760,7,800
orc spearman,32903,31760,7,800
orc spearman,32904,31760,7,800
orc spearman,32899,31768,7,800
orc spearman,32900,31769,7,800
orc spearman,32906,31769,7,800
orc shaman,32895,31770,7,600
orc berserker,32890,31771,7,600
orc shaman,32897,31771,7,600
orc spearman,32902,31771,7,800
orc berserker,32890,31772,7,600
orc spearman,32908,31772,7,800
orc berserker,32889,31773,7,600
orc berserker,32905,31773,7,1000
orc berserker,32905,31774,7,1000
orc spearman,32897,31775,7,800
orc berserker,32904,31775,7,1000
orc spearman,32902,31777,7,800
orc warrior,32898,31778,7,1000
orc warrior,32896,31779,7,1000
snake,32718,31768,7,600
snake,32719,31769,7,600
snake,32720,31771,7,600
chicken,32961,31769,7,3600
purple butterfly,32690,31770,7,1200
orc spearman,32947,31769,7,600
orc,32948,31769,7,600
orc,32949,31770,7,600
orc,32948,31772,7,600
orc,32952,31773,7,600
orc spearman,32953,31773,7,600
orc spearman,32951,31775,7,600
pig,32959,31771,7,600
orc spearman,32828,31773,7,500
orc spearman,32829,31773,7,500
orc spearman,32828,31774,7,500
orc spearman,32831,31775,7,500
orc spearman,32955,31766,7,600
orc spearman,32960,31775,7,600
orc spearman,32954,31776,7,600
orc spearman,32961,31780,7,600
orc,32958,31782,7,600
orc spearman,32961,31782,7,600
orc,32960,31783,7,600
orc spearman,32962,31783,7,600
troll,33128,31773,7,600
troll,33126,31774,7,600
troll,33128,31776,7,600
poison spider,32196,31772,7,600
poison spider,32200,31772,7,600
poison spider,32197,31775,7,600
rotworm,32607,31779,7,500
amazon,32472,31780,7,600
amazon,32471,31781,7,600
amazon,32470,31782,7,600
valkyrie,32474,31783,7,600
amazon,32474,31784,7,600
troll,33117,31780,7,600
troll,33118,31781,7,600
troll,33120,31781,7,600
wolf,32767,31781,7,600
wolf,32769,31782,7,600
wolf,32764,31783,7,600
wolf,32768,31783,7,600
wolf,32773,31783,7,600
orc shaman,32913,31782,7,900
orc shaman,32915,31782,7,900
orc shaman,32912,31783,7,900
orc berserker,32916,31785,7,600
orc berserker,32936,31779,7,1000
orc berserker,32933,31783,7,1000
orc berserker,32938,31784,7,1000
orc berserker,32937,31785,7,1000
orc berserker,32929,31786,7,1000
orc warrior,32974,31780,7,600
orc warrior,32977,31783,7,600
orc warrior,32973,31784,7,600
orc warrior,32978,31786,7,600
pig,32875,31783,7,990
orc spearman,32876,31783,7,750
orc spearman,32874,31785,7,750
orc berserker,32876,31787,7,1200
pig,32877,31788,7,990
orc leader,32907,31785,7,600
orc berserker,32917,31784,7,600
orc,32944,31786,7,600
goblin,32596,31787,7,600
goblin,32598,31788,7,600
goblin,32597,31790,7,600
pig,32603,31787,7,1200
chicken,32923,31787,7,3600
chicken,32925,31789,7,3600
snake,33089,31787,7,600
snake,33090,31790,7,600
snake,33091,31790,7,600
rat,32195,31786,7,600
rat,32196,31788,7,600
orc berserker,32874,31789,7,1200
orc berserker,32878,31789,7,1200
orc berserker,32881,31789,7,1200
pig,32874,31790,7,990
pig,32875,31791,7,990
pig,32878,31782,7,990
pig,32870,31788,7,990
pig,32869,31795,7,990
pig,32876,31797,7,990
orc berserker,32967,31789,7,600
orc berserker,32972,31789,7,600
orc berserker,32967,31790,7,600
orc berserker,32972,31792,7,600
orc berserker,32969,31793,7,600
goblin,32576,31794,7,1200
goblin,32576,31795,7,1200
snake,32577,31795,7,600
goblin,32576,31796,7,1200
snake,32574,31797,7,600
goblin,32574,31798,7,1200
snake,32576,31798,7,600
orc berserker,32890,31794,7,600
orc leader,32946,31793,7,600
orc leader,32946,31794,7,600
orc,32934,31795,7,600
orc,32932,31796,7,600
dog,33180,31796,7,600
rat,32189,31797,7,600
rat,32190,31799,7,600
rabbit,32705,31797,7,600
rabbit,32705,31798,7,600
rabbit,32707,31798,7,600
rabbit,32232,31796,7,600
rabbit,32232,31798,7,600
rabbit,32233,31799,7,600
pig,32353,31799,7,1000
chicken,32351,31800,7,3600
pig,32354,31800,7,1000
deer,33294,31797,7,600
deer,33293,31798,7,600
deer,33290,31799,7,600
deer,33291,31803,7,600
deer,32739,31798,7,600
spider,32739,31799,7,600
spider,32742,31800,7,600
spider,32741,31802,7,600
spider,32739,31804,7,600
snake,32847,31797,7,600
snake,32847,31799,7,600
snake,32848,31800,7,600
snake,32851,31800,7,600
sheep,32262,31796,7,800
sheep,32265,31797,7,800
sheep,32260,31798,7,800
sheep,32262,31802,7,800
sheep,32266,31802,7,800
dog,32263,31803,7,800
sheep,32256,31805,7,800
cave rat,32211,31801,7,600
cave rat,32209,31803,7,600
cave rat,32210,31803,7,600
deer,32731,31803,7,600
deer,32736,31803,7,600
deer,32733,31806,7,600
deer,32734,31808,7,600
orc berserker,32977,31802,7,600
orc berserker,32978,31803,7,600
orc warrior,32975,31805,7,600
rat,32216,31802,7,600
rat,32214,31804,7,600
orc warrior,32907,31804,7,600
orc warrior,32907,31806,7,600
rabbit,32454,31804,7,600
rabbit,32453,31805,7,600
rabbit,32453,31807,7,600
spider,32576,31805,7,600
spider,32574,31807,7,600
troll,32679,31805,7,600
troll,32679,31807,7,600
troll,32680,31808,7,600
orc berserker,32903,31805,7,600
orc warrior,32938,31802,7,600
orc warrior,32938,31805,7,600
orc warrior,32937,31808,7,600
orc warrior,32974,31805,7,600
deer,33254,31804,7,600
deer,33254,31805,7,600
poison spider,32183,31808,7,600
poison spider,32181,31809,7,600
deer,32707,31805,7,600
deer,32705,31806,7,600
deer,32703,31808,7,600
deer,32703,31810,7,600
deer,32708,31814,7,600
rabbit,33273,31809,7,900
rabbit,33270,31811,7,900
rabbit,33273,31812,7,900
rabbit,33269,31815,7,900
purple butterfly,33115,31813,7,1800
purple butterfly,33116,31815,7,1800
rabbit,33293,31813,7,600
rabbit,33296,31813,7,600
rabbit,33298,31814,7,600
rabbit,32683,31814,7,600
rabbit,32684,31814,7,600
rat,32227,31815,7,600
rat,32228,31816,7,600
wolf,33096,31813,7,600
wolf,33096,31815,7,600
wolf,33093,31816,7,600
wolf,33095,31816,7,600
deer,33111,31813,7,600
deer,33106,31814,7,600
deer,33108,31815,7,600
deer,33106,31816,7,600
purple butterfly,32322,31816,7,1200
goblin,32530,31815,7,600
goblin,32527,31816,7,600
goblin,32530,31816,7,600
goblin,32526,31817,7,600
goblin,32527,31817,7,600
deer,32839,31812,7,600
deer,32843,31816,7,600
deer,32839,31818,7,600
deer,32843,31820,7,600
spider,33288,31815,7,600
spider,33291,31815,7,600
spider,33290,31818,7,600
spider,33286,31820,7,600
rat,32192,31817,7,600
rat,32190,31819,7,600
rat,32193,31822,7,600
deer,32942,31819,7,600
deer,32945,31821,7,600
deer,32939,31822,7,600
goblin,32561,31819,7,600
goblin,32562,31820,7,600
goblin,32562,31821,7,600
rabbit,32879,31823,7,600
rabbit,32882,31823,7,600
rabbit,32880,31825,7,600
poison spider,32242,31823,7,600
poison spider,32242,31824,7,600
poison spider,32242,31826,7,600
rotworm,32727,31824,7,500
rotworm,32726,31825,7,500
deer,32799,31826,7,600
deer,32799,31827,7,600
deer,32800,31829,7,600
wasp,32842,31826,7,600
wasp,32843,31827,7,600
goblin,32607,31825,7,600
goblin,32605,31828,7,600
goblin,32609,31828,7,600
goblin,32607,31830,7,600
deer,32903,31826,7,600
deer,32905,31828,7,600
deer,32906,31828,7,600
poison spider,32205,31827,7,600
poison spider,32207,31829,7,600
poison spider,32210,31830,7,600
poison spider,32210,31831,7,600
cave rat,32243,31833,7,600
cave rat,32243,31834,7,600
wild warrior,32467,31834,7,600
wild warrior,32470,31834,7,600
wild warrior,32471,31836,7,600
rotworm,32585,31832,7,500
rotworm,32586,31834,7,500
wolf,32849,31834,7,500
bug,33127,31832,7,600
bug,33129,31834,7,600
bug,33131,31835,7,600
bug,33135,31839,7,600
cave rat,32181,31842,7,600
cave rat,32184,31842,7,600
cave rat,32185,31842,7,600
cave rat,32184,31845,7,600
dog,33211,31845,7,600
wolf,32815,31845,7,500
wolf,32814,31847,7,500
wolf,32816,31848,7,500
wolf,32818,31848,7,500
deer,32817,31851,7,600
deer,32816,31852,7,600
wolf,32925,31847,7,500
wolf,32930,31847,7,500
wolf,32934,31847,7,500
wolf,32933,31849,7,500
wolf,32934,31849,7,500
deer,32736,31847,7,600
deer,32731,31848,7,600
deer,32732,31848,7,600
deer,32729,31849,7,600
wolf,32921,31846,7,500
wolf,32922,31848,7,500
goblin,33099,31848,7,600
goblin,33100,31849,7,600
goblin,33101,31849,7,600
goblin,33108,31849,7,600
goblin,33109,31849,7,600
snake,33145,31851,7,600
poison spider,33149,31851,7,600
poison spider,33148,31853,7,600
poison spider,33150,31854,7,600
poison spider,32229,31851,7,600
poison spider,32229,31852,7,600
deer,32819,31853,7,600
deer,32815,31857,7,600
snake,33141,31854,7,600
snake,33142,31855,7,600
orc,33144,31855,7,600
snake,33138,31856,7,600
bear,32476,31853,7,700
bear,32474,31855,7,700
bear,32477,31856,7,700
deer,32692,31855,7,600
deer,32695,31855,7,600
deer,32694,31857,7,600
deer,32697,31861,7,600
deer,33156,31858,7,600
deer,33160,31858,7,600
deer,33163,31859,7,600
deer,33164,31862,7,600
deer,33157,31863,7,600
deer,32553,31859,7,800
deer,32553,31861,7,800
deer,32551,31862,7,800
slime,32214,31861,7,600
rabbit,32753,31857,7,600
rabbit,32748,31861,7,600
rabbit,32753,31861,7,600
rabbit,32750,31862,7,600
rabbit,32753,31863,7,600
cave rat,32229,31861,7,600
cave rat,32232,31863,7,600
cave rat,32233,31865,7,600
rabbit,33269,31863,7,600
rabbit,33271,31865,7,600
bear,32793,31862,7,600
bear,32793,31864,7,600
hunter,32794,31866,7,600
deer,32552,31866,7,800
deer,32549,31867,7,800
deer,32549,31868,7,800
snake,32639,31867,7,600
wolf,32640,31867,7,500
poison spider,33170,31867,7,600
poison spider,33162,31868,7,600
poison spider,33164,31868,7,600
poison spider,33167,31869,7,600
poison spider,33173,31872,7,600
deer,33160,31873,7,600
poison spider,33161,31874,7,600
deer,32674,31868,7,600
deer,32668,31869,7,600
deer,32670,31872,7,600
deer,32671,31873,7,600
deer,32676,31874,7,600
rabbit,32683,31873,7,600
rabbit,32683,31874,7,600
wolf,32645,31868,7,500
wolf,32642,31872,7,500
wolf,32645,31872,7,500
wolf,32647,31874,7,500
wolf,32651,31875,7,500
wolf,32650,31876,7,500
purple butterfly,32524,31875,7,1200
deer,33157,31873,7,600
deer,33157,31875,7,600
orc,33147,31875,7,600
orc warrior,33148,31876,7,600
orc spearman,33148,31877,7,600
orc,33149,31877,7,600
orc spearman,33151,31876,7,600
orc spearman,33151,31879,7,600
orc,33148,31880,7,600
wolf,32742,31875,7,500
wolf,32743,31875,7,500
wolf,32744,31875,7,500
wolf,32741,31877,7,500
wolf,32746,31879,7,500
wolf,32739,31882,7,500
orc,33183,31874,7,600
orc,33183,31876,7,600
orc,33180,31877,7,600
orc spearman,33181,31877,7,600
orc,33177,31878,7,600
orc warrior,33183,31878,7,600
orc warrior,33184,31878,7,600
orc spearman,33181,31879,7,600
purple butterfly,33323,31878,7,1800
purple butterfly,33321,31879,7,1800
snake,32707,31876,7,600
snake,32705,31880,7,600
snake,32709,31880,7,600
snake,32710,31880,7,600
rabbit,32533,31882,7,600
rabbit,32533,31883,7,600
rabbit,32534,31885,7,600
bear,32560,31886,7,600
rabbit,32803,31883,7,600
rabbit,32801,31886,7,600
rabbit,32804,31889,7,600
poison spider,33139,31887,7,600
poison spider,33140,31887,7,600
poison spider,33142,31889,7,600
chicken,33323,31888,7,3600
snake,32612,31887,7,600
snake,32611,31889,7,600
snake,32613,31889,7,600
snake,32614,31892,7,600
snake,32839,31891,7,600
snake,32837,31894,7,600
snake,32834,31895,7,600
snake,32839,31895,7,600
deer,32714,31893,7,600
deer,32714,31895,7,600
deer,32712,31897,7,600
rabbit,32700,31893,7,600
rabbit,32705,31895,7,600
rabbit,32705,31897,7,600
rabbit,32705,31898,7,600
rabbit,32701,31900,7,600
poison spider,33180,31897,7,600
poison spider,33181,31897,7,600
poison spider,33179,31898,7,600
poison spider,33181,31900,7,600
orc spearman,33183,31900,7,600
orc spearman,33182,31901,7,600
orc warrior,33166,31898,7,600
orc warrior,33168,31899,7,600
orc warrior,33163,31901,7,600
snake,32503,31897,7,600
snake,32505,31899,7,600
snake,32504,31900,7,600
wolf,32516,31896,7,500
wolf,32520,31897,7,500
wolf,32521,31901,7,500
wolf,32525,31902,7,500
wolf,32525,31906,7,500
dragon,32650,31901,7,1800
orc spearman,33182,31904,7,600
deer,32549,31902,7,600
deer,32547,31905,7,600
deer,32548,31908,7,600
rabbit,33214,31904,7,600
rabbit,33215,31905,7,600
bear,32793,31906,7,600
bear,32791,31907,7,600
rabbit,32803,31905,7,600
rabbit,32805,31908,7,600
rabbit,32804,31909,7,600
rabbit,32702,31910,7,600
rabbit,32701,31911,7,600
snake,32509,31908,7,600
snake,32509,31911,7,600
snake,32509,31914,7,600
snake,32511,31915,7,600
amazon,32853,31909,7,600
amazon,32853,31911,7,600
dwarf,32539,31913,7,600
dwarf,32540,31914,7,600
bear,32779,31913,7,600
bear,32780,31914,7,600
rabbit,32676,31913,7,600
rabbit,32677,31913,7,600
rabbit,32676,31915,7,600
amazon,32837,31917,7,600
amazon,32836,31919,7,600
amazon,32846,31918,7,600
amazon,32846,31919,7,600
pig,32159,31924,7,9000
pig,32161,31924,7,9000
rabbit,32752,31921,7,600
rabbit,32749,31924,7,600
rabbit,32748,31926,7,600
amazon,32834,31921,7,600
amazon,32831,31924,7,600
amazon,32831,31927,7,600
amazon,32854,31921,7,600
amazon,32857,31924,7,600
amazon,32859,31925,7,600
poison spider,32529,31925,7,600
poison spider,32526,31926,7,600
poison spider,32527,31928,7,600
bear,32666,31930,7,600
poison spider,32554,31929,7,600
poison spider,32551,31930,7,600
poison spider,32552,31931,7,600
poison spider,32549,31932,7,600
amazon,32871,31931,7,600
spider,32591,31931,7,600
spider,32590,31933,7,600
spider,32591,31935,7,600
amazon,32842,31933,7,600
amazon,32843,31935,7,600
amazon,32819,31934,7,600
amazon,32820,31934,7,600
amazon,32833,31935,7,600
purple butterfly,32311,31936,7,600
amazon,32867,31937,7,600
amazon,32867,31938,7,600
red butterfly,32322,31938,7,600
wasp,32682,31940,7,600
bear,32503,31942,7,700
bear,32505,31943,7,700
bear,32505,31945,7,700
poison spider,32517,31943,7,600
poison spider,32514,31945,7,600
poison spider,32518,31945,7,600
snake,32543,31943,7,600
snake,32545,31943,7,600
wasp,32740,31938,7,600
wasp,32742,31938,7,600
wasp,32744,31939,7,600
wasp,32741,31943,7,600
wasp,32738,31944,7,600
purple butterfly,32773,31942,7,900
purple butterfly,32773,31943,7,900
blue butterfly,32316,31944,7,600
dog,32180,31949,7,600
troll,32668,31946,7,600
troll,32666,31949,7,600
troll,32665,31952,7,600
rabbit,33325,31950,7,600
minotaur guard,32462,31952,7,600
minotaur archer,32463,31952,7,600
minotaur guard,32464,31952,7,600
minotaur archer,32463,31954,7,600
bear,32532,31952,7,700
bear,32534,31953,7,700
slime,32782,31952,7,500
rabbit,32159,31953,7,600
rabbit,32161,31954,7,600
minotaur,32453,31953,7,600
minotaur,32451,31954,7,600
minotaur,32454,31954,7,600
scorpion,32718,31952,7,600
scorpion,32721,31952,7,600
scorpion,32721,31954,7,600
scorpion,32767,31954,7,600
scorpion,32768,31956,7,600
bug,32485,31958,7,800
bug,32483,31960,7,800
wolf,32583,31952,7,500
wolf,32581,31955,7,500
wolf,32576,31956,7,500
wolf,32575,31957,7,500
wolf,32578,31957,7,500
wolf,32579,31958,7,500
wolf,32575,31960,7,500
wolf,32570,31965,7,500
wolf,32571,31965,7,500
troll,32658,31958,7,400
troll,32658,31962,7,600
troll,32653,31963,7,400
troll,32656,31963,7,400
troll,32659,31963,7,400
troll,32659,31964,7,400
troll,32661,31965,7,600
troll,32660,31969,7,600
snake,32661,31969,7,600
snake,32710,31964,7,600
snake,32711,31964,7,600
troll,32666,31962,7,600
troll,32665,31964,7,600
troll,32667,31965,7,700
wasp,32694,31965,7,600
deer,32545,31966,7,600
deer,32547,31968,7,600
deer,32547,31969,7,600
deer,32543,31970,7,600
skeleton,32754,31966,7,700
troll,32668,31967,7,700
snake,32808,31964,7,600
snake,32806,31967,7,600
snake,32808,31968,7,600
snake,32807,31969,7,600
snake,32853,31970,7,600
snake,32852,31973,7,600
snake,32853,31973,7,600
snake,32643,31970,7,500
snake,32645,31972,7,500
snake,32644,31974,7,500
snake,32644,31975,7,500
witch,32789,31973,7,800
witch,32790,31974,7,800
snake,32662,31974,7,600
snake,32662,31975,7,600
snake,32663,31977,7,600
snake,32665,31977,7,600
giant spider,32770,31977,7,600
wasp,33345,31972,7,650
wasp,33345,31976,7,650
wasp,33348,31978,7,650
wasp,33349,31978,7,650
wasp,33354,31983,7,650
wasp,33351,31984,7,650
wasp,33348,31985,7,650
snake,32635,31980,7,600
snake,32633,31981,7,600
wasp,32748,31979,7,600
wasp,32748,31981,7,600
wolf,32528,31981,7,650
wolf,32524,31982,7,650
wolf,32526,31983,7,650
wolf,32523,31985,7,650
wolf,32551,31977,7,600
wolf,32546,31978,7,600
wolf,32546,31979,7,600
wolf,32550,31982,7,600
wolf,32552,31985,7,600
wasp,32741,31985,7,600
poison spider,32704,31986,7,600
poison spider,32704,31988,7,600
poison spider,32702,31989,7,600
poison spider,32703,31989,7,600
spider,32703,31991,7,600
spider,32704,31991,7,600
minotaur,32446,31983,7,600
minotaur,32449,31984,7,600
minotaur,32450,31987,7,600
minotaur,32449,31988,7,600
wasp,32688,31989,7,600
slime,32798,31991,7,600
bug,32797,31992,7,700
rabbit,33268,31991,7,600
rabbit,33268,31992,7,600
dwarf,32524,31991,7,600
dwarf,32527,31992,7,600
dwarf,32526,31993,7,600
slime,32731,31992,7,600
bug,32794,31990,7,700
bug,32800,31994,7,700
dwarf soldier,32482,31989,7,750
dwarf soldier,32488,31989,7,750
dwarf soldier,32478,31993,7,750
dwarf soldier,32483,31994,7,750
wolf,32490,31995,7,500
dwarf soldier,32484,31998,7,750
dwarf soldier,32479,31999,7,750
bear,32826,31996,7,600
wolf,32423,31996,7,500
wolf,32428,31996,7,500
wolf,32415,31997,7,500
wolf,32426,31997,7,500
wolf,32421,31999,7,500
wolf,32426,32002,7,500
wolf,32422,32004,7,500
purple butterfly,32445,31999,7,1200
wolf,32499,31993,7,500
wolf,32497,31997,7,500
wolf,32496,31999,7,500
wolf,32501,32004,7,500
wolf,32502,32004,7,500
snake,32750,31999,7,600
scorpion,32392,31999,7,600
scorpion,32389,32000,7,600
scorpion,32391,32000,7,600
rabbit,32646,31998,7,700
rabbit,32649,32001,7,700
rabbit,32651,32004,7,700
deer,32401,31997,7,700
deer,32401,31999,7,700
deer,32399,32000,7,700
deer,32397,32002,7,700
deer,32401,32002,7,700
minotaur archer,32430,32001,7,600
minotaur archer,32431,32002,7,600
minotaur archer,32433,32004,7,600
snake,32820,32002,7,600
snake,32818,32004,7,600
beholder,32770,32003,7,900
beholder,32718,32006,7,500
wasp,32784,32005,7,600
wasp,32786,32007,7,600
wasp,32786,32008,7,600
wasp,32783,32009,7,600
wasp,32786,32012,7,600
wasp,32787,32012,7,600
bear,32456,32008,7,600
bear,32458,32010,7,600
snake,33010,32006,7,600
snake,33013,32007,7,600
snake,33011,32008,7,600
snake,33015,32011,7,600
wolf,32541,32006,7,800
wolf,32540,32009,7,800
wolf,32542,32012,7,800
wolf,32590,32004,7,700
wolf,32591,32005,7,700
wolf,32591,32009,7,700
wolf,32598,32010,7,700
wolf,32597,32011,7,700
wolf,32593,32017,7,700
wolf,32600,32018,7,700
wolf,32643,32010,7,900
wolf,32640,32011,7,900
wolf,32639,32014,7,900
wolf,32640,32014,7,900
rabbit,33027,32012,7,600
rabbit,33029,32013,7,600
snake,33041,32010,7,600
snake,33040,32012,7,600
purple butterfly,33336,32012,7,1200
snake,32393,32012,7,600
snake,32397,32013,7,600
snake,32396,32014,7,600
bug,32723,32014,7,600
deer,32435,32013,7,600
deer,32434,32015,7,600
deer,32436,32017,7,600
deer,32431,32019,7,600
hunter,32482,32015,7,1000
hunter,32483,32017,7,1000
witch,32763,32015,7,700
deer,32845,32016,7,600
bug,32886,32013,7,600
bug,32886,32014,7,600
bug,32885,32016,7,600
bug,32882,32019,7,600
bug,32885,32021,7,600
bug,32880,32022,7,600
spider,32775,32017,7,600
swamp troll,32808,32014,7,600
swamp troll,32814,32014,7,600
swamp troll,32811,32017,7,600
rabbit,32837,32018,7,600
rabbit,32838,32019,7,600
spider,32677,32020,7,600
spider,32676,32021,7,600
deer,32855,32017,7,600
deer,32851,32020,7,600
deer,32852,32020,7,600
deer,32848,32022,7,600
bug,32853,32024,7,600
bug,32850,32025,7,600
spider,33332,32018,7,600
spider,33334,32020,7,600
snake,32363,32023,7,600
snake,32366,32023,7,600
snake,32363,32026,7,600
snake,33061,32023,7,600
snake,33060,32024,7,600
orc,33060,32026,7,600
bear,32456,32023,7,600
bear,32454,32024,7,600
bear,32455,32026,7,600
orc,33059,32027,7,600
snake,33061,32027,7,600
orc spearman,33056,32030,7,600
snake,33063,32028,7,600
rabbit,33353,32026,7,900
rabbit,33349,32027,7,900
rabbit,33351,32027,7,900
bug,32850,32028,7,600
bug,32844,32029,7,600
bug,32851,32031,7,600
bug,32855,32032,7,600
purple butterfly,33274,32030,7,1800
elf scout,32439,32031,7,600
elf,32442,32031,7,600
elf scout,32438,32032,7,600
elf arcanist,32437,32034,7,800
elf,32443,32032,7,600
elf,32443,32033,7,600
wolf,32491,32032,7,600
wolf,32493,32033,7,600
wolf,32488,32034,7,600
wolf,32492,32036,7,600
wolf,32497,32038,7,600
snake,33052,32032,7,600
snake,33053,32034,7,600
snake,33055,32036,7,600
snake,32768,32035,7,600
snake,32769,32035,7,600
snake,33272,32032,7,800
snake,33275,32032,7,800
snake,33272,32035,7,800
war wolf,32321,32036,7,600
war wolf,32318,32037,7,600
war wolf,32321,32037,7,600
orc rider,32320,32038,7,600
orc rider,32323,32038,7,600
war wolf,32319,32039,7,600
orc rider,32321,32039,7,600
war wolf,32334,32036,7,600
war wolf,32336,32036,7,600
orc berserker,32333,32037,7,600
orc spearman,32332,32038,7,600
orc warrior,32330,32034,7,600
orc warrior,32330,32035,7,600
orc warrior,32327,32037,7,600
orc spearman,32329,32041,7,600
deer,33307,32033,7,700
deer,33306,32034,7,700
deer,33304,32035,7,700
deer,33307,32037,7,700
rat,32805,32036,7,600
rat,32804,32038,7,600
rat,32804,32040,7,600
rat,32785,32038,7,600
rat,32788,32038,7,600
rat,32788,32039,7,600
orc spearman,32331,32042,7,600
snake,33037,32040,7,600
snake,33036,32041,7,600
snake,33038,32041,7,600
snake,32463,32042,7,600
rat,32817,32041,7,600
rat,32816,32042,7,600
rabbit,32666,32044,7,600
rabbit,32666,32046,7,600
rabbit,32844,32042,7,600
rabbit,32846,32042,7,600
rabbit,32847,32045,7,600
rabbit,32848,32049,7,600
snake,32734,32046,7,600
snake,32739,32046,7,600
snake,32737,32047,7,600
snake,32734,32051,7,600
wolf,32622,32046,7,700
wolf,32626,32046,7,700
wolf,32625,32048,7,700
wolf,32629,32049,7,700
wolf,32621,32052,7,700
cyclops,32464,32046,7,600
cyclops,32464,32049,7,600
cyclops,32469,32050,7,600
cyclops,32460,32051,7,600
cyclops,32462,32055,7,600
cyclops,32463,32055,7,600
wolf,32208,32048,7,650
wolf,32212,32049,7,650
wolf,32211,32050,7,650
elf scout,32443,32050,7,600
elf,32440,32051,7,600
elf scout,32442,32051,7,600
elf,32438,32051,7,600
rat,32298,32054,7,700
snake,33063,32052,7,600
snake,33062,32054,7,600
snake,33061,32055,7,600
rabbit,32422,32052,7,600
rabbit,32421,32055,7,600
rabbit,32423,32056,7,600
rabbit,32818,32057,7,600
rabbit,32815,32059,7,600
rabbit,32817,32059,7,600
wolf,32601,32056,7,650
wolf,32602,32058,7,650
amazon,32769,32057,7,600
amazon,32769,32059,7,600
rabbit,33052,32059,7,600
rabbit,33053,32059,7,600
sheep,32255,32059,7,850
chicken,32256,32060,7,1600
sheep,32253,32061,7,850
sheep,32254,32061,7,850
chicken,32256,32062,7,1600
chicken,32238,32062,7,3600
chicken,32240,32063,7,3600
cyclops,32522,32065,7,800
cyclops,32523,32066,7,800
cyclops,32524,32067,7,800
bug,32701,32063,7,550
bug,32702,32065,7,550
snake,32783,32065,7,600
snake,32786,32066,7,600
snake,32782,32067,7,600
wolf,32786,32069,7,650
lion,32651,32066,7,700
lion,32648,32068,7,700
lion,32652,32068,7,700
lion,32643,32069,7,700
lion,32643,32070,7,700
amazon,32762,32065,7,600
amazon,32762,32066,7,600
amazon,32759,32068,7,600
poison spider,32481,32070,7,800
poison spider,32482,32070,7,800
poison spider,32477,32072,7,800
poison spider,32479,32073,7,800
poison spider,32479,32074,7,800
wolf,32380,32067,7,600
wolf,32379,32068,7,600
wolf,32377,32071,7,600
deer,32380,32071,7,600
wolf,32382,32072,7,600
wolf,32378,32073,7,600
deer,32379,32073,7,600
snake,32379,32075,7,900
cyclops,32453,32064,7,400
cyclops,32456,32066,7,400
cyclops,32451,32067,7,400
cyclops,32453,32068,7,400
cyclops,32456,32071,7,400
cyclops,32451,32072,7,400
cyclops,32454,32074,7,400
cyclops,32462,32076,7,400
wolf,32799,32069,7,650
wolf,32791,32070,7,650
wolf,32792,32071,7,650
wolf,32794,32073,7,650
wolf,32797,32074,7,650
wolf,32796,32075,7,650
snake,32849,32070,7,600
snake,32852,32071,7,600
snake,32850,32073,7,600
bear,32313,32073,7,600
bear,32315,32073,7,600
bear,32314,32074,7,600
snake,32862,32069,7,600
snake,32860,32071,7,600
snake,32861,32073,7,600
snake,32861,32075,7,600
bear,32331,32073,7,600
bear,32332,32074,7,600
wolf,32582,32071,7,800
wolf,32584,32073,7,800
wolf,32585,32073,7,800
wolf,32581,32074,7,800
wolf,32578,32076,7,800
wolf,32584,32077,7,800
snake,33094,32071,7,600
snake,33095,32072,7,600
snake,33093,32075,7,600
snake,33088,32077,7,600
snake,33089,32079,7,600
snake,33087,32078,7,600
bug,32213,32078,7,600
bug,32215,32079,7,600
deer,32385,32075,7,600
deer,32380,32078,7,600
snake,32385,32078,7,900
deer,32377,32079,7,600
snake,32385,32084,7,900
deer,32379,32085,7,600
deer,32369,32086,7,600
deer,32384,32087,7,600
snake,33052,32076,7,600
snake,33054,32076,7,600
snake,33048,32078,7,600
snake,33050,32079,7,600
snake,32391,32075,7,900
snake,32394,32080,7,900
snake,32387,32082,7,900
snake,32392,32086,7,900
snake,32384,32090,7,900
snake,32833,32083,7,600
snake,32831,32084,7,600
spider,32274,32084,7,700
spider,32273,32085,7,700
snake,32647,32083,7,600
snake,32649,32084,7,600
snake,32649,32087,7,600
bug,32851,32082,7,600
bug,32851,32084,7,600
deer,32729,32080,7,650
deer,32737,32084,7,650
deer,32733,32085,7,650
deer,32728,32086,7,650
deer,32733,32089,7,650
snake,32247,32086,7,850
snake,32246,32087,7,850
deer,32214,32085,7,700
deer,32213,32086,7,700
deer,32216,32087,7,700
deer,32220,32090,7,700
rabbit,33074,32084,7,600
rabbit,33076,32087,7,600
rabbit,33074,32089,7,600
snake,33075,32089,7,600
lion,32685,32089,7,650
lion,32684,32090,7,650
purple butterfly,33063,32090,7,900
purple butterfly,33063,32092,7,900
spider,32057,32088,7,600
spider,32058,32088,7,600
spider,32059,32091,7,600
bear,32435,32089,7,600
bear,32436,32091,7,600
wolf,32083,32089,7,400
wolf,32086,32092,7,400
wolf,32087,32092,7,400
wolf,32086,32094,7,400
snake,33073,32092,7,600
snake,33075,32093,7,600
bear,32323,32096,7,600
bear,32326,32096,7,600
bear,32322,32097,7,600
bear,32326,32097,7,600
bear,32322,32101,7,600
bear,32326,32101,7,600
wolf,32069,32095,7,400
wolf,32065,32097,7,400
wolf,32066,32097,7,400
rabbit,32723,32097,7,600
rabbit,32724,32099,7,600
snake,32845,32098,7,600
snake,32848,32098,7,600
snake,32845,32101,7,600
spider,32044,32099,7,500
spider,32046,32099,7,500
spider,32043,32100,7,500
cave rat,32211,32097,7,600
cave rat,32209,32099,7,600
cave rat,32209,32100,7,600
cave rat,32208,32104,7,600
poison spider,32250,32101,7,750
poison spider,32253,32102,7,750
poison spider,32253,32103,7,750
spider,32234,32104,7,600
spider,32236,32105,7,600
spider,32236,32107,7,600
poison spider,32751,32102,7,600
poison spider,32754,32104,7,600
poison spider,32751,32105,7,600
deer,32056,32104,7,400
deer,32060,32105,7,400
deer,32058,32107,7,400
deer,32061,32107,7,400
deer,32066,32111,7,400
snake,33112,32107,7,600
snake,33111,32110,7,600
snake,33114,32110,7,600
deer,32021,32108,7,450
deer,32024,32109,7,450
deer,32026,32111,7,450
deer,32027,32112,7,450
rat,32966,32110,7,600
troll,32077,32111,7,700
deer,32323,32110,7,400
deer,32327,32110,7,400
deer,32319,32112,7,400
deer,32324,32112,7,400
deer,32328,32113,7,400
snake,32734,32109,7,600
snake,32735,32110,7,600
snake,32733,32112,7,600
snake,32734,32116,7,600
snake,33052,32112,7,600
snake,33049,32114,7,600
snake,33047,32115,7,600
wolf,32417,32114,7,450
snake,32416,32115,7,600
skeleton,32563,32116,7,700
skeleton,32562,32117,7,700
skeleton,32560,32119,7,700
snake,32222,32114,7,600
snake,32227,32114,7,600
snake,32219,32117,7,600
snake,32223,32117,7,600
snake,32734,32117,7,600
purple butterfly,32387,32119,7,1200
skeleton,32562,32121,7,700
valkyrie,32286,32120,7,600
wolf,32418,32119,7,450
wolf,32419,32120,7,450
wolf,32414,32121,7,450
wolf,32423,32121,7,450
wolf,32421,32123,7,450
dog,32490,32120,7,600
snake,33090,32118,7,600
snake,33090,32121,7,600
snake,33092,32122,7,600
wolf,32033,32118,7,350
wolf,32035,32122,7,350
wolf,32034,32123,7,350
wolf,32035,32125,7,350
snake,33037,32123,7,600
snake,33040,32123,7,600
snake,33041,32124,7,600
snake,33061,32122,7,600
snake,33062,32125,7,600
snake,33062,32128,7,600
rabbit,33072,32125,7,600
rabbit,33072,32127,7,600
snake,33117,32125,7,600
snake,33115,32127,7,600
snake,33112,32128,7,600
snake,33111,32130,7,600
bear,32009,32126,7,500
bear,32010,32128,7,500
scorpion,32644,32126,7,650
scorpion,32642,32129,7,650
scorpion,32643,32131,7,650
scorpion,32638,32132,7,650
scorpion,32642,32132,7,650
deer,32126,32130,7,600
deer,32128,32130,7,600
wild warrior,32290,32130,7,600
snake,32423,32130,7,600
lion,32652,32127,7,750
lion,32653,32130,7,750
lion,32654,32131,7,750
wolf,32318,32127,7,100
wolf,32328,32127,7,100
wolf,32323,32131,7,100
wolf,32318,32134,7,100
wolf,32321,32134,7,100
wolf,32318,32137,7,100
wolf,32316,32138,7,100
wolf,32327,32138,7,100
deer,32075,32129,7,500
deer,32069,32131,7,500
deer,32071,32133,7,500
deer,32074,32134,7,500
snake,32089,32133,7,600
snake,32089,32134,7,600
lion,32687,32133,7,700
lion,32686,32134,7,700
lion,32688,32136,7,700
snake,32849,32131,7,600
snake,32849,32133,7,600
orc spearman,31982,32134,7,600
lion,32616,32128,7,650
lion,32608,32129,7,650
lion,32617,32130,7,650
lion,32613,32134,7,650
lion,32610,32139,7,650
lion,32608,32140,7,650
orc,31985,32135,7,400
orc,31985,32136,7,400
snake,32114,32136,7,300
snake,32114,32137,7,300
snake,32255,32137,7,600
snake,32255,32139,7,600
snake,32256,32139,7,600
bug,32581,32131,7,550
bug,32584,32135,7,550
bug,32578,32137,7,550
bug,32579,32137,7,550
bug,32584,32138,7,550
bug,32578,32141,7,550
bug,32577,32143,7,550
snake,33006,32137,7,600
snake,33009,32137,7,600
snake,33009,32138,7,600
elf,33092,32139,7,600
orc,31982,32140,7,600
wolf,32019,32137,7,500
wolf,32021,32138,7,500
wolf,32020,32140,7,500
dragon,32790,32140,7,600
snake,32248,32141,7,600
bear,32270,32139,7,600
bear,32272,32140,7,600
bear,32273,32141,7,600
snake,32964,32137,7,600
snake,32968,32141,7,600
snake,32964,32142,7,600
snake,32968,32145,7,600
snake,32254,32142,7,600
snake,32254,32143,7,600
snake,32258,32144,7,600
spider,32154,32139,7,500
spider,32154,32140,7,500
spider,32153,32143,7,500
spider,32154,32143,7,500
wolf,32052,32143,7,400
wolf,32055,32144,7,400
wolf,32057,32146,7,400
elf,33107,32144,7,600
elf,33106,32146,7,600
deer,31994,32141,7,400
deer,31996,32142,7,400
deer,31988,32145,7,400
deer,31992,32145,7,400
rabbit,32853,32145,7,600
rabbit,32855,32145,7,600
rabbit,32852,32148,7,600
snake,32260,32142,7,600
snake,32260,32143,7,600
snake,32262,32146,7,600
dragon,32781,32146,7,600
dragon,32822,32146,7,600
snake,32280,32145,7,600
snake,32282,32147,7,600
snake,32283,32149,7,600
snake,33056,32143,7,600
snake,33051,32145,7,600
snake,33056,32145,7,600
snake,33052,32147,7,600
snake,33012,32148,7,600
snake,33013,32148,7,600
wolf,32446,32146,7,550
wolf,32448,32146,7,550
wolf,32445,32149,7,550
wolf,32448,32150,7,550
elf,33089,32149,7,600
elf,33090,32149,7,600
elf,33090,32151,7,600
snake,32086,32150,7,600
snake,32087,32151,7,600
snake,32256,32150,7,600
snake,32258,32153,7,600
snake,32259,32153,7,600
elf,33117,32148,7,600
elf,33115,32150,7,600
elf,33114,32151,7,600
deer,31978,32147,7,500
deer,31974,32150,7,500
deer,31975,32151,7,500
deer,31972,32152,7,500
deer,32034,32146,7,500
deer,32041,32146,7,500
deer,32037,32147,7,500
deer,32037,32151,7,500
deer,32039,32154,7,500
deer,32038,32155,7,500
wasp,32001,32152,7,600
wolf,32171,32149,7,600
wolf,32169,32150,7,600
wolf,32170,32152,7,600
snake,32269,32153,7,600
snake,32269,32154,7,600
snake,32272,32155,7,600
poison spider,32504,32153,7,800
poison spider,32503,32154,7,800
elf scout,33096,32155,7,600
elf scout,33096,32157,7,600
wolf,32048,32155,7,400
wolf,32046,32156,7,400
wolf,32047,32156,7,400
bug,32120,32155,7,600
bug,32118,32156,7,600
bug,32115,32159,7,600
elf,33077,32156,7,600
elf,33076,32157,7,600
elf scout,33060,32158,7,600
elf,33061,32159,7,600
elf,33062,32159,7,600
elf scout,33061,32160,7,600
deer,32005,32157,7,400
deer,32005,32159,7,400
deer,32007,32161,7,400
deer,32002,32163,7,400
elf,33064,32159,7,600
rabbit,32347,32159,7,600
rabbit,32346,32160,7,600
rabbit,32349,32162,7,600
snake,33044,32160,7,600
snake,33046,32160,7,600
snake,32069,32160,7,600
snake,32067,32161,7,600
elf,33100,32161,7,600
elf,33100,32163,7,600
snake,32049,32161,7,400
snake,32050,32162,7,400
wolf,32138,32161,7,600
wolf,32139,32162,7,600
minotaur,32726,32161,7,750
minotaur archer,32726,32162,7,800
minotaur,32727,32162,7,750
minotaur,32725,32163,7,750
minotaur archer,32725,32164,7,800
dragon,32823,32164,7,600
elf,33091,32164,7,600
elf,33093,32166,7,600
deer,32120,32164,7,600
deer,32123,32165,7,600
deer,32121,32166,7,600
deer,32122,32167,7,600
minotaur,32729,32165,7,750
minotaur mage,32727,32169,7,850
scorpion,32853,32162,7,600
scorpion,32854,32165,7,600
scorpion,32851,32168,7,600
scorpion,32857,32168,7,600
snake,32868,32164,7,600
snake,32868,32166,7,600
snake,32872,32166,7,600
snake,32867,32170,7,600
purple butterfly,32889,32166,7,900
spider,31966,32165,7,600
spider,31968,32167,7,600
snake,32014,32165,7,400
snake,32017,32167,7,400
snake,32015,32168,7,400
deer,32166,32167,7,600
deer,32169,32168,7,600
deer,32169,32170,7,600
rabbit,32282,32167,7,600
rabbit,32280,32168,7,600
wolf,31987,32165,7,400
wolf,31988,32168,7,400
wolf,31989,32170,7,400
snake,32028,32165,7,500
snake,32029,32167,7,500
snake,32029,32168,7,500
snake,32026,32170,7,500
snake,32270,32166,7,600
snake,32272,32167,7,600
snake,32269,32168,7,600
wolf,32491,32165,7,600
wolf,32488,32166,7,350
wolf,32488,32168,7,350
wolf,32490,32162,7,600
wolf,32492,32167,7,600
wolf,32497,32168,7,600
wolf,32497,32172,7,600
wolf,32489,32175,7,600
wolf,32498,32175,7,600
wolf,32504,32175,7,600
elf,33063,32168,7,600
elf scout,33101,32166,7,600
elf scout,33103,32168,7,600
snake,32040,32169,7,400
snake,32039,32171,7,400
minotaur mage,32726,32171,7,850
minotaur,32724,32172,7,700
minotaur guard,32729,32172,7,800
elf,33076,32169,7,600
elf,33077,32169,7,600
elf scout,33078,32171,7,600
orc warrior,32622,32171,7,600
orc warrior,32623,32171,7,600
minotaur archer,32624,32174,7,800
scorpion,32846,32169,7,600
scorpion,32844,32170,7,600
scorpion,32845,32170,7,600
scorpion,32846,32171,7,600
snake,32898,32170,7,600
snake,32902,32170,7,600
snake,32900,32171,7,600
snake,32959,32170,7,600
snake,32962,32171,7,600
snake,32960,32174,7,600
minotaur,32723,32170,7,700
minotaur guard,32731,32171,7,800
rabbit,33041,32172,7,600
rabbit,33042,32172,7,600
rabbit,32879,32171,7,600
rabbit,32879,32173,7,600
rabbit,32877,32174,7,600
snake,32872,32175,7,600
snake,32871,32176,7,600
snake,32871,32177,7,600
snake,32874,32177,7,600
snake,32980,32173,7,600
snake,32979,32175,7,600
snake,33003,32174,7,600
snake,33006,32175,7,600
snake,33005,32178,7,600
snake,33008,32178,7,600
snake,31988,32176,7,400
snake,31990,32178,7,400
snake,31991,32178,7,400
wolf,32447,32172,7,650
wolf,32441,32174,7,650
wolf,32446,32176,7,650
wolf,32443,32179,7,650
wolf,32452,32179,7,650
wolf,32441,32181,7,650
wolf,32449,32181,7,650
snake,32653,32175,7,600
snake,32655,32177,7,600
snake,32000,32175,7,400
snake,31999,32176,7,400
snake,32000,32178,7,400
troll,32045,32178,7,300
snake,31971,32176,7,400
snake,31971,32178,7,400
snake,31971,32179,7,400
rat,32504,32180,7,700
rat,32506,32181,7,700
spider,32161,32178,7,600
spider,32166,32180,7,600
spider,32165,32181,7,600
spider,32163,32182,7,600
ghost,33323,32181,7,600
demon skeleton,33320,32182,7,600
snake,31983,32182,7,600
snake,31983,32183,7,600
elf,33062,32183,7,600
elf,33063,32184,7,600
elf scout,33069,32183,7,600
vampire,33325,32183,7,900
vampire,33323,32185,7,900
snake,32012,32183,7,600
snake,32013,32185,7,600
poison spider,32177,32185,7,600
poison spider,32179,32186,7,600
wolf,32143,32185,7,600
wolf,32145,32186,7,600
wild warrior,32679,32183,7,650
wild warrior,32677,32186,7,650
wild warrior,32677,32188,7,650
snake,32004,32187,7,600
snake,32004,32188,7,600
snake,32040,32188,7,500
snake,32039,32189,7,500
rabbit,32633,32186,7,600
rabbit,32636,32188,7,600
rabbit,32635,32190,7,600
snake,31973,32189,7,600
elf,33080,32188,7,600
elf,33082,32190,7,600
bug,32158,32188,7,600
bug,32159,32191,7,600
bug,32159,32194,7,600
bug,32857,32185,7,700
bug,32856,32189,7,700
bug,32855,32191,7,700
snake,32847,32192,7,600
bug,32858,32192,7,700
snake,32850,32195,7,600
bug,32849,32197,7,700
snake,32850,32197,7,600
bug,32848,32198,7,700
bug,32850,32198,7,700
elf,33053,32191,7,600
snake,32436,32186,7,400
snake,32436,32190,7,400
snake,32448,32190,7,400
snake,32438,32191,7,400
snake,32438,32193,7,400
snake,32445,32193,7,400
snake,32445,32196,7,400
snake,32446,32196,7,400
snake,32442,32200,7,400
snake,32442,32202,7,400
rabbit,32015,32194,7,600
rabbit,32013,32195,7,600
deer,32132,32193,7,600
deer,32131,32195,7,600
wolf,31981,32196,7,600
wolf,31979,32198,7,600
wolf,31986,32196,7,600
wolf,31986,32197,7,600
rabbit,33032,32194,7,600
rabbit,33032,32196,7,600
elf scout,33060,32196,7,600
snake,33019,32199,7,600
snake,33019,32200,7,600
purple butterfly,32941,32200,7,1200
snake,32996,32202,7,600
snake,32997,32202,7,600
snake,32993,32203,7,600
elf,33063,32200,7,600
elf,33062,32202,7,600
rabbit,31980,32203,7,600
rabbit,31979,32204,7,600
snake,32132,32203,7,600
snake,32133,32203,7,600
deer,32007,32202,7,600
deer,32005,32204,7,600
rabbit,32947,32203,7,600
rabbit,32948,32204,7,600
snake,32873,32204,7,600
snake,32871,32207,7,600
snake,32874,32207,7,600
spider,31992,32208,7,600
spider,31993,32209,7,600
snake,31986,32207,7,600
snake,31985,32209,7,600
snake,31988,32210,7,600
wild warrior,32619,32207,7,750
wild warrior,32621,32210,7,750
wild warrior,32619,32211,7,750
sheep,32072,32208,7,100
sheep,32069,32212,7,100
sheep,32071,32213,7,100
sheep,32072,32214,7,100
sheep,32071,32216,7,100
wolf,32716,32209,7,600
wolf,32717,32209,7,600
wolf,32716,32212,7,600
snake,33039,32212,7,600
snake,33043,32212,7,600
snake,33039,32213,7,600
snake,33042,32215,7,600
wolf,32158,32212,7,600
wolf,32155,32214,7,600
wolf,32156,32214,7,600
wolf,32159,32214,7,600
dog,32368,32214,7,400
snake,32853,32214,7,600
snake,32853,32215,7,600
snake,32991,32212,7,600
snake,32990,32214,7,600
snake,32995,32214,7,600
snake,32991,32215,7,600
wolf,32686,32214,7,750
wolf,32686,32216,7,750
wolf,32687,32216,7,750
wolf,32686,32219,7,750
rabbit,32018,32217,7,600
rabbit,32018,32219,7,600
snake,32469,32207,7,900
snake,32472,32213,7,900
snake,32476,32213,7,900
snake,32477,32215,7,900
snake,32475,32217,7,900
snake,32468,32219,7,900
snake,32483,32219,7,900
poison spider,32474,32220,7,600
snake,32468,32223,7,900
snake,32480,32223,7,900
poison spider,32468,32224,7,600
poison spider,32471,32225,7,600
poison spider,32472,32227,7,600
poison spider,32474,32227,7,600
snake,32481,32227,7,900
rabbit,33005,32217,7,600
rabbit,33006,32217,7,600
snake,32030,32218,7,600
snake,32031,32220,7,600
bear,32594,32219,7,800
bear,32595,32219,7,800
swamp troll,32942,32215,7,600
swamp troll,32936,32217,7,600
swamp troll,32938,32219,7,600
swamp troll,32937,32220,7,600
spider,32003,32218,7,600
spider,32004,32220,7,600
rabbit,32053,32218,7,500
rabbit,32053,32220,7,500
rabbit,32055,32223,7,500
snake,32902,32218,7,600
snake,32900,32220,7,600
snake,32899,32221,7,600
spider,32013,32221,7,600
spider,32012,32223,7,600
snake,32133,32220,7,600
snake,32131,32222,7,600
poison spider,32768,32219,7,600
poison spider,32762,32221,7,600
poison spider,32763,32222,7,600
poison spider,32765,32222,7,600
deer,32842,32221,7,600
deer,32837,32222,7,600
deer,32840,32223,7,600
deer,32839,32227,7,600
wolf,31994,32224,7,600
wolf,31996,32225,7,600
wolf,31993,32226,7,600
wolf,31998,32224,7,600
rat,32812,32224,7,400
rat,32815,32224,7,400
rat,32818,32224,7,400
rat,32811,32227,7,400
deer,32023,32225,7,600
deer,32020,32226,7,600
deer,32021,32226,7,600
snake,31979,32224,7,600
snake,31978,32225,7,600
snake,31980,32225,7,600
snake,31978,32227,7,600
cyclops,32781,32223,7,550
cyclops,32784,32223,7,550
minotaur,32784,32224,7,450
cyclops,32787,32224,7,550
minotaur,32785,32225,7,450
wolf,32782,32227,7,650
cyclops,32785,32227,7,550
wolf,32781,32228,7,650
minotaur,32789,32228,7,450
wolf,32781,32229,7,650
minotaur archer,32786,32229,7,650
minotaur,32784,32230,7,450
minotaur,32785,32230,7,450
minotaur archer,32787,32231,7,650
cyclops,32780,32232,7,550
cyclops,32782,32233,7,600
minotaur archer,32784,32233,7,650
minotaur guard,32792,32226,7,850
minotaur guard,32792,32227,7,850
cyclops,32792,32228,7,500
cyclops,32795,32228,7,500
minotaur,32803,32226,7,700
minotaur,32805,32227,7,700
rabbit,32884,32227,7,600
rabbit,32882,32228,7,600
cyclops,32797,32231,7,500
rabbit,32108,32230,7,600
rabbit,32110,32231,7,600
pig,32399,32230,7,1000
pig,32400,32231,7,1000
pig,32400,32233,7,1000
snake,32614,32231,7,650
wolf,32731,32230,7,600
wolf,32729,32231,7,600
wolf,32728,32234,7,600
cyclops,32790,32235,7,500
bear,32858,32231,7,500
bear,32860,32231,7,500
bear,32860,32232,7,500
rabbit,32003,32233,7,600
rabbit,32005,32234,7,600
cyclops,32781,32234,7,600
purple butterfly,32639,32234,7,1800
poison spider,32735,32234,7,600
poison spider,32736,32234,7,600
poison spider,32738,32236,7,600
rabbit,32046,32235,7,300
rabbit,32046,32236,7,300
rabbit,32045,32239,7,300
cyclops,32797,32234,7,500
cyclops,32793,32236,7,500
cyclops,32794,32237,7,500
scorpion,32790,32241,7,1000
rabbit,32033,32237,7,300
rabbit,32033,32239,7,300
troll,32499,32236,7,500
troll,32499,32237,7,500
deer,32085,32238,7,600
deer,32086,32238,7,600
sheep,32407,32238,7,900
sheep,32411,32238,7,900
sheep,32403,32240,7,900
chicken,32403,32241,7,7200
sheep,32410,32242,7,900
spider,32016,32239,7,600
spider,32016,32240,7,600
chicken,32400,32239,7,7200
chicken,32400,32241,7,7200
minotaur guard,32776,32238,7,900
cyclops,32775,32239,7,600
minotaur guard,32778,32239,7,900
cyclops,32776,32240,7,600
snake,32003,32237,7,600
snake,32000,32240,7,600
snake,32001,32240,7,600
rabbit,32074,32239,7,400
rabbit,32072,32241,7,400
deer,32741,32238,7,600
deer,32743,32239,7,600
deer,32740,32241,7,600
wolf,32463,32242,7,900
wolf,32466,32242,7,900
wolf,32463,32245,7,900
scorpion,32789,32242,7,1000
wolf,32027,32244,7,600
wolf,32028,32244,7,600
wolf,32032,32246,7,600
wolf,32032,32247,7,600
poison spider,32815,32244,7,500
poison spider,32813,32246,7,500
poison spider,32814,32246,7,500
poison spider,32817,32246,7,500
skeleton,32819,32250,7,700
wasp,32505,32245,7,600
wasp,32507,32247,7,600
rabbit,32103,32245,7,300
rabbit,32105,32245,7,300
rabbit,32102,32249,7,300
rabbit,32100,32251,7,300
troll,32474,32245,7,600
troll,32473,32246,7,600
troll,32473,32249,7,600
troll,32477,32250,7,600
troll,32476,32251,7,600
orc,32517,32249,7,900
orc,32518,32250,7,900
cyclops,32771,32249,7,700
ghoul,32834,32248,7,750
ghoul,32834,32250,7,750
skeleton,32820,32251,7,700
minotaur mage,32608,32252,7,900
wolf,32704,32249,7,600
wolf,32704,32252,7,600
wolf,32706,32255,7,600
minotaur archer,32605,32253,7,700
minotaur guard,32606,32254,7,800
minotaur guard,32608,32254,7,800
minotaur,32605,32255,7,650
cyclops,32777,32252,7,650
cyclops,32779,32254,7,650
minotaur,32781,32257,7,750
minotaur,32604,32255,7,650
poison spider,32837,32254,7,600
poison spider,32835,32256,7,600
troll,32482,32255,7,600
troll,32483,32258,7,600
troll,32482,32261,7,600
minotaur,32786,32256,7,750
minotaur archer,32783,32258,7,800
minotaur archer,32785,32258,7,800
minotaur,32782,32259,7,750
minotaur,32787,32259,7,750
minotaur archer,32788,32261,7,800
minotaur,32786,32263,7,750
cyclops,32787,32263,7,750
wasp,32654,32259,7,550
wasp,32655,32259,7,550
wasp,32652,32261,7,550
cyclops,32791,32260,7,750
cyclops,32793,32260,7,750
cyclops,32791,32261,7,750
cyclops,32794,32264,7,750
cyclops,32786,32266,7,750
skeleton,32824,32258,7,210
ghoul,32821,32260,7,600
skeleton,32823,32260,7,210
ghoul,32822,32261,7,600
skeleton,32825,32264,7,210
skeleton,32811,32257,7,600
skeleton,32811,32258,7,600
skeleton,32805,32260,7,600
skeleton,32809,32262,7,600
ghoul,32811,32263,7,450
ghoul,32812,32264,7,450
demon skeleton,32813,32266,7,750
skeleton,32812,32267,7,600
skeleton,32826,32256,7,210
skeleton,32825,32266,7,210
ghoul,32818,32270,7,380
skeleton,32824,32270,7,210
ghoul,32819,32271,7,380
skeleton,32822,32271,7,210
skeleton,32827,32271,7,210
ghoul,32817,32272,7,380
demon skeleton,32835,32265,7,850
giant spider,32846,32265,7,1500
giant spider,32847,32265,7,1500
deer,32614,32262,7,700
deer,32616,32265,7,700
deer,32610,32266,7,700
deer,32611,32266,7,700
deer,32614,32271,7,700
cyclops,32787,32269,7,750
deer,32436,32263,7,500
deer,32435,32264,7,500
deer,32438,32267,7,500
deer,32443,32268,7,500
deer,32434,32269,7,500
deer,32717,32266,7,600
deer,32718,32268,7,600
deer,32720,32268,7,600
lion,33255,32268,7,600
lion,33256,32269,7,600
demon skeleton,32811,32269,7,750
demon skeleton,32812,32269,7,750
wild warrior,32638,32268,7,700
wild warrior,32638,32270,7,700
hunter,32639,32270,7,800
wild warrior,32637,32271,7,700
poison spider,32735,32272,7,600
poison spider,32738,32272,7,600
poison spider,32733,32273,7,600
poison spider,32736,32273,7,600
poison spider,32740,32274,7,600
wolf,32744,32271,7,600
wolf,32745,32272,7,600
deer,32603,32277,7,600
deer,32606,32277,7,600
deer,32606,32278,7,600
wild warrior,32660,32275,7,600
wild warrior,32655,32276,7,600
wild warrior,32658,32277,7,600
wasp,32776,32272,7,600
wasp,32782,32273,7,600
wasp,32777,32276,7,600
wasp,32782,32278,7,600
wasp,32786,32278,7,600
wasp,32783,32280,7,600
wasp,32789,32280,7,600
minotaur,33310,32279,7,600
minotaur,33309,32280,7,600
wild warrior,32641,32281,7,600
wild warrior,32633,32282,7,600
wild warrior,32633,32283,7,600
scorpion,32770,32279,7,850
scorpion,32773,32280,7,850
scorpion,32773,32282,7,850
minotaur,33300,32282,7,600
minotaur,33301,32283,7,600
minotaur,33303,32284,7,600
minotaur,33318,32282,7,600
minotaur,33316,32283,7,600
wolf,32808,32279,7,600
wolf,32812,32281,7,600
wolf,32801,32282,7,600
wolf,32810,32282,7,600
wolf,32807,32283,7,600
wolf,32808,32286,7,600
poison spider,32676,32284,7,600
poison spider,32680,32284,7,600
poison spider,32681,32284,7,600
poison spider,32682,32288,7,600
wolf,32272,32280,7,400
wolf,32269,32282,7,400
wolf,32271,32282,7,400
wolf,32270,32285,7,400
wolf,32275,32285,7,400
wolf,32264,32286,7,400
snake,32286,32280,7,900
snake,32291,32285,7,900
snake,32289,32287,7,900
snake,32287,32289,7,900
snake,32286,32290,7,900
rabbit,32297,32291,7,600
poison spider,32602,32284,7,600
poison spider,32601,32285,7,600
snake,32359,32284,7,900
snake,32356,32286,7,900
snake,32359,32286,7,900
snake,32357,32288,7,900
snake,32363,32290,7,900
minotaur,33311,32286,7,600
minotaur,33310,32288,7,600
minotaur,33312,32288,7,600
wild warrior,32623,32288,7,600
wild warrior,32624,32288,7,600
orc berserker,32819,32285,7,770
orc berserker,32822,32285,7,770
orc spearman,32822,32287,7,650
orc shaman,32819,32288,7,880
orc leader,32822,32289,7,1000
orc shaman,32818,32290,7,880
orc spearman,32821,32291,7,650
orc berserker,32823,32288,7,770
orc leader,32823,32289,7,1000
orc berserker,32823,32290,7,770
orc spearman,32823,32292,7,650
rabbit,32483,32287,7,650
rabbit,32484,32289,7,650
rabbit,32482,32290,7,650
rabbit,32481,32292,7,650
smuggler,32603,32289,7,600
smuggler,32605,32289,7,600
smuggler,32602,32290,7,600
bandit,32632,32289,7,600
bandit,32634,32290,7,600
dragon,32844,32288,7,1100
dragon,32844,32289,7,1100
dragon,32847,32290,7,1100
rabbit,32300,32289,7,600
rabbit,32296,32294,7,600
wild warrior,32646,32291,7,600
wild warrior,32645,32292,7,600
orc spearman,32818,32294,7,650
orc spearman,32825,32295,7,650
minotaur,33297,32290,7,600
minotaur,33302,32290,7,600
minotaur,33301,32291,7,600
minotaur,33300,32295,7,600
deer,33277,32290,7,600
deer,33277,32292,7,600
poison spider,32754,32293,7,600
poison spider,32755,32294,7,600
poison spider,32759,32294,7,600
giant spider,32751,32295,7,600
poison spider,32753,32297,7,600
giant spider,32754,32298,7,600
giant spider,32748,32292,7,600
rabbit,32427,32296,7,600
rabbit,32427,32297,7,600
rabbit,32426,32299,7,600
deer,32387,32299,7,600
deer,32385,32300,7,600
giant spider,32795,32298,7,1500
giant spider,32796,32299,7,1500
hunter,32794,32301,7,900
hunter,32792,32302,7,900
giant spider,32794,32302,7,1500
snake,32659,32301,7,600
snake,32656,32303,7,600
snake,32657,32304,7,600
wolf,32401,32299,7,600
wolf,32401,32301,7,600
wolf,32400,32302,7,600
giant spider,32791,32302,7,1400
giant spider,32789,32305,7,1400
deer,32306,32300,7,500
deer,32302,32303,7,500
deer,32305,32303,7,500
deer,32302,32305,7,500
deer,32299,32307,7,500
deer,32303,32308,7,500
smuggler,32605,32303,7,600
smuggler,32604,32306,7,600
smuggler,32606,32306,7,600
giant spider,32791,32308,7,1400
bandit,32623,32308,7,600
bandit,32624,32308,7,600
bandit,32626,32308,7,600
bandit,32634,32307,7,600
bandit,32631,32308,7,600
bandit,32634,32309,7,600
wolf,32710,32309,7,600
wolf,32712,32311,7,600
wolf,32708,32312,7,600
bear,32815,32309,7,950
bear,32817,32309,7,950
wolf,32357,32307,7,600
wolf,32356,32310,7,600
wolf,32354,32311,7,600
wasp,33202,32309,7,600
wasp,33207,32310,7,600
wasp,33205,32311,7,600
wasp,33206,32311,7,600
wasp,32426,32310,7,900
wasp,32427,32312,7,900
wild warrior,32624,32313,7,600
wild warrior,32622,32316,7,600
wild warrior,32622,32319,7,600
deer,32737,32313,7,600
deer,32740,32316,7,600
deer,32738,32319,7,600
deer,32340,32318,7,600
wolf,32339,32319,7,700
wolf,32342,32320,7,700
deer,32343,32320,7,600
deer,32344,32320,7,600
wolf,32344,32322,7,700
wolf,32345,32322,7,700
wolf,32343,32324,7,700
snake,32746,32320,7,600
snake,32748,32322,7,600
snake,32749,32322,7,600
rabbit,32394,32322,7,600
rabbit,32396,32323,7,600
bandit,32621,32322,7,600
bandit,32619,32323,7,600
bandit,32619,32324,7,600
wolf,32308,32323,7,600
wolf,32305,32324,7,600
wolf,32302,32325,7,600
poison spider,32671,32322,7,600
poison spider,32670,32324,7,600
spider,32317,32325,7,600
spider,32318,32326,7,600
spider,32318,32327,7,600
wolf,32638,32320,7,600
wolf,32641,32322,7,600
wolf,32641,32324,7,600
wolf,32634,32325,7,600
wolf,32637,32326,7,600
wolf,32635,32329,7,600
lion,33241,32328,7,600
lion,33243,32328,7,600
deer,32414,32329,7,600
deer,32415,32329,7,600
rabbit,32428,32329,7,600
rabbit,32426,32330,7,600
rabbit,32428,32330,7,600
spider,32456,32321,7,600
spider,32451,32322,7,600
spider,32458,32322,7,600
spider,32448,32327,7,600
spider,32452,32327,7,600
spider,32445,32328,7,600
spider,32450,32329,7,600
spider,32450,32332,7,600
ghoul,32782,32329,7,500
ghoul,32782,32330,7,500
skeleton,32778,32332,7,700
skeleton,32784,32332,7,600
skeleton,32778,32333,7,700
ghoul,32783,32333,7,500
poison spider,32655,32331,7,600
elf scout,32803,32330,7,700
elf scout,32804,32331,7,700
centipede,32671,32332,7,600
centipede,32668,32334,7,600
centipede,32672,32334,7,600
scorpion,32759,32333,7,800
scorpion,32759,32334,7,800
deer,32246,32332,7,600
deer,32245,32334,7,600
deer,32247,32335,7,600
rabbit,32330,32331,7,600
rabbit,32330,32334,7,600
rabbit,32331,32337,7,600
spider,32401,32332,7,600
spider,32399,32334,7,600
wolf,32342,32335,7,600
wolf,32343,32338,7,600
wolf,32345,32338,7,600
wolf,32822,32335,7,580
wolf,32824,32336,7,580
snake,32696,32339,7,600
snake,32698,32339,7,600
snake,32697,32340,7,600
rabbit,32751,32336,7,700
rabbit,32749,32339,7,700
rabbit,32752,32341,7,700
wasp,33302,32337,7,600
wasp,33301,32339,7,600
wasp,33299,32340,7,600
rabbit,32318,32339,7,650
rabbit,32318,32340,7,650
rabbit,32316,32342,7,650
poison spider,32727,32336,7,600
poison spider,32729,32338,7,600
poison spider,32731,32340,7,600
poison spider,32735,32344,7,600
skeleton,32772,32340,7,600
spider,32306,32340,7,600
spider,32304,32342,7,600
spider,32306,32342,7,600
smuggler,32638,32341,7,600
smuggler,32639,32342,7,600
wild warrior,32642,32343,7,600
ghoul,32777,32339,7,460
ghoul,32778,32339,7,460
ghoul,32780,32342,7,460
skeleton,32777,32343,7,600
skeleton,32776,32344,7,600
skeleton,32777,32344,7,600
ghoul,32782,32345,7,460
wasp,33306,32340,7,600
wasp,33306,32342,7,600
wasp,33309,32342,7,600
wild warrior,32644,32344,7,600
scorpion,32657,32344,7,600
skeleton,32774,32340,7,600
bandit,32621,32346,7,600
bandit,32619,32347,7,600
smuggler,32619,32348,7,600
smuggler,32622,32349,7,600
ghoul,32787,32345,7,700
ghoul,32786,32346,7,700
skeleton,32789,32349,7,450
snake,32253,32346,7,600
snake,32250,32347,7,600
snake,32248,32348,7,600
poison spider,32288,32345,7,600
poison spider,32292,32346,7,600
poison spider,32290,32347,7,600
ghoul,32771,32345,7,590
ghoul,32769,32347,7,590
smuggler,32617,32347,7,600
deer,33259,32346,7,600
deer,33261,32348,7,600
deer,33263,32351,7,600
skeleton,32791,32348,7,450
wasp,33111,32346,7,600
wasp,33110,32349,7,600
wasp,33112,32349,7,600
smuggler,32632,32348,7,600
smuggler,32634,32350,7,600
smuggler,32634,32351,7,600
rabbit,32366,32351,7,600
rabbit,32369,32352,7,600
rabbit,32367,32355,7,600
wolf,32373,32344,7,600
wolf,32374,32344,7,600
wolf,32376,32346,7,600
wolf,32380,32352,7,600
wolf,32381,32353,7,600
wolf,32379,32356,7,600
wolf,32380,32356,7,600
wolf,32388,32360,7,600
poison spider,32654,32350,7,600
poison spider,32655,32350,7,600
poison spider,32654,32352,7,600
poison spider,32651,32355,7,600
demon skeleton,32777,32353,7,950
demon skeleton,32779,32355,7,950
ghoul,32783,32353,7,650
ghoul,32784,32355,7,650
ghoul,32785,32356,7,650
ghoul,32781,32357,7,650
slime,32666,32356,7,600
deer,32729,32355,7,600
deer,32729,32357,7,600
poison spider,33041,32355,7,600
poison spider,33044,32357,7,600
poison spider,33042,32358,7,600
bear,32259,32358,7,800
bear,32259,32359,7,800
bear,32256,32361,7,800
skeleton,32778,32359,7,550
skeleton,32776,32360,7,550
skeleton,32779,32362,7,550
poison spider,33022,32357,7,600
poison spider,33020,32359,7,600
poison spider,33023,32359,7,600
poison spider,33019,32362,7,600
wolf,32687,32361,7,600
wolf,32689,32362,7,600
wolf,32746,32357,7,600
wolf,32746,32358,7,600
wolf,32748,32360,7,600
wolf,32744,32361,7,600
wolf,32749,32364,7,600
purple butterfly,32324,32362,7,1600
purple butterfly,32326,32363,7,1600
hyaena,33123,32360,7,600
hyaena,33123,32362,7,600
poison spider,32643,32364,7,600
poison spider,32643,32365,7,600
poison spider,32642,32367,7,600
snake,32370,32361,7,900
snake,32367,32363,7,900
snake,32362,32365,7,900
snake,32364,32365,7,900
snake,32367,32367,7,900
snake,32370,32369,7,900
snake,32360,32370,7,900
snake,32356,32371,7,900
snake,32364,32372,7,900
deer,32312,32367,7,600
deer,32313,32367,7,600
wolf,32657,32365,7,600
wolf,32659,32367,7,600
orc rider,32655,32369,7,600
orc rider,32658,32369,7,600
war wolf,32655,32370,7,600
snake,32656,32370,7,600
snake,32657,32370,7,600
wolf,32660,32370,7,600
wolf,32661,32370,7,600
orc rider,32655,32371,7,600
snake,32658,32372,7,600
orc rider,32653,32367,7,600
war wolf,32653,32371,7,600
war wolf,32653,32372,7,600
wolf,32684,32365,7,600
wolf,32681,32367,7,600
wolf,32683,32368,7,600
wolf,32684,32369,7,600
wolf,32194,32369,7,600
wolf,32198,32372,7,600
wolf,32199,32372,7,600
wolf,32198,32373,7,600
snake,32719,32374,7,600
snake,32719,32375,7,600
snake,32722,32375,7,600
skeleton,32717,32378,7,600
skeleton,32721,32378,7,600
skeleton,32723,32378,7,600
deer,33040,32372,7,600
deer,33040,32375,7,600
deer,33037,32377,7,600
cyclops,32415,32376,7,600
poison spider,33286,32376,7,600
poison spider,33288,32377,7,600
poison spider,33289,32379,7,600
deer,32679,32375,7,600
deer,32681,32377,7,600
ghoul,32707,32376,7,600
ghoul,32709,32376,7,600
ghoul,32710,32377,7,600
snake,32354,32373,7,900
snake,32354,32374,7,900
snake,32347,32375,7,900
snake,32352,32378,7,900
snake,32353,32378,7,900
snake,32346,32383,7,900
snake,32359,32385,7,900
skeleton,32721,32380,7,600
wasp,32369,32377,7,600
wasp,32370,32377,7,600
wasp,32368,32378,7,600
wasp,32370,32379,7,600
cyclops,32427,32379,7,600
giant spider,32748,32380,7,600
hyaena,33037,32381,7,600
hyaena,33035,32383,7,600
vampire,32718,32384,7,3600
poison spider,33021,32384,7,600
poison spider,33022,32384,7,600
witch,32716,32385,7,3600
slime,32744,32386,7,600
cyclops,32420,32387,7,600
minotaur,32323,32389,7,600
minotaur,32323,32390,7,600
deer,32295,32385,7,600
deer,32297,32387,7,600
deer,32293,32390,7,600
deer,32290,32391,7,600
deer,32293,32391,7,600
cyclops,32370,32389,7,850
cyclops,32374,32390,7,850
cyclops,32371,32391,7,850
cyclops,32372,32392,7,850
ghoul,32722,32389,7,600
ghoul,32720,32390,7,600
ghoul,32723,32390,7,600
poison spider,33169,32389,7,600
poison spider,33167,32390,7,600
skeleton,32710,32388,7,600
skeleton,32706,32390,7,600
skeleton,32709,32392,7,600
skeleton,32706,32396,7,600
wolf,32132,32393,7,600
wolf,32133,32393,7,600
purple butterfly,32190,32393,7,1800
wolf,32212,32391,7,650
wolf,32219,32391,7,650
wolf,32220,32392,7,650
wolf,32220,32393,7,650
wolf,32216,32395,7,650
wolf,32221,32399,7,650
stalker,32991,32395,7,600
lion,33111,32403,7,600
lion,33112,32403,7,600
cyclops,32371,32404,7,900
cyclops,32368,32407,7,900
cyclops,32370,32407,7,900
wolf,32131,32402,7,600
wolf,32132,32405,7,600
wolf,32135,32405,7,600
minotaur,32306,32403,7,600
minotaur,32305,32405,7,600
minotaur,32307,32405,7,600
demon skeleton,32989,32405,7,600
demon skeleton,32989,32407,7,600
demon skeleton,32991,32408,7,600
ghoul,32993,32412,7,600
ghoul,32995,32412,7,600
ghoul,32993,32413,7,600
wolf,32147,32411,7,700
wolf,32147,32413,7,700
minotaur guard,32306,32413,7,600
minotaur guard,32307,32413,7,600
poison spider,33119,32416,7,600
poison spider,33117,32418,7,600
scorpion,33026,32419,7,600
scorpion,33028,32421,7,600
scorpion,33303,32420,7,600
deer,33155,32419,7,800
deer,33156,32421,7,800
deer,33155,32422,7,800
chicken,32191,32422,7,3600
chicken,32190,32423,7,3600
wolf,32229,32422,7,650
wolf,32220,32423,7,650
wolf,32225,32423,7,650
wolf,32220,32425,7,650
wolf,32221,32428,7,650
ghoul,32998,32421,7,600
ghoul,32996,32423,7,600
demon skeleton,33014,32425,7,600
demon skeleton,33014,32426,7,600
lion,33049,32427,7,600
demon skeleton,32985,32429,7,600
demon skeleton,32985,32430,7,600
stalker,32992,32426,7,600
stalker,32993,32429,7,600
stalker,32997,32429,7,600
stalker,32995,32430,7,600
wolf,32149,32437,7,600
wolf,32149,32438,7,600
wolf,32150,32440,7,600
wolf,32151,32441,7,600
ghoul,33028,32441,7,600
ghoul,33030,32443,7,600
stalker,33025,32444,7,600
ghoul,32992,32441,7,600
ghoul,32992,32442,7,600
demon skeleton,33002,32441,7,600
demon skeleton,33002,32442,7,600
stalker,33022,32445,7,600
stalker,33026,32445,7,600
stalker,33027,32448,7,600
demon skeleton,33026,32449,7,600
demon skeleton,33028,32450,7,600
wolf,32131,32446,7,600
wolf,32132,32448,7,600
ghost,32976,32450,7,600
ghost,32975,32451,7,600
ghost,32977,32451,7,600
wolf,32155,32451,7,700
wolf,32153,32452,7,700
ghoul,32970,32450,7,600
ghoul,32968,32452,7,600
ghost,32973,32450,7,600
ghost,32972,32452,7,600
wasp,33128,32452,7,600
wasp,33130,32452,7,600
wasp,33126,32455,7,600
scorpion,33059,32458,7,600
scorpion,33060,32460,7,600
hyaena,33047,32460,7,600
hyaena,33046,32461,7,600
demon skeleton,33006,32462,7,600
demon skeleton,33008,32463,7,600
ghoul,33019,32462,7,600
ghoul,33017,32463,7,600
ghoul,33019,32463,7,600
skeleton,33052,32470,7,600
skeleton,33054,32470,7,600
snake,33052,32473,7,600
snake,33053,32473,7,600
skeleton,33044,32469,7,600
skeleton,33042,32471,7,600
skeleton,33042,32473,7,600
snake,33049,32475,7,600
snake,33049,32476,7,600
crab,32923,32481,7,600
crab,32924,32481,7,600
crab,32926,32483,7,600
slime,32921,32485,7,600
skeleton,33060,32482,7,600
scorpion,33074,32482,7,600
scorpion,33072,32483,7,600
slime,32922,32486,7,600
skeleton,33068,32486,7,600
skeleton,33070,32487,7,600
centipede,32928,32496,7,600
centipede,32931,32496,7,600
centipede,32927,32497,7,600
kongra,32825,32499,7,600
carniphila,32941,32499,7,600
carniphila,32942,32499,7,600
carniphila,32945,32500,7,600
sibang,32828,32499,7,600
sibang,32828,32502,7,600
sibang,32829,32502,7,600
sibang,32800,32503,7,600
sibang,32801,32503,7,600
sibang,32811,32502,7,600
sibang,32813,32504,7,600
sibang,32814,32506,7,600
crab,32904,32504,7,600
crab,32905,32504,7,600
cobra,32935,32504,7,600
cobra,32937,32504,7,600
cobra,32933,32505,7,600
cobra,32938,32505,7,600
hyaena,33131,32502,7,600
hyaena,33130,32504,7,600
hyaena,33131,32505,7,600
kongra,32795,32507,7,600
stone golem,33096,32507,7,600
kongra,32835,32506,7,600
kongra,32835,32508,7,600
behemoth,32949,32508,7,600
behemoth,32951,32508,7,600
kongra,32825,32509,7,600
kongra,32826,32510,7,600
kongra,32828,32510,7,600
spit nettle,32926,32510,7,600
centipede,32962,32511,7,600
centipede,32961,32512,7,600
carniphila,32936,32512,7,600
carniphila,32938,32514,7,600
carniphila,32939,32516,7,600
centipede,32902,32512,7,600
centipede,32905,32515,7,600
centipede,32907,32516,7,600
centipede,32902,32518,7,600
kongra,32783,32515,7,600
kongra,32782,32516,7,600
kongra,32783,32519,7,600
spider,32912,32514,7,600
spider,32913,32516,7,600
spider,32913,32519,7,600
tiger,32923,32516,7,600
kongra,32851,32517,7,600
spit nettle,32948,32518,7,600
sibang,32820,32518,7,600
sibang,32818,32519,7,600
merlkin,32819,32519,7,890
spit nettle,32885,32519,7,600
terror bird,32933,32519,7,600
terror bird,32935,32519,7,600
terror bird,32936,32519,7,600
bug,32898,32518,7,600
bug,32899,32518,7,600
bug,32896,32520,7,600
sibang,32820,32521,7,600
sibang,32824,32524,7,600
wasp,32876,32520,7,600
wasp,32876,32521,7,600
spit nettle,32905,32521,7,600
hydra,32985,32519,7,600
hydra,32988,32521,7,600
hydra,32990,32522,7,600
cobra,32977,32520,7,600
cobra,32979,32522,7,600
sibang,32801,32521,7,600
sibang,32800,32522,7,600
sibang,32801,32523,7,600
kongra,32812,32523,7,600
sibang,32842,32522,7,600
sibang,32841,32523,7,600
sibang,32839,32526,7,600
kongra,32844,32526,7,600
purple butterfly,32871,32521,7,600
purple butterfly,32869,32522,7,600
purple butterfly,32870,32525,7,600
purple butterfly,32871,32528,7,600
tarantula,32946,32524,7,600
tarantula,32950,32525,7,600
carniphila,32946,32526,7,600
carniphila,32945,32527,7,600
tarantula,32951,32528,7,600
tarantula,32953,32529,7,600
carniphila,32961,32525,7,600
carniphila,32962,32525,7,600
lion,33099,32522,7,600
larva,33095,32525,7,600
larva,33094,32526,7,600
larva,33095,32526,7,600
lion,33102,32524,7,600
lion,33102,32525,7,600
kongra,32834,32526,7,600
kongra,32835,32527,7,600
purple butterfly,32911,32523,7,600
purple butterfly,32910,32524,7,600
purple butterfly,32910,32526,7,600
purple butterfly,32910,32527,7,600
kongra,32846,32527,7,600
kongra,32849,32527,7,600
tiger,32864,32527,7,600
spit nettle,32936,32527,7,600
carniphila,32943,32527,7,600
centipede,32971,32527,7,600
centipede,32974,32528,7,600
centipede,32977,32529,7,600
centipede,32896,32525,7,600
centipede,32893,32526,7,600
centipede,32893,32529,7,600
centipede,32895,32530,7,600
terror bird,32984,32528,7,600
terror bird,32985,32530,7,600
terror bird,32984,32532,7,600
blue djinn,33098,32530,7,600
sibang,32800,32529,7,600
sibang,32798,32531,7,600
sibang,32801,32533,7,600
sibang,32822,32530,7,600
sibang,32822,32531,7,600
sibang,32825,32533,7,600
carniphila,32963,32531,7,600
carniphila,32964,32532,7,600
carniphila,32960,32534,7,600
kongra,32803,32532,7,600
kongra,32768,32534,7,600
kongra,32769,32535,7,600
sibang,32828,32534,7,600
sibang,32829,32535,7,600
centipede,32877,32530,7,600
centipede,32877,32532,7,600
centipede,32881,32534,7,600
centipede,32882,32534,7,600
sibang,32780,32533,7,600
sibang,32779,32535,7,600
sibang,32779,32537,7,600
sibang,32782,32537,7,600
sibang,32783,32538,7,600
sibang,32781,32540,7,600
merlkin,32812,32535,7,750
sibang,32869,32534,7,600
sibang,32869,32535,7,600
giant spider,32949,32535,7,600
giant spider,32951,32535,7,600
spit nettle,32969,32535,7,600
blue butterfly,32906,32536,7,600
blue butterfly,32905,32537,7,600
red butterfly,32903,32538,7,600
sibang,32838,32537,7,600
sibang,32840,32537,7,600
sibang,32841,32539,7,600
tarantula,32911,32536,7,600
tarantula,32912,32537,7,600
centipede,32993,32537,7,600
red butterfly,32816,32538,7,600
red butterfly,32816,32539,7,600
red butterfly,32902,32538,7,600
tiger,32902,32541,7,600
sibang,32783,32541,7,600
sibang,32786,32544,7,600
sibang,32798,32541,7,600
kongra,32874,32541,7,600
bat,32860,32538,7,600
bat,32858,32540,7,600
bat,32860,32542,7,600
bat,32855,32543,7,600
bat,32862,32545,7,600
kongra,32825,32543,7,600
kongra,32827,32543,7,600
wasp,32885,32540,7,600
wasp,32883,32543,7,600
wasp,32886,32543,7,600
wasp,32881,32544,7,600
spider,32887,32546,7,600
bat,32883,32548,7,600
spider,32884,32548,7,600
tiger,32901,32543,7,600
giant spider,32961,32543,7,600
giant spider,32961,32545,7,600
cobra,32946,32542,7,600
cobra,32945,32544,7,600
cobra,32945,32545,7,600
behemoth,32978,32544,7,600
behemoth,32975,32547,7,600
behemoth,32980,32547,7,600
centipede,33003,32542,7,600
centipede,33005,32544,7,600
kongra,32812,32545,7,600
kongra,32811,32546,7,600
kongra,32814,32548,7,600
sibang,32810,32549,7,600
carniphila,32921,32545,7,600
kongra,32836,32546,7,600
kongra,32837,32546,7,600
bat,32883,32549,7,600
spider,32884,32549,7,600
kongra,32760,32549,7,600
kongra,32777,32548,7,600
kongra,32777,32549,7,600
bat,32886,32552,7,600
centipede,32940,32549,7,600
centipede,32943,32550,7,600
centipede,32940,32552,7,600
sibang,32786,32547,7,600
sibang,32786,32550,7,600
sibang,32786,32553,7,600
sibang,32813,32550,7,600
sibang,32810,32552,7,600
kongra,32823,32550,7,600
sibang,32826,32549,7,600
sibang,32829,32550,7,600
sibang,32826,32552,7,600
giant spider,32994,32547,7,600
giant spider,32994,32550,7,600
carniphila,32991,32553,7,600
giant spider,32996,32553,7,600
kongra,32847,32550,7,600
kongra,32848,32552,7,600
cobra,32967,32552,7,600
cobra,32966,32554,7,600
kongra,32795,32550,7,600
kongra,32796,32553,7,600
kongra,32797,32555,7,600
purple butterfly,32897,32550,7,600
purple butterfly,32893,32552,7,600
purple butterfly,32898,32553,7,600
purple butterfly,32898,32555,7,600
bug,32893,32558,7,600
purple butterfly,32894,32558,7,600
merlkin,32835,32554,7,750
sibang,32750,32555,7,600
sibang,32750,32557,7,600
spit nettle,32959,32555,7,600
carniphila,32989,32555,7,600
cobra,32987,32558,7,600
slime,33002,32556,7,600
slime,33000,32559,7,600
slime,33005,32559,7,600
behemoth,32948,32557,7,600
kongra,32781,32558,7,600
kongra,32782,32558,7,600
cobra,32988,32561,7,600
centipede,32918,32559,7,600
centipede,32921,32559,7,600
centipede,32918,32561,7,600
centipede,32924,32561,7,600
elephant,32976,32557,7,600
elephant,32982,32557,7,600
elephant,32978,32558,7,600
elephant,32977,32559,7,600
elephant,32977,32560,7,600
crab,32691,32560,7,600
crab,32692,32562,7,600
bug,32891,32560,7,600
bug,32893,32563,7,600
sibang,32804,32559,7,600
sibang,32805,32561,7,600
merlkin,32801,32564,7,890
sibang,32804,32564,7,600
carniphila,33015,32561,7,600
carniphila,33017,32561,7,600
parrot,32818,32562,7,600
parrot,32818,32563,7,600
sibang,32822,32563,7,600
parrot,32819,32564,7,600
sibang,32847,32562,7,600
sibang,32847,32563,7,600
merlkin,32847,32565,7,800
centipede,32900,32560,7,600
centipede,32902,32562,7,600
centipede,32903,32563,7,600
centipede,32901,32566,7,600
behemoth,33009,32562,7,600
behemoth,33010,32563,7,600
kongra,32829,32562,7,600
kongra,32829,32563,7,600
spit nettle,32989,32563,7,600
spit nettle,32939,32564,7,600
tiger,32991,32563,7,600
tiger,32994,32564,7,600
tiger,32997,32566,7,600
kongra,32776,32565,7,600
kongra,32774,32567,7,600
sibang,32825,32565,7,600
sibang,32823,32567,7,600
spit nettle,32952,32565,7,600
cobra,32960,32563,7,600
tarantula,32965,32564,7,600
cobra,32961,32565,7,600
cobra,32964,32566,7,600
tarantula,32964,32567,7,600
spit nettle,33004,32565,7,600
spit nettle,32748,32566,7,600
sibang,32781,32565,7,600
sibang,32781,32566,7,600
tarantula,32970,32562,7,600
tarantula,32968,32566,7,600
tarantula,32973,32569,7,600
sibang,32770,32565,7,600
sibang,32771,32565,7,600
sibang,32772,32568,7,600
sibang,32774,32569,7,600
kongra,32788,32567,7,600
kongra,32788,32568,7,600
stone golem,33021,32566,7,600
stone golem,33022,32568,7,600
stone golem,33023,32571,7,600
sibang,32812,32568,7,600
sibang,32809,32569,7,600
sibang,32809,32570,7,600
kongra,32841,32566,7,600
kongra,32844,32567,7,600
kongra,32844,32569,7,600
spit nettle,32940,32569,7,600
centipede,32985,32569,7,600
centipede,32987,32569,7,600
centipede,32989,32571,7,600
dragon lord,33067,32570,7,2800
dragon lord,33069,32570,7,2800
deer,33239,32567,7,900
deer,33236,32570,7,900
deer,33239,32572,7,900
snake,32739,32568,7,600
snake,32737,32570,7,600
snake,32736,32572,7,600
snake,32736,32573,7,600
sibang,32797,32570,7,600
sibang,32796,32572,7,600
sibang,32797,32572,7,600
kongra,32814,32570,7,600
kongra,32816,32572,7,600
spit nettle,33012,32572,7,600
centipede,32747,32573,7,600
centipede,32746,32574,7,600
merlkin,32787,32573,7,750
wasp,32888,32573,7,600
wasp,32889,32573,7,600
wasp,32890,32575,7,600
snake,32662,32571,7,600
snake,32661,32574,7,600
snake,32662,32574,7,600
sibang,32827,32573,7,600
sibang,32826,32574,7,600
cave rat,32920,32572,7,600
cave rat,32919,32574,7,600
spit nettle,32965,32574,7,600
kongra,32756,32575,7,600
carniphila,32969,32574,7,600
carniphila,32969,32575,7,600
spit nettle,33001,32575,7,600
spit nettle,33021,32575,7,600
dragon,33072,32575,7,2600
dragon,33073,32576,7,2600
spit nettle,32992,32576,7,600
spit nettle,33009,32576,7,600
purple butterfly,32862,32573,7,600
purple butterfly,32856,32574,7,600
purple butterfly,32859,32577,7,600
purple butterfly,32859,32581,7,600
carniphila,32998,32577,7,600
swamp troll,32710,32575,7,600
swamp troll,32711,32575,7,600
swamp troll,32713,32578,7,600
merlkin,32837,32578,7,800
bug,32925,32576,7,600
bug,32928,32578,7,600
bug,32929,32580,7,600
kongra,32814,32578,7,600
kongra,32813,32579,7,600
swamp troll,32662,32580,7,600
swamp troll,32664,32580,7,600
swamp troll,32664,32583,7,600
giant spider,32952,32580,7,600
giant spider,32954,32580,7,600
spit nettle,32951,32583,7,600
cobra,32974,32577,7,600
cobra,32971,32580,7,600
cobra,32971,32583,7,600
sibang,32806,32578,7,600
sibang,32804,32580,7,600
sibang,32805,32581,7,600
sibang,32803,32584,7,600
sibang,32848,32580,7,600
sibang,32845,32581,7,600
sibang,32848,32581,7,600
cobra,32964,32580,7,600
cobra,32962,32582,7,600
cobra,32965,32582,7,600
spit nettle,32960,32586,7,600
spit nettle,33015,32582,7,600
terror bird,32671,32583,7,600
terror bird,32673,32583,7,600
spider,32744,32582,7,600
spider,32744,32583,7,600
spider,32741,32584,7,600
sibang,32797,32583,7,600
kongra,32838,32583,7,600
sibang,32868,32581,7,600
sibang,32866,32583,7,600
spider,32874,32583,7,600
spider,32875,32583,7,600
spider,32876,32584,7,600
centipede,32896,32580,7,600
centipede,32898,32581,7,600
centipede,32894,32583,7,600
centipede,32898,32586,7,600
spit nettle,33012,32583,7,600
red butterfly,32756,32584,7,600
red butterfly,32758,32584,7,600
kongra,32786,32583,7,600
kongra,32788,32584,7,600
bug,32906,32582,7,600
bug,32906,32584,7,600
bug,32903,32585,7,600
bug,32909,32585,7,600
carniphila,32984,32583,7,600
carniphila,32983,32584,7,600
hyaena,33223,32579,7,600
hyaena,33222,32581,7,600
hyaena,33218,32584,7,600
hyaena,33220,32587,7,600
hyaena,33221,32587,7,600
snake,32692,32581,7,600
snake,32695,32585,7,600
snake,32695,32587,7,600
snake,32691,32589,7,600
crab,32589,32584,7,600
crab,32590,32586,7,600
slime,32678,32586,7,600
slime,32680,32586,7,600
swamp troll,32702,32585,7,600
swamp troll,32701,32586,7,600
swamp troll,32704,32587,7,600
centipede,32886,32584,7,600
centipede,32883,32586,7,600
centipede,32884,32586,7,600
bug,32751,32587,7,600
bug,32754,32588,7,600
bug,32752,32590,7,600
carniphila,32964,32587,7,600
carniphila,32964,32589,7,600
carniphila,32962,32590,7,600
carniphila,32966,32590,7,600
giant spider,32995,32586,7,600
giant spider,32993,32587,7,600
deer,33132,32586,7,800
deer,33131,32587,7,800
tarantula,32976,32587,7,600
tarantula,32977,32588,7,600
tarantula,32974,32589,7,600
tarantula,32977,32589,7,600
cobra,33002,32587,7,600
cobra,33005,32587,7,600
cobra,32999,32588,7,600
cobra,33002,32588,7,600
spit nettle,32989,32589,7,600
slime,32709,32590,7,600
slime,32712,32590,7,600
slime,32707,32591,7,600
terror bird,32732,32588,7,600
terror bird,32731,32590,7,600
terror bird,32696,32591,7,600
kongra,32857,32592,7,600
bat,32924,32591,7,600
bat,32923,32592,7,600
bat,32925,32592,7,600
spider,32925,32596,7,600
spit nettle,32949,32592,7,600
spit nettle,32956,32592,7,600
crocodile,32665,32593,7,600
crocodile,32666,32595,7,600
centipede,32686,32592,7,600
centipede,32687,32593,7,600
centipede,32689,32595,7,600
snake,32652,32592,7,600
snake,32650,32594,7,600
snake,32651,32594,7,600
centipede,32643,32596,7,600
centipede,32643,32597,7,600
centipede,32646,32599,7,600
cave rat,32640,32600,7,600
wasp,32875,32594,7,600
wasp,32872,32596,7,600
wasp,32875,32599,7,600
carniphila,32895,32596,7,600
parrot,32904,32595,7,600
parrot,32906,32596,7,600
spider,32909,32596,7,600
spider,32924,32599,7,600
spider,32925,32599,7,600
swamp troll,32626,32595,7,600
swamp troll,32627,32597,7,600
swamp troll,32628,32598,7,600
sibang,32764,32597,7,600
kongra,32828,32597,7,600
kongra,32830,32597,7,600
tarantula,32867,32595,7,600
tarantula,32864,32597,7,600
tarantula,32867,32597,7,600
purple butterfly,32912,32596,7,600
purple butterfly,32911,32597,7,600
purple butterfly,32912,32597,7,600
purple butterfly,32915,32598,7,600
spider,32910,32599,7,600
spider,32911,32599,7,600
cobra,32670,32598,7,600
tarantula,32938,32597,7,600
tarantula,32937,32598,7,600
sibang,32967,32596,7,600
kongra,32961,32598,7,600
sibang,32964,32598,7,600
merlkin,32966,32598,7,600
sibang,32963,32599,7,600
kongra,32961,32600,7,600
merlkin,32964,32600,7,600
snake,32612,32599,7,600
snake,32614,32601,7,600
purple butterfly,32666,32597,7,600
purple butterfly,32667,32599,7,600
purple butterfly,32668,32599,7,600
cobra,32737,32599,7,600
cobra,32739,32599,7,600
cave rat,32638,32598,7,600
cave rat,32638,32600,7,600
cave rat,32654,32600,7,600
swamp troll,32658,32600,7,600
cave rat,32654,32603,7,600
swamp troll,32657,32603,7,600
swamp troll,32660,32603,7,600
kongra,32793,32600,7,600
kongra,32959,32603,7,600
kongra,32963,32603,7,600
tiger,32780,32601,7,600
cave rat,32657,32606,7,600
poison spider,32802,32602,7,600
poison spider,32799,32603,7,600
poison spider,32800,32603,7,600
flamingo,32955,32603,7,600
flamingo,32954,32605,7,600
flamingo,32953,32606,7,600
flamingo,33001,32602,7,600
flamingo,33002,32602,7,600
flamingo,33002,32603,7,600
flamingo,32999,32605,7,600
swamp troll,32680,32604,7,600
swamp troll,32678,32605,7,600
cave rat,32707,32604,7,600
cave rat,32706,32605,7,600
centipede,32859,32604,7,600
centipede,32859,32606,7,600
centipede,32855,32607,7,600
centipede,32856,32608,7,600
scorpion,32992,32603,7,600
scorpion,32991,32604,7,600
scorpion,32992,32604,7,600
wasp,32814,32605,7,600
wasp,32815,32606,7,600
blue butterfly,32900,32605,7,600
blue butterfly,32900,32607,7,600
cobra,32637,32606,7,600
crocodile,32694,32606,7,600
crocodile,32696,32606,7,600
wasp,32763,32606,7,600
wasp,32761,32607,7,600
red butterfly,32760,32608,7,600
carniphila,32793,32606,7,600
bug,32851,32606,7,600
bug,32853,32607,7,600
slime,32645,32605,7,600
slime,32649,32605,7,600
slime,32646,32607,7,600
crocodile,32650,32608,7,600
tiger,32882,32606,7,600
tiger,32884,32607,7,600
spit nettle,32906,32607,7,600
slime,32672,32609,7,600
slime,32673,32609,7,600
swamp troll,32675,32610,7,600
red butterfly,32759,32609,7,600
bat,32870,32606,7,600
bat,32876,32606,7,600
bat,32877,32606,7,600
bat,32873,32609,7,600
carniphila,32899,32609,7,600
crocodile,32651,32610,7,600
crocodile,32630,32611,7,600
crocodile,32629,32612,7,600
crocodile,32628,32614,7,600
swamp troll,32678,32611,7,600
swamp troll,32678,32614,7,600
cobra,32795,32611,7,600
swamp troll,32661,32611,7,600
swamp troll,32662,32611,7,600
swamp troll,32663,32612,7,600
swamp troll,32666,32616,7,600
wasp,32912,32610,7,600
wasp,32907,32611,7,600
wasp,32910,32612,7,600
crocodile,32622,32611,7,600
crocodile,32623,32613,7,600
crocodile,32624,32613,7,600
cobra,32689,32614,7,600
crocodile,32646,32615,7,600
crocodile,32648,32616,7,600
skunk,32867,32615,7,600
skunk,32867,32616,7,600
centipede,32711,32616,7,600
centipede,32712,32616,7,600
centipede,32710,32618,7,600
terror bird,32724,32616,7,600
snake,32731,32616,7,600
snake,32734,32617,7,600
snake,32733,32618,7,600
parrot,32768,32614,7,600
parrot,32769,32616,7,600
bat,32785,32615,7,600
tiger,32782,32616,7,600
tiger,32781,32617,7,600
bat,32783,32619,7,600
kongra,32818,32616,7,600
blue butterfly,32890,32616,7,600
blue butterfly,32888,32617,7,600
bug,32889,32617,7,600
spit nettle,32858,32617,7,600
purple butterfly,32876,32615,7,600
purple butterfly,32877,32617,7,600
purple butterfly,32880,32620,7,600
purple butterfly,32878,32621,7,600
bug,32752,32618,7,600
bug,32751,32621,7,600
bug,32755,32621,7,600
red butterfly,32810,32617,7,600
red butterfly,32809,32618,7,600
bat,32786,32619,7,600
bat,32785,32620,7,600
snake,32915,32616,7,600
snake,32915,32619,7,600
snake,32918,32620,7,600
wasp,32797,32620,7,600
wasp,32799,32620,7,600
bat,32843,32619,7,600
bat,32837,32620,7,600
bat,32838,32620,7,600
bat,32839,32620,7,600
bat,32841,32620,7,600
bat,32845,32620,7,600
bat,32848,32621,7,600
bug,32925,32620,7,600
bug,32925,32622,7,600
bug,32886,32621,7,600
bug,32886,32622,7,600
bug,32888,32622,7,600
skunk,32775,32622,7,600
skunk,32776,32622,7,600
sibang,32821,32622,7,600
snake,32951,32622,7,600
snake,32949,32623,7,600
spider,32948,32625,7,600
tarantula,32954,32625,7,600
scorpion,32956,32622,7,600
scorpion,32956,32623,7,600
scorpion,32957,32624,7,600
swamp troll,32618,32622,7,600
swamp troll,32618,32623,7,600
swamp troll,32618,32624,7,600
swamp troll,32622,32625,7,600
cave rat,32700,32624,7,600
cave rat,32702,32624,7,600
cave rat,32701,32625,7,600
crocodile,32628,32623,7,600
crocodile,32631,32625,7,600
crocodile,32632,32625,7,600
crocodile,32659,32623,7,600
crocodile,32658,32625,7,600
centipede,32803,32625,7,600
centipede,32800,32627,7,600
centipede,32801,32627,7,600
poison spider,32896,32625,7,600
poison spider,32895,32626,7,600
poison spider,32893,32628,7,600
spider,32948,32627,7,600
tarantula,32952,32627,7,600
spider,32948,32628,7,600
spit nettle,32953,32628,7,600
green djinn,33045,32625,7,600
green djinn,33045,32626,7,600
green djinn,33044,32627,7,600
crocodile,32644,32626,7,600
crocodile,32646,32627,7,600
swamp troll,32662,32625,7,600
swamp troll,32665,32626,7,600
swamp troll,32665,32629,7,600
centipede,32869,32625,7,600
centipede,32867,32626,7,600
centipede,32871,32629,7,600
centipede,32870,32630,7,600
poison spider,32862,32631,7,600
deer,33251,32623,7,600
deer,33248,32625,7,600
deer,33249,32626,7,600
flamingo,32825,32626,7,600
flamingo,32824,32627,7,600
flamingo,32824,32630,7,600
blue butterfly,32757,32629,7,600
blue butterfly,32758,32629,7,600
spider,32758,32630,7,600
scorpion,33035,32625,7,600
scorpion,33038,32627,7,600
scorpion,33037,32629,7,600
scorpion,33039,32630,7,600
bug,32734,32628,7,600
bug,32735,32629,7,600
bug,32732,32630,7,600
spider,32762,32630,7,600
spider,32766,32630,7,600
spider,32762,32631,7,600
flamingo,32940,32630,7,600
flamingo,32942,32632,7,600
flamingo,32938,32633,7,600
flamingo,32939,32634,7,600
cobra,32718,32631,7,600
snake,32793,32631,7,600
snake,32791,32632,7,600
cobra,32837,32632,7,600
swamp troll,32678,32633,7,600
swamp troll,32680,32633,7,600
swamp troll,32681,32633,7,600
poison spider,32858,32633,7,600
poison spider,32855,32634,7,600
poison spider,32862,32635,7,600
cobra,32626,32634,7,600
centipede,32751,32634,7,600
centipede,32752,32634,7,600
centipede,32748,32636,7,600
spider,32876,32635,7,600
spider,32875,32636,7,600
cobra,32768,32636,7,600
poison spider,32776,32635,7,600
poison spider,32775,32636,7,600
poison spider,32776,32636,7,600
spit nettle,32776,32639,7,600
centipede,32868,32632,7,600
centipede,32864,32635,7,600
centipede,32868,32636,7,600
centipede,32870,32640,7,600
centipede,32650,32635,7,600
centipede,32650,32637,7,600
crocodile,32702,32637,7,600
tiger,32885,32638,7,600
crocodile,32632,32637,7,600
crocodile,32633,32639,7,600
purple butterfly,32798,32636,7,600
purple butterfly,32799,32638,7,600
purple butterfly,32797,32639,7,600
purple butterfly,32793,32641,7,600
tiger,32807,32640,7,600
centipede,32843,32640,7,600
centipede,32844,32640,7,600
centipede,32844,32642,7,600
terror bird,32616,32641,7,600
terror bird,32618,32641,7,600
terror bird,32619,32644,7,600
cave rat,32621,32641,7,600
cave rat,32622,32643,7,600
slime,32644,32637,7,600
slime,32643,32638,7,600
slime,32645,32641,7,600
slime,32645,32643,7,600
purple butterfly,32744,32640,7,600
purple butterfly,32742,32642,7,600
wasp,32861,32642,7,600
wasp,32858,32645,7,600
wasp,32862,32645,7,600
snake,32862,32646,7,600
flamingo,32962,32642,7,600
flamingo,32964,32644,7,600
crocodile,32960,32645,7,600
flamingo,32961,32645,7,600
snake,32604,32645,7,600
snake,32601,32646,7,600
snake,32601,32648,7,600
spider,32974,32644,7,600
spider,32976,32644,7,600
spider,32976,32645,7,600
bat,32851,32642,7,600
bat,32848,32646,7,600
bat,32850,32646,7,600
bat,32846,32647,7,600
snake,32861,32647,7,600
dwarf soldier,32935,32646,7,600
dwarf,32939,32646,7,600
dwarf,32940,32647,7,600
dwarf guard,32936,32649,7,600
crocodile,32959,32646,7,600
spider,32800,32645,7,600
spider,32802,32647,7,600
spider,32804,32648,7,600
bug,32806,32650,7,600
bug,32803,32651,7,600
snake,32805,32651,7,600
bug,32806,32651,7,600
skunk,32749,32648,7,600
skunk,32749,32650,7,600
dwarf guard,32929,32648,7,600
dwarf guard,32928,32650,7,600
slime,32679,32649,7,600
slime,32680,32649,7,600
slime,32681,32652,7,600
cobra,32709,32649,7,600
bug,32723,32646,7,600
bug,32729,32647,7,600
bug,32726,32649,7,600
dwarf guard,32938,32651,7,600
crocodile,32902,32649,7,600
crocodile,32900,32650,7,600
snake,32808,32651,7,600
snake,32809,32653,7,600
deer,33144,32646,7,900
deer,33139,32651,7,900
deer,33140,32651,7,900
deer,33141,32652,7,900
deer,33143,32656,7,900
tarantula,32785,32649,7,600
tarantula,32780,32651,7,600
tarantula,32782,32652,7,600
carniphila,32779,32654,7,600
bat,32839,32652,7,600
bat,32840,32654,7,600
bat,32841,32655,7,600
carniphila,32845,32652,7,600
purple butterfly,32864,32651,7,600
purple butterfly,32867,32652,7,600
purple butterfly,32864,32655,7,600
purple butterfly,32866,32656,7,600
dwarf,32930,32652,7,600
dwarf,32929,32654,7,600
crocodile,32645,32653,7,600
crocodile,32646,32653,7,600
crocodile,32644,32655,7,600
carniphila,32856,32653,7,600
carniphila,32854,32654,7,600
blue butterfly,32666,32654,7,600
blue butterfly,32668,32654,7,600
bug,32803,32654,7,600
slime,32611,32655,7,600
slime,32613,32655,7,600
slime,32614,32656,7,600
wasp,32743,32655,7,600
wasp,32744,32655,7,600
bug,32796,32652,7,600
bug,32793,32655,7,600
bug,32795,32657,7,600
cobra,32590,32656,7,600
swamp troll,32658,32655,7,600
swamp troll,32661,32655,7,600
swamp troll,32662,32656,7,600
swamp troll,32660,32658,7,600
elephant,32965,32656,7,600
elephant,32969,32657,7,600
elephant,32961,32658,7,600
elephant,32961,32660,7,600
snake,32584,32654,7,600
snake,32581,32657,7,600
snake,32584,32659,7,600
crocodile,32631,32657,7,600
crocodile,32632,32657,7,600
bug,32952,32656,7,600
bug,32953,32657,7,600
bug,32953,32659,7,600
bug,32952,32661,7,600
centipede,32601,32656,7,600
purple butterfly,32598,32657,7,600
centipede,32599,32658,7,600
purple butterfly,32598,32660,7,600
purple butterfly,32601,32660,7,600
crocodile,32820,32656,7,600
crocodile,32818,32658,7,600
swamp troll,32656,32656,7,600
swamp troll,32653,32657,7,600
swamp troll,32654,32659,7,600
cave rat,32653,32661,7,600
cave rat,32654,32661,7,600
cave rat,32655,32661,7,600
cave rat,32691,32659,7,600
cave rat,32691,32660,7,600
cobra,32831,32659,7,600
skunk,32872,32658,7,600
skunk,32873,32659,7,600
purple butterfly,32594,32656,7,600
parrot,32848,32660,7,600
parrot,32849,32660,7,600
parrot,32848,32663,7,600
carniphila,32927,32660,7,600
crocodile,32678,32662,7,600
tiger,32761,32663,7,600
tiger,32763,32663,7,600
purple butterfly,32945,32661,7,600
purple butterfly,32945,32663,7,600
cave rat,32964,32663,7,600
snake,32965,32665,7,600
cave rat,32966,32665,7,600
snake,32968,32663,7,600
snake,32968,32665,7,600
swamp troll,32627,32663,7,600
swamp troll,32624,32664,7,600
swamp troll,32626,32666,7,600
crocodile,32631,32664,7,600
centipede,32856,32664,7,600
centipede,32856,32666,7,600
centipede,32857,32666,7,600
cobra,32796,32664,7,600
cobra,32795,32665,7,600
flamingo,32825,32665,7,600
flamingo,32827,32666,7,600
flamingo,32824,32668,7,600
snake,32868,32662,7,600
snake,32865,32665,7,600
snake,32864,32666,7,600
cave rat,32654,32666,7,600
cave rat,32655,32666,7,600
cave rat,32656,32668,7,600
slime,32650,32669,7,600
tiger,32786,32666,7,600
tiger,32784,32667,7,600
hyaena,33115,32662,7,600
hyaena,33111,32663,7,600
hyaena,33113,32666,7,600
hyaena,33114,32666,7,600
hyaena,33113,32671,7,600
hyaena,33116,32672,7,600
snake,32730,32665,7,600
snake,32730,32667,7,600
snake,32728,32668,7,600
tarantula,32931,32667,7,600
tarantula,32931,32668,7,600
dragon lord,33062,32668,7,1100
slime,32651,32672,7,600
slime,32653,32672,7,600
flamingo,32894,32670,7,600
flamingo,32895,32670,7,600
spit nettle,32927,32670,7,600
elephant,32946,32667,7,600
spider,32950,32668,7,600
elephant,32947,32670,7,600
elephant,32950,32672,7,600
spider,32949,32674,7,600
wasp,32976,32670,7,600
wasp,32976,32671,7,600
wasp,32975,32673,7,600
swamp troll,32624,32669,7,600
swamp troll,32624,32670,7,600
swamp troll,32622,32671,7,600
centipede,32836,32668,7,600
spider,32838,32670,7,600
centipede,32835,32671,7,600
centipede,32837,32672,7,600
centipede,32836,32675,7,600
spider,32839,32676,7,600
spider,32952,32671,7,600
centipede,32598,32673,7,600
bat,32760,32670,7,600
bat,32759,32673,7,600
bat,32756,32674,7,600
bat,32763,32676,7,600
spider,32841,32673,7,600
poison spider,32842,32674,7,600
poison spider,32842,32677,7,600
blue butterfly,32847,32672,7,600
blue butterfly,32848,32673,7,600
cave rat,32609,32673,7,600
cave rat,32611,32674,7,600
swamp troll,32672,32671,7,600
swamp troll,32674,32673,7,600
swamp troll,32674,32674,7,600
cave rat,32772,32672,7,600
cave rat,32774,32674,7,600
flamingo,32808,32674,7,600
flamingo,32810,32674,7,600
elephant,32958,32672,7,600
elephant,32961,32674,7,600
elephant,32959,32676,7,600
centipede,32965,32677,7,600
centipede,32732,32674,7,600
centipede,32731,32675,7,600
centipede,32860,32673,7,600
centipede,32859,32675,7,600
centipede,32860,32677,7,600
centipede,32863,32679,7,600
purple butterfly,32660,32675,7,600
purple butterfly,32657,32677,7,600
purple butterfly,32656,32679,7,600
cobra,32624,32678,7,600
snake,32823,32678,7,600
snake,32823,32679,7,600
poison spider,32846,32678,7,600
poison spider,32847,32679,7,600
poison spider,32848,32681,7,600
cave rat,32851,32684,7,600
elephant,32931,32678,7,600
elephant,32929,32679,7,600
elephant,32934,32679,7,600
dragon,33059,32676,7,900
dragon,33061,32678,7,900
poison spider,32724,32678,7,600
purple butterfly,32722,32679,7,600
purple butterfly,32720,32680,7,600
purple butterfly,32721,32681,7,600
poison spider,32725,32681,7,600
poison spider,32726,32681,7,600
skunk,32980,32679,7,600
skunk,32981,32681,7,600
bug,32702,32677,7,600
bug,32701,32680,7,600
bug,32699,32683,7,600
skunk,32772,32680,7,600
skunk,32773,32681,7,600
centipede,32790,32677,7,600
centipede,32789,32680,7,600
centipede,32785,32682,7,600
centipede,32790,32682,7,600
spit nettle,32827,32680,7,600
centipede,32914,32676,7,600
centipede,32915,32677,7,600
centipede,32917,32680,7,600
centipede,32915,32681,7,600
parrot,32921,32682,7,600
parrot,32919,32683,7,600
parrot,32922,32684,7,600
centipede,32968,32680,7,600
centipede,32966,32682,7,600
crocodile,32598,32679,7,600
crocodile,32600,32681,7,600
crocodile,32810,32681,7,600
crocodile,32811,32682,7,600
centipede,32648,32682,7,600
centipede,32650,32683,7,600
kongra,32877,32681,7,600
kongra,32875,32683,7,600
crocodile,32563,32684,7,600
crocodile,32565,32685,7,600
purple butterfly,32768,32682,7,600
purple butterfly,32768,32683,7,600
purple butterfly,32765,32684,7,600
tiger,32797,32684,7,600
flamingo,32898,32684,7,600
flamingo,32895,32685,7,600
flamingo,32896,32685,7,600
cobra,32897,32687,7,600
red butterfly,32659,32685,7,600
red butterfly,32660,32685,7,600
red butterfly,32661,32686,7,600
cave rat,32853,32685,7,600
elephant,32960,32684,7,600
elephant,32958,32685,7,600
elephant,32961,32685,7,600
slime,32613,32686,7,600
slime,32614,32686,7,600
spider,32791,32686,7,600
spider,32794,32686,7,600
spider,32793,32687,7,600
spider,32796,32690,7,600
red butterfly,32911,32684,7,600
red butterfly,32910,32686,7,600
slime,32575,32687,7,600
slime,32576,32689,7,600
slime,32577,32689,7,600
centipede,32828,32683,7,600
centipede,32831,32687,7,600
centipede,32828,32690,7,600
blue butterfly,32835,32690,7,600
centipede,32827,32691,7,600
blue butterfly,32834,32692,7,600
purple butterfly,32985,32687,7,600
purple butterfly,32986,32687,7,600
purple butterfly,32989,32687,7,600
bug,32712,32685,7,600
bug,32714,32686,7,600
bug,32716,32688,7,600
bug,32718,32691,7,600
centipede,32632,32690,7,600
centipede,32631,32691,7,600
purple butterfly,32850,32689,7,600
tiger,32849,32690,7,600
centipede,32682,32691,7,600
wasp,32845,32688,7,600
purple butterfly,32843,32689,7,600
wasp,32843,32690,7,600
purple butterfly,32844,32690,7,600
wasp,32846,32691,7,600
purple butterfly,32846,32693,7,600
crocodile,32565,32692,7,600
cave rat,32607,32691,7,600
cave rat,32607,32692,7,600
cave rat,32608,32693,7,600
crocodile,32621,32691,7,600
crocodile,32621,32692,7,600
snake,32777,32690,7,600
snake,32775,32692,7,600
snake,32773,32695,7,600
bug,32789,32692,7,600
bug,32791,32692,7,600
bug,32788,32694,7,600
deer,33198,32692,7,900
deer,33196,32694,7,900
purple butterfly,32851,32694,7,600
carniphila,32946,32693,7,600
carniphila,32947,32694,7,600
dragon,33074,32693,7,950
dragon,33074,32694,7,950
carniphila,32898,32694,7,600
carniphila,32900,32694,7,600
carniphila,32899,32695,7,600
elephant,32980,32692,7,600
elephant,32979,32694,7,600
elephant,32980,32694,7,600
wasp,32974,32697,7,600
elephant,32975,32698,7,600
wasp,32977,32698,7,600
elephant,32978,32698,7,600
bug,32978,32699,7,600
wasp,32977,32700,7,600
snake,32803,32692,7,600
snake,32800,32695,7,600
snake,32803,32695,7,600
bug,32823,32693,7,600
bug,32828,32694,7,600
bug,32825,32697,7,600
bug,32827,32697,7,600
carniphila,32832,32697,7,600
hyaena,33212,32696,7,600
hyaena,33210,32697,7,600
carniphila,32835,32698,7,600
carniphila,32833,32699,7,600
bug,32978,32701,7,600
flamingo,32816,32700,7,600
flamingo,32819,32701,7,600
flamingo,32816,32703,7,600
slime,32579,32700,7,600
slime,32577,32701,7,600
flamingo,32860,32700,7,600
flamingo,32862,32701,7,600
flamingo,32863,32702,7,600
tiger,32896,32701,7,600
snake,32558,32702,7,600
snake,32559,32702,7,600
snake,32557,32705,7,600
swamp troll,32804,32700,7,600
swamp troll,32805,32702,7,600
swamp troll,32805,32704,7,600
swamp troll,32808,32706,7,600
wasp,32768,32700,7,600
wasp,32769,32702,7,600
wasp,32771,32703,7,600
cobra,32853,32703,7,600
tarantula,32911,32699,7,600
tarantula,32910,32703,7,600
tarantula,32913,32703,7,600
poison spider,32909,32704,7,600
blue butterfly,32913,32704,7,600
tarantula,32911,32705,7,600
blue butterfly,32913,32706,7,600
poison spider,32907,32707,7,600
centipede,32626,32704,7,600
centipede,32628,32704,7,600
snake,32635,32702,7,600
snake,32634,32704,7,600
snake,32635,32706,7,600
centipede,32835,32703,7,600
centipede,32834,32704,7,600
snake,32972,32703,7,600
snake,32969,32704,7,600
snake,32972,32707,7,600
bat,33002,32703,7,600
bat,32997,32704,7,600
bat,33002,32704,7,600
bat,33005,32705,7,600
bat,33001,32706,7,600
carniphila,32924,32705,7,600
snake,32691,32704,7,600
snake,32691,32706,7,600
snake,32692,32706,7,600
blue butterfly,32916,32704,7,600
spit nettle,32962,32706,7,600
centipede,32668,32707,7,600
centipede,32669,32708,7,600
tarantula,32841,32707,7,600
poison spider,32903,32704,7,600
poison spider,32903,32707,7,600
cobra,32721,32708,7,600
centipede,32891,32707,7,600
centipede,32889,32708,7,600
centipede,32891,32709,7,600
purple butterfly,32892,32711,7,600
carniphila,32890,32712,7,600
purple butterfly,32891,32712,7,600
flamingo,32954,32707,7,600
flamingo,32954,32708,7,600
flamingo,32954,32710,7,600
parrot,32757,32709,7,600
parrot,32759,32709,7,600
tarantula,32826,32706,7,600
tarantula,32827,32709,7,600
tarantula,32828,32710,7,600
spider,32897,32708,7,600
wasp,32894,32709,7,600
spider,32897,32709,7,600
spider,32900,32710,7,600
wasp,32899,32712,7,600
wasp,32893,32713,7,600
wasp,32896,32713,7,600
bug,32699,32708,7,600
bug,32701,32710,7,600
bug,32699,32713,7,600
bug,32704,32713,7,600
bat,32732,32711,7,600
bat,32730,32713,7,600
bat,32731,32713,7,600
bat,32819,32711,7,600
bat,32821,32711,7,600
bat,32820,32712,7,600
purple butterfly,32819,32713,7,600
purple butterfly,32823,32715,7,600
tarantula,32764,32711,7,600
tarantula,32766,32712,7,600
carniphila,32888,32714,7,600
purple butterfly,32893,32715,7,600
snake,32751,32712,7,600
snake,32752,32713,7,600
snake,32750,32714,7,600
purple butterfly,32816,32714,7,600
centipede,32820,32716,7,600
purple butterfly,32820,32717,7,600
centipede,32821,32718,7,600
bug,32908,32713,7,600
bug,32907,32715,7,600
bug,32905,32716,7,600
cave rat,32572,32714,7,600
purple butterfly,32573,32714,7,600
cave rat,32571,32715,7,600
snake,32665,32711,7,600
snake,32669,32713,7,600
snake,32666,32714,7,600
cave rat,32598,32715,7,600
cave rat,32600,32715,7,600
wasp,32712,32715,7,600
wasp,32714,32715,7,600
wasp,32713,32718,7,600
carniphila,32864,32715,7,600
purple butterfly,32576,32716,7,600
purple butterfly,32579,32718,7,600
red butterfly,32579,32719,7,600
red butterfly,32580,32719,7,600
centipede,32817,32720,7,600
centipede,32820,32720,7,600
carniphila,32838,32717,7,600
purple butterfly,32890,32717,7,600
purple butterfly,32892,32721,7,600
purple butterfly,32896,32723,7,600
purple butterfly,32688,32717,7,600
purple butterfly,32691,32718,7,600
purple butterfly,32692,32718,7,600
skeleton,32802,32715,7,600
skeleton,32799,32718,7,600
skeleton,32798,32719,7,600
skunk,32831,32715,7,600
skunk,32830,32718,7,600
skunk,32828,32721,7,600
snake,32603,32719,7,600
snake,32605,32720,7,600
carniphila,32813,32719,7,600
carniphila,32813,32721,7,600
flamingo,32929,32717,7,600
flamingo,32930,32719,7,600
flamingo,32927,32720,7,600
cave rat,32898,32720,7,600
cave rat,32900,32721,7,600
centipede,32735,32721,7,600
centipede,32734,32722,7,600
flamingo,32863,32721,7,600
flamingo,32866,32721,7,600
flamingo,32860,32723,7,600
skunk,32881,32720,7,600
skunk,32882,32722,7,600
spider,32920,32722,7,600
spider,32921,32722,7,600
spider,32922,32722,7,600
blue butterfly,32563,32722,7,600
blue butterfly,32565,32724,7,600
tiger,32751,32724,7,600
cobra,32812,32725,7,600
spit nettle,32951,32725,7,600
bug,32676,32723,7,600
bug,32677,32726,7,600
bug,32679,32726,7,600
carniphila,32765,32726,7,600
bat,32771,32726,7,600
bat,32769,32729,7,600
bat,32771,32729,7,600
elephant,32969,32726,7,600
elephant,32971,32727,7,600
poison spider,32729,32727,7,600
poison spider,32732,32727,7,600
poison spider,32729,32728,7,600
flamingo,32798,32727,7,600
flamingo,32798,32729,7,600
centipede,32885,32728,7,600
centipede,32883,32730,7,600
centipede,32887,32730,7,600
spit nettle,32896,32728,7,600
crocodile,32948,32728,7,600
crocodile,32946,32730,7,600
crocodile,32985,32728,7,600
flamingo,32814,32727,7,600
flamingo,32816,32729,7,600
poison spider,32891,32726,7,600
poison spider,32894,32726,7,600
poison spider,32892,32729,7,600
bug,32953,32729,7,600
bug,32956,32729,7,600
bug,32954,32730,7,600
flamingo,32994,32728,7,600
flamingo,32994,32729,7,600
scarab,32996,32729,7,600
flamingo,32850,32730,7,600
flamingo,32851,32730,7,600
flamingo,32851,32731,7,600
spider,32757,32728,7,600
spider,32755,32731,7,600
spider,32757,32733,7,600
spider,32759,32733,7,600
crocodile,32808,32731,7,600
crocodile,32807,32732,7,600
scarab,32998,32731,7,600
scarab,32999,32732,7,600
centipede,32708,32729,7,600
centipede,32709,32732,7,600
centipede,32709,32735,7,600
crocodile,32867,32732,7,600
crocodile,32865,32733,7,600
purple butterfly,32862,32736,7,600
flamingo,32978,32734,7,600
flamingo,32980,32734,7,600
centipede,32777,32732,7,600
centipede,32780,32735,7,600
centipede,32781,32736,7,600
centipede,32783,32738,7,600
bug,32847,32735,7,600
bug,32846,32736,7,600
bug,32844,32739,7,600
hydra,32940,32736,7,600
wasp,32958,32736,7,600
wasp,32959,32738,7,600
wasp,32727,32736,7,600
wasp,32729,32737,7,600
wasp,32730,32740,7,600
cobra,32758,32737,7,600
purple butterfly,32857,32733,7,600
purple butterfly,32861,32737,7,600
purple butterfly,32858,32739,7,600
purple butterfly,32861,32741,7,600
bug,32764,32738,7,600
bug,32763,32740,7,600
bug,32767,32741,7,600
spider,32953,32737,7,600
spider,32950,32739,7,600
spider,32953,32740,7,600
snake,32777,32741,7,600
snake,32779,32742,7,600
carniphila,32905,32741,7,600
carniphila,32907,32741,7,600
carniphila,32908,32741,7,600
tiger,32738,32742,7,600
spit nettle,32998,32742,7,600
bug,32853,32742,7,600
bug,32847,32743,7,600
bug,32850,32743,7,600
elephant,32940,32743,7,600
elephant,32938,32744,7,600
poison spider,32985,32740,7,600
larva,32983,32742,7,600
poison spider,32986,32743,7,600
poison spider,32990,32743,7,600
larva,32985,32745,7,600
poison spider,32989,32745,7,600
larva,32987,32746,7,600
larva,32984,32748,7,600
snake,32748,32742,7,600
snake,32751,32743,7,600
snake,32750,32744,7,600
flamingo,32747,32746,7,600
spit nettle,32831,32745,7,600
flamingo,32931,32745,7,600
flamingo,32932,32745,7,600
flamingo,32928,32748,7,600
blue butterfly,32764,32745,7,600
blue butterfly,32765,32746,7,600
blue butterfly,32765,32749,7,600
parrot,32858,32746,7,600
parrot,32859,32748,7,600
crocodile,32977,32745,7,600
crocodile,32978,32746,7,600
flamingo,32745,32747,7,600
crocodile,32791,32747,7,600
crocodile,32792,32748,7,600
swamp troll,32882,32746,7,600
crocodile,32885,32747,7,600
crocodile,32887,32748,7,600
swamp troll,32884,32749,7,600
lizard sentinel,33002,32746,7,600
lizard sentinel,33002,32747,7,600
flamingo,32708,32746,7,600
flamingo,32713,32746,7,600
flamingo,32710,32748,7,600
centipede,32828,32745,7,600
centipede,32831,32748,7,600
centipede,32834,32751,7,600
elephant,32957,32746,7,600
elephant,32957,32748,7,600
swamp troll,32886,32751,7,600
bug,32883,32752,7,600
bug,32881,32753,7,600
swamp troll,32882,32753,7,600
crocodile,32806,32750,7,600
crocodile,32808,32750,7,600
slime,32967,32751,7,600
slime,32968,32751,7,600
poison spider,32966,32753,7,600
flamingo,32784,32749,7,600
flamingo,32783,32751,7,600
flamingo,32786,32752,7,600
cobra,32867,32752,7,600
cobra,32866,32754,7,600
bug,32879,32755,7,600
flamingo,32913,32752,7,600
flamingo,32911,32753,7,600
flamingo,32913,32755,7,600
hunter,32925,32751,7,600
hunter,32924,32753,7,600
cobra,32986,32752,7,600
cobra,32983,32753,7,600
cobra,32982,32754,7,600
hyaena,33267,32753,7,600
hyaena,33265,32755,7,600
hyaena,33265,32757,7,600
hyaena,33269,32758,7,600
hyaena,33271,32758,7,600
scarab,32995,32753,7,600
scarab,32996,32754,7,600
scarab,32997,32757,7,600
flamingo,32804,32755,7,600
flamingo,32806,32755,7,600
skunk,32812,32755,7,600
skunk,32813,32756,7,600
poison spider,32959,32754,7,600
poison spider,32962,32755,7,600
poison spider,32958,32759,7,600
flamingo,32900,32756,7,600
flamingo,32902,32756,7,600
flamingo,32902,32757,7,600
bug,32817,32756,7,600
bug,32819,32759,7,600
bug,32817,32760,7,600
bug,32830,32756,7,600
bug,32832,32759,7,600
bug,32833,32759,7,600
tiger,32859,32759,7,600
blue butterfly,32938,32759,7,600
blue butterfly,32938,32760,7,600
blue butterfly,32935,32763,7,600
lizard templar,32978,32758,7,600
lizard templar,32980,32760,7,600
blue butterfly,32988,32761,7,600
snake,32968,32762,7,600
snake,32970,32763,7,600
lizard sentinel,32970,32764,7,600
crocodile,32965,32765,7,600
flamingo,32721,32759,7,600
flamingo,32722,32761,7,600
flamingo,32724,32761,7,600
flamingo,32725,32763,7,600
elephant,32929,32762,7,600
elephant,32932,32762,7,600
elephant,32931,32763,7,600
flamingo,32699,32764,7,600
crocodile,32756,32764,7,600
crocodile,32754,32765,7,600
crocodile,32755,32766,7,600
lizard sentinel,32972,32764,7,600
snake,32810,32765,7,600
snake,32807,32768,7,600
snake,32808,32768,7,600
centipede,32865,32763,7,600
centipede,32863,32765,7,600
bug,32713,32763,7,600
bug,32715,32765,7,600
bug,32715,32766,7,600
bug,32719,32769,7,600
flamingo,32771,32763,7,600
flamingo,32769,32766,7,600
flamingo,32769,32767,7,600
crocodile,32963,32767,7,600
spit nettle,32989,32767,7,600
elephant,32948,32767,7,600
elephant,32948,32768,7,600
elephant,32948,32769,7,600
wasp,32946,32771,7,600
wasp,32952,32772,7,600
snake,32749,32767,7,600
snake,32748,32768,7,600
snake,32750,32769,7,600
cobra,32883,32767,7,600
cobra,32883,32769,7,600
red butterfly,32863,32770,7,600
red butterfly,32861,32771,7,600
centipede,32935,32770,7,600
spider,32939,32770,7,600
centipede,32933,32771,7,600
centipede,32934,32772,7,600
centipede,32934,32773,7,600
spider,32937,32774,7,600
spit nettle,32931,32775,7,600
spider,32940,32775,7,600
bug,32723,32770,7,600
bug,32721,32771,7,600
skunk,32826,32771,7,600
skunk,32824,32772,7,600
blue butterfly,32740,32771,7,600
blue butterfly,32743,32772,7,600
blue butterfly,32742,32774,7,600
parrot,32895,32769,7,600
parrot,32896,32772,7,600
parrot,32898,32774,7,600
wasp,32713,32773,7,600
wasp,32716,32773,7,600
wasp,32710,32775,7,600
spit nettle,32875,32773,7,600
centipede,32971,32773,7,600
lizard sentinel,32976,32773,7,600
centipede,32968,32776,7,600
centipede,32972,32777,7,600
centipede,32973,32777,7,600
poison spider,32967,32778,7,600
wasp,32934,32777,7,600
spider,32940,32778,7,600
wasp,32933,32779,7,600
wasp,32948,32774,7,600
wasp,32946,32775,7,600
poison spider,32767,32774,7,600
poison spider,32769,32775,7,600
poison spider,32767,32777,7,600
wasp,32777,32775,7,600
wasp,32776,32777,7,600
spider,32856,32772,7,600
spider,32859,32775,7,600
spider,32863,32777,7,600
spider,32857,32779,7,600
spit nettle,32964,32775,7,600
lizard sentinel,32981,32772,7,600
lizard sentinel,32979,32775,7,600
flamingo,32981,32779,7,600
bug,32697,32774,7,600
bug,32698,32775,7,600
bug,32696,32776,7,600
snake,32697,32779,7,600
tiger,32806,32776,7,600
purple butterfly,32736,32777,7,600
purple butterfly,32737,32777,7,600
purple butterfly,32738,32778,7,600
purple butterfly,32739,32780,7,600
poison spider,32824,32776,7,600
poison spider,32822,32777,7,600
poison spider,32821,32780,7,600
centipede,32907,32776,7,600
centipede,32904,32777,7,600
centipede,32905,32777,7,600
tarantula,32900,32781,7,600
flamingo,32961,32775,7,600
flamingo,32961,32777,7,600
poison spider,32964,32779,7,600
snake,32852,32779,7,600
snake,32855,32781,7,600
snake,32851,32782,7,600
wasp,32932,32781,7,600
lizard sentinel,32967,32780,7,600
lizard sentinel,32968,32780,7,600
lizard templar,33000,32776,7,600
lizard templar,33000,32778,7,600
lizard templar,32999,32779,7,600
spit nettle,32996,32781,7,600
skunk,32727,32780,7,600
skunk,32728,32780,7,600
bug,32760,32780,7,600
bug,32761,32782,7,600
bug,32758,32783,7,600
tarantula,32795,32781,7,600
tarantula,32792,32782,7,600
tarantula,32793,32783,7,600
tarantula,32898,32783,7,600
snake,32698,32782,7,600
snake,32695,32785,7,600
snake,32699,32785,7,600
flamingo,32978,32780,7,600
flamingo,32978,32782,7,600
lizard templar,32950,32783,7,600
lizard templar,32952,32783,7,600
lizard sentinel,32948,32785,7,600
poison spider,32926,32781,7,600
poison spider,32924,32784,7,600
poison spider,32924,32787,7,600
tiger,32528,32785,7,600
wasp,32730,32785,7,600
wasp,32730,32786,7,600
tarantula,32840,32784,7,600
tarantula,32840,32785,7,600
lizard sentinel,32946,32783,7,600
lizard sentinel,32945,32785,7,600
deer,33239,32784,7,600
deer,33239,32785,7,600
deer,33237,32788,7,600
centipede,32750,32783,7,600
centipede,32749,32786,7,600
centipede,32752,32786,7,600
cave rat,32848,32786,7,600
cave rat,32848,32788,7,600
poison spider,32941,32783,7,600
poison spider,32940,32786,7,600
poison spider,32941,32786,7,600
poison spider,32942,32786,7,600
red butterfly,32970,32786,7,600
red butterfly,32971,32788,7,600
bug,32828,32785,7,600
bug,32829,32787,7,600
bug,32826,32789,7,600
tiger,32909,32787,7,600
centipede,32991,32785,7,600
centipede,32992,32785,7,600
centipede,32991,32787,7,600
cobra,32992,32791,7,600
lizard sentinel,32997,32787,7,600
lizard sentinel,32999,32789,7,600
poison spider,33000,32789,7,600
poison spider,33000,32790,7,600
lion,33285,32788,7,800
wasp,32700,32789,7,600
wasp,32700,32790,7,600
snake,32897,32789,7,600
snake,32894,32792,7,600
snake,32900,32792,7,600
centipede,32931,32789,7,600
centipede,32933,32789,7,600
poison spider,33003,32791,7,600
bug,32915,32788,7,600
bug,32916,32789,7,600
bug,32917,32790,7,600
lizard templar,32964,32790,7,600
lizard templar,32967,32792,7,600
lizard templar,32963,32793,7,600
centipede,32782,32789,7,600
centipede,32783,32790,7,600
centipede,32785,32792,7,600
snake,32803,32790,7,600
snake,32802,32793,7,600
snake,32802,32794,7,600
cobra,32867,32793,7,600
cobra,32993,32793,7,600
cobra,32994,32795,7,600
lizard sentinel,32991,32797,7,600
lizard sentinel,32992,32797,7,600
lizard sentinel,32993,32797,7,600
purple butterfly,32833,32794,7,600
purple butterfly,32836,32794,7,600
purple butterfly,32838,32795,7,600
carniphila,32855,32795,7,600
bug,32879,32794,7,600
bug,32877,32795,7,600
bug,32876,32796,7,600
crocodile,32980,32792,7,600
crocodile,32979,32795,7,600
crocodile,32982,32796,7,600
lizard snakecharmer,32986,32795,7,900
tiger,32758,32796,7,600
spider,32758,32797,7,600
cobra,32916,32796,7,600
spit nettle,32990,32799,7,600
spider,32715,32799,7,600
spider,32715,32800,7,600
bug,32841,32799,7,600
bug,32842,32799,7,600
bug,32839,32800,7,600
tarantula,32907,32799,7,600
tarantula,32908,32800,7,600
spider,32761,32800,7,600
blue butterfly,32760,32801,7,600
blue butterfly,32759,32803,7,600
spider,32760,32803,7,600
poison spider,32702,32798,7,600
poison spider,32696,32801,7,600
poison spider,32699,32801,7,600
bug,32781,32802,7,600
bug,32782,32802,7,600
bug,32783,32803,7,600
red butterfly,32860,32802,7,600
red butterfly,32859,32804,7,600
crocodile,32968,32802,7,600
crocodile,32969,32803,7,600
flamingo,32955,32803,7,600
flamingo,32954,32804,7,600
red butterfly,32799,32804,7,600
red butterfly,32797,32805,7,600
red butterfly,32801,32805,7,600
lizard templar,32990,32804,7,600
lizard templar,32989,32806,7,600
lizard templar,32991,32807,7,600
poison spider,32705,32802,7,600
poison spider,32711,32803,7,600
poison spider,32708,32805,7,600
bug,32712,32806,7,600
poison spider,32933,32801,7,600
poison spider,32931,32804,7,600
poison spider,32930,32805,7,600
poison spider,32932,32809,7,600
snake,32727,32804,7,600
snake,32728,32806,7,600
snake,32729,32807,7,600
parrot,32804,32805,7,600
parrot,32804,32806,7,600
centipede,32902,32801,7,600
centipede,32899,32804,7,600
centipede,32897,32806,7,600
centipede,32899,32806,7,600
centipede,32893,32811,7,600
lizard sentinel,32977,32804,7,600
lizard sentinel,32976,32806,7,600
lizard sentinel,32979,32806,7,600
lizard sentinel,32976,32807,7,600
spit nettle,32972,32811,7,600
bug,32714,32808,7,600
bug,32715,32809,7,600
wasp,32864,32808,7,600
wasp,32865,32809,7,600
purple butterfly,32597,32805,7,600
purple butterfly,32597,32807,7,600
purple butterfly,32602,32807,7,600
purple butterfly,32599,32809,7,600
bug,32829,32809,7,600
bug,32831,32811,7,600
bug,32827,32812,7,600
spit nettle,32961,32809,7,600
flamingo,32941,32810,7,600
flamingo,32943,32810,7,600
flamingo,32941,32813,7,600
purple butterfly,32789,32807,7,600
skunk,32787,32810,7,600
skunk,32785,32811,7,600
purple butterfly,32787,32811,7,600
purple butterfly,32788,32812,7,600
skunk,32785,32813,7,600
purple butterfly,32784,32815,7,600
hyaena,33042,32808,7,600
hyaena,33042,32811,7,600
hyaena,33045,32811,7,600
cobra,32747,32812,7,600
lizard sentinel,32983,32812,7,600
lizard sentinel,32984,32812,7,600
lizard sentinel,32980,32813,7,600
lizard sentinel,32995,32811,7,600
lizard sentinel,32995,32812,7,600
centipede,32916,32812,7,600
centipede,32920,32813,7,600
centipede,32922,32816,7,600
centipede,32924,32816,7,600
lizard templar,32964,32811,7,600
lizard templar,32963,32813,7,600
poison spider,32875,32812,7,600
poison spider,32876,32812,7,600
poison spider,32878,32814,7,600
spit nettle,32953,32814,7,600
wasp,32630,32814,7,600
wasp,32630,32815,7,600
wasp,32631,32818,7,600
bug,32701,32813,7,600
bug,32704,32815,7,600
bug,32703,32818,7,600
spider,32664,32815,7,600
spider,32663,32816,7,600
snake,32692,32813,7,600
snake,32689,32816,7,600
snake,32690,32816,7,600
lizard templar,32976,32816,7,600
lizard templar,32977,32817,7,600
lizard sentinel,32976,32819,7,600
bug,32834,32817,7,600
bug,32832,32818,7,600
bug,32834,32819,7,600
wasp,32824,32817,7,600
wasp,32825,32818,7,600
bug,32766,32818,7,600
bug,32764,32819,7,600
centipede,32773,32818,7,600
centipede,32774,32819,7,600
centipede,32774,32822,7,600
lizard sentinel,32960,32819,7,600
lizard sentinel,32962,32819,7,600
lizard sentinel,32958,32820,7,600
cobra,32959,32821,7,600
cobra,32960,32822,7,600
centipede,32612,32820,7,600
centipede,32611,32821,7,600
snake,32639,32820,7,600
snake,32636,32821,7,600
snake,32641,32821,7,600
snake,32635,32823,7,600
snake,32635,32824,7,600
lizard templar,32987,32818,7,600
lizard templar,32990,32820,7,600
lizard templar,32991,32823,7,600
purple butterfly,32678,32820,7,600
purple butterfly,32681,32820,7,600
purple butterfly,32682,32821,7,600
purple butterfly,32680,32825,7,600
snake,32886,32819,7,600
snake,32889,32821,7,600
snake,32892,32821,7,600
spider,32890,32823,7,600
spit nettle,32946,32821,7,600
lizard snakecharmer,32953,32821,7,650
lizard templar,32962,32824,7,600
dworc fleshhunter,32908,32820,7,600
dworc fleshhunter,32911,32822,7,600
dworc venomsniper,32909,32823,7,600
dworc venomsniper,32910,32824,7,600
dworc fleshhunter,32910,32825,7,600
lizard sentinel,32978,32822,7,600
lizard sentinel,32976,32825,7,600
lizard templar,32978,32826,7,600
cobra,32998,32822,7,600
cobra,32998,32824,7,600
cobra,33000,32825,7,600
lizard templar,32998,32826,7,600
tarantula,32878,32823,7,600
purple butterfly,32605,32824,7,600
purple butterfly,32604,32825,7,600
purple butterfly,32607,32827,7,600
snake,32634,32822,7,600
poison spider,32654,32824,7,600
poison spider,32653,32826,7,600
red butterfly,32610,32824,7,600
red butterfly,32612,32825,7,600
cobra,32873,32825,7,600
lizard templar,32964,32825,7,600
lizard templar,32977,32827,7,600
deer,33260,32822,7,600
deer,33261,32826,7,600
deer,33257,32830,7,600
deer,33260,32830,7,600
spider,32539,32825,7,600
spider,32535,32826,7,600
spider,32538,32827,7,600
poison spider,32540,32830,7,600
spider,32583,32825,7,600
spider,32584,32827,7,600
spider,32583,32829,7,600
cobra,32712,32827,7,600
spider,32893,32827,7,600
spider,32893,32829,7,600
spider,32896,32831,7,600
spit nettle,32985,32827,7,600
purple butterfly,32640,32828,7,600
purple butterfly,32640,32829,7,600
cobra,32671,32828,7,600
centipede,32846,32826,7,600
centipede,32845,32828,7,600
lizard templar,32951,32828,7,600
lizard templar,32951,32830,7,600
spit nettle,32993,32829,7,600
lizard templar,33000,32829,7,600
lizard templar,32998,32830,7,600
cave rat,32634,32830,7,600
wasp,32576,32828,7,600
wasp,32576,32830,7,600
wasp,32575,32831,7,600
poison spider,32913,32828,7,600
poison spider,32907,32829,7,600
poison spider,32911,32831,7,600
bug,32908,32834,7,600
poison spider,32910,32835,7,600
lizard sentinel,32959,32828,7,600
lizard sentinel,32960,32829,7,600
lizard sentinel,32958,32831,7,600
lizard sentinel,32970,32829,7,600
lizard sentinel,32973,32831,7,600
lizard sentinel,32972,32832,7,600
crocodile,32969,32833,7,600
lizard sentinel,33008,32829,7,600
lizard sentinel,33005,32830,7,600
lizard sentinel,33005,32831,7,600
poison spider,32543,32832,7,600
poison spider,32540,32833,7,600
lizard templar,32943,32831,7,600
lizard templar,32942,32832,7,600
lizard templar,32940,32836,7,600
lizard templar,32943,32836,7,600
crocodile,32968,32832,7,600
lizard snakecharmer,32964,32833,7,600
lizard sentinel,32978,32834,7,600
lizard sentinel,32979,32836,7,600
blue butterfly,32870,32833,7,600
blue butterfly,32872,32835,7,600
skunk,32873,32836,7,600
skunk,32872,32838,7,600
lizard sentinel,32963,32835,7,600
lizard sentinel,32964,32835,7,600
purple butterfly,32556,32836,7,600
purple butterfly,32555,32837,7,600
purple butterfly,32556,32837,7,600
cobra,32618,32837,7,600
purple butterfly,32631,32837,7,600
purple butterfly,32635,32838,7,600
purple butterfly,32636,32838,7,600
purple butterfly,32628,32841,7,600
purple butterfly,32629,32841,7,600
snake,32709,32835,7,600
snake,32710,32837,7,600
bug,32905,32837,7,600
bug,32907,32837,7,600
centipede,32581,32837,7,600
centipede,32583,32837,7,600
centipede,32580,32838,7,600
centipede,32889,32834,7,600
centipede,32886,32835,7,600
centipede,32883,32837,7,600
centipede,32887,32838,7,600
lizard templar,32951,32838,7,600
lizard templar,32953,32838,7,600
lizard snakecharmer,32952,32840,7,600
lizard templar,32948,32841,7,600
lizard sentinel,32984,32839,7,600
lizard sentinel,32981,32840,7,600
lizard templar,32982,32840,7,600
lizard templar,32982,32841,7,600
lizard sentinel,32981,32842,7,600
wasp,32840,32837,7,600
wasp,32841,32840,7,600
wasp,32841,32843,7,600
lizard templar,32974,32840,7,600
poison spider,32761,32841,7,600
poison spider,32763,32841,7,600
poison spider,32764,32841,7,600
poison spider,32759,32845,7,600
terror bird,32658,32840,7,600
terror bird,32659,32842,7,600
cobra,32800,32842,7,600
cave rat,32752,32843,7,600
cave rat,32754,32843,7,600
lizard sentinel,32942,32842,7,600
lizard snakecharmer,32941,32843,7,600
lizard sentinel,32940,32844,7,600
lizard sentinel,32941,32840,7,600
lizard sentinel,32936,32845,7,600
blue butterfly,32576,32846,7,600
blue butterfly,32575,32848,7,600
snake,32717,32843,7,600
snake,32719,32845,7,600
snake,32717,32846,7,600
spit nettle,32827,32847,7,600
snake,32802,32846,7,600
snake,32805,32847,7,600
snake,32803,32848,7,600
panda,32879,32848,7,600
panda,32880,32848,7,600
lizard sentinel,32956,32848,7,600
lizard templar,32958,32848,7,600
lizard templar,32959,32850,7,600
lizard templar,32956,32851,7,600
lizard sentinel,32957,32851,7,600
lizard sentinel,32959,32851,7,600
lizard snakecharmer,32958,32852,7,600
lizard sentinel,32934,32848,7,600
lizard sentinel,32929,32849,7,600
lizard sentinel,32932,32849,7,600
crab,32540,32849,7,600
crab,32540,32850,7,600
crab,32542,32852,7,600
lizard sentinel,32952,32853,7,600
lizard sentinel,32953,32854,7,600
lizard templar,32955,32854,7,600
lizard snakecharmer,32958,32854,7,600
cobra,32956,32856,7,600
lizard templar,32977,32851,7,600
lizard templar,32978,32851,7,600
centipede,32811,32850,7,600
centipede,32815,32850,7,600
centipede,32812,32853,7,600
skunk,32822,32851,7,600
skunk,32822,32853,7,600
cobra,32886,32853,7,600
tarantula,32856,32854,7,600
tarantula,32854,32856,7,600
lizard sentinel,32955,32857,7,600
cobra,32956,32858,7,600
terror bird,32573,32855,7,600
poison spider,32876,32852,7,600
poison spider,32878,32855,7,600
poison spider,32879,32858,7,600
lizard snakecharmer,32928,32855,7,650
lizard sentinel,32981,32852,7,600
lizard sentinel,32982,32855,7,600
lizard sentinel,32984,32855,7,600
lizard snakecharmer,32985,32857,7,650
flamingo,32898,32856,7,600
flamingo,32897,32858,7,600
flamingo,32898,32858,7,600
lizard snakecharmer,32938,32856,7,600
lizard sentinel,32939,32857,7,600
wasp,32661,32856,7,600
wasp,32664,32857,7,600
wasp,32664,32859,7,600
snake,32710,32857,7,600
snake,32710,32858,7,600
red butterfly,32790,32857,7,600
red butterfly,32793,32857,7,600
red butterfly,32789,32858,7,600
cobra,32917,32855,7,600
lizard sentinel,32914,32857,7,600
cobra,32917,32857,7,600
cobra,32933,32856,7,600
cobra,32932,32857,7,600
purple butterfly,32606,32856,7,600
purple butterfly,32604,32858,7,600
blue butterfly,32682,32858,7,600
blue butterfly,32681,32860,7,600
spider,32836,32855,7,600
spider,32834,32858,7,600
spider,32833,32859,7,600
lizard sentinel,32937,32858,7,600
lizard sentinel,32940,32858,7,600
centipede,32646,32859,7,600
centipede,32649,32861,7,600
centipede,32648,32862,7,600
cobra,32828,32859,7,600
lizard sentinel,32913,32859,7,600
lizard templar,32965,32859,7,600
lizard templar,32967,32859,7,600
lizard templar,32961,32860,7,600
lizard templar,32967,32862,7,600
centipede,32700,32858,7,600
centipede,32696,32859,7,600
centipede,32699,32860,7,600
red butterfly,32695,32864,7,600
lizard snakecharmer,32951,32860,7,600
panda,32615,32861,7,600
panda,32616,32862,7,600
spider,32640,32861,7,600
spider,32638,32863,7,600
spider,32639,32863,7,600
lizard templar,32928,32858,7,600
lizard templar,32925,32861,7,600
lizard templar,32926,32861,7,600
tarantula,32690,32862,7,600
tarantula,32692,32862,7,600
snake,32762,32862,7,600
snake,32761,32864,7,600
snake,32764,32865,7,600
poison spider,32574,32863,7,600
poison spider,32576,32864,7,600
poison spider,32574,32867,7,600
poison spider,32577,32867,7,600
centipede,32603,32863,7,600
poison spider,32865,32862,7,600
poison spider,32866,32863,7,600
poison spider,32864,32864,7,600
deer,33024,32860,7,600
deer,33024,32861,7,600
deer,33025,32863,7,600
wasp,32722,32864,7,600
wasp,32722,32865,7,600
wasp,32725,32866,7,600
bug,32884,32861,7,600
bug,32881,32864,7,600
bug,32884,32864,7,600
lizard snakecharmer,32937,32864,7,600
red butterfly,32696,32865,7,600
crocodile,32916,32865,7,600
lizard sentinel,32914,32866,7,600
crocodile,32917,32866,7,600
lizard sentinel,32917,32867,7,600
lizard sentinel,32959,32862,7,600
lizard sentinel,32958,32865,7,600
lizard snakecharmer,32960,32865,7,650
centipede,32851,32864,7,600
centipede,32854,32864,7,600
centipede,32852,32866,7,600
centipede,32774,32867,7,600
centipede,32776,32868,7,600
centipede,32775,32870,7,600
lizard sentinel,32917,32869,7,600
lizard templar,32927,32866,7,600
lizard templar,32929,32868,7,600
lizard templar,32927,32869,7,600
crab,32558,32869,7,3600
cobra,32909,32869,7,600
cobra,32908,32870,7,600
lizard snakecharmer,32947,32870,7,600
wasp,32783,32869,7,600
wasp,32786,32871,7,600
wasp,32785,32873,7,600
lizard sentinel,32937,32871,7,600
lizard sentinel,32938,32872,7,600
tarantula,32656,32873,7,600
flamingo,32876,32871,7,600
flamingo,32876,32873,7,600
tarantula,32807,32873,7,600
tarantula,32809,32874,7,600
lizard sentinel,32926,32874,7,600
lizard sentinel,32929,32874,7,600
lizard sentinel,32931,32875,7,600
terror bird,32697,32875,7,600
terror bird,32698,32875,7,600
lizard sentinel,32923,32875,7,600
lizard sentinel,32921,32878,7,600
lizard templar,32916,32873,7,600
lizard templar,32914,32876,7,600
lizard sentinel,32915,32877,7,600
lizard sentinel,32913,32878,7,600
lizard templar,32915,32878,7,600
lizard sentinel,32946,32875,7,600
lizard sentinel,32948,32876,7,600
lizard templar,32955,32876,7,600
lizard templar,32956,32876,7,600
lizard templar,32956,32877,7,600
lizard sentinel,32902,32877,7,600
lizard sentinel,32903,32877,7,600
panda,32852,32877,7,600
panda,32850,32878,7,600
cobra,32735,32884,7,600
lizard templar,32949,32884,7,600
lizard templar,32947,32885,7,600
purple butterfly,32819,32885,7,600
purple butterfly,32821,32885,7,600
purple butterfly,32822,32885,7,600
purple butterfly,32818,32886,7,600
lizard templar,32921,32885,7,600
lizard templar,32921,32886,7,600
lizard templar,32923,32886,7,600
crocodile,32925,32887,7,600
crab,32875,32886,7,600
crab,32877,32888,7,600
lizard sentinel,32933,32883,7,600
lizard sentinel,32931,32886,7,600
lizard snakecharmer,32932,32887,7,600
lizard sentinel,32928,32889,7,600
panda,32630,32888,7,600
panda,32630,32890,7,600
centipede,32754,32887,7,600
centipede,32752,32889,7,600
spit nettle,32755,32889,7,600
centipede,32752,32890,7,600
cobra,32849,32889,7,600
crocodile,32926,32889,7,600
purple butterfly,32663,32889,7,600
purple butterfly,32666,32889,7,600
purple butterfly,32663,32890,7,600
purple butterfly,32659,32891,7,600
tarantula,32706,32887,7,600
tarantula,32706,32890,7,600
tarantula,32704,32893,7,600
tarantula,32725,32887,7,600
tarantula,32725,32888,7,600
tarantula,32725,32890,7,600
snake,32821,32891,7,600
snake,32819,32893,7,600
lizard templar,32912,32892,7,600
lizard templar,32913,32892,7,600
lizard sentinel,32917,32893,7,600
lizard sentinel,32917,32894,7,600
terror bird,32643,32894,7,600
poison spider,32840,32892,7,600
poison spider,32844,32895,7,600
poison spider,32840,32899,7,600
poison spider,32842,32899,7,600
poison spider,32633,32897,7,600
poison spider,32636,32897,7,600
poison spider,32632,32900,7,600
poison spider,32635,32900,7,600
panda,32639,32901,7,600
panda,32641,32901,7,600
panda,32642,32901,7,600
spit nettle,32657,32901,7,600
crab,32604,32902,7,600
crab,32605,32903,7,600
spit nettle,32612,32903,7,600
spider,32683,32902,7,600
spider,32682,32903,7,600
spider,32743,32902,7,600
spider,32745,32903,7,600
purple butterfly,32776,32902,7,600
purple butterfly,32767,32904,7,600
purple butterfly,32772,32904,7,600
purple butterfly,32768,32905,7,600
purple butterfly,32772,32906,7,600
tarantula,32774,32908,7,600
tarantula,32773,32909,7,600
spit nettle,32602,32908,7,600
centipede,32609,32908,7,600
centipede,32610,32908,7,600
centipede,32613,32909,7,600
centipede,32606,32911,7,600
centipede,32613,32911,7,600
spit nettle,32605,32912,7,600
centipede,32816,32908,7,600
centipede,32814,32910,7,600
centipede,32815,32910,7,600
poison spider,32759,32906,7,600
poison spider,32761,32909,7,600
poison spider,32763,32909,7,600
poison spider,32765,32912,7,600
tarantula,32770,32912,7,600
spit nettle,32599,32910,7,600
blue butterfly,32790,32910,7,600
blue butterfly,32793,32912,7,600
blue butterfly,32790,32913,7,600
spit nettle,32599,32914,7,600
dworc fleshhunter,32708,32913,7,600
dworc fleshhunter,32706,32915,7,600
dworc fleshhunter,32705,32918,7,600
panda,32799,32915,7,600
panda,32798,32917,7,600
tarantula,32685,32916,7,600
tarantula,32687,32916,7,600
cobra,32792,32918,7,600
cobra,32792,32919,7,600
spit nettle,32614,32920,7,600
spit nettle,32740,32921,7,600
purple butterfly,32713,32923,7,600
purple butterfly,32710,32924,7,600
purple butterfly,32708,32925,7,600
purple butterfly,32712,32928,7,600
purple butterfly,32713,32928,7,600
panda,32656,32924,7,600
panda,32655,32925,7,600
panda,32799,32925,7,600
panda,32801,32925,7,600
centipede,32665,32922,7,600
centipede,32665,32925,7,600
centipede,32666,32926,7,600
centipede,32668,32927,7,600
dworc venomsniper,32666,32931,7,600
dworc venomsniper,32668,32931,7,600
centipede,32754,32922,7,600
centipede,32759,32922,7,600
centipede,32755,32926,7,600
centipede,32753,32928,7,600
spit nettle,32761,32926,7,600
poison spider,32812,32921,7,600
poison spider,32819,32925,7,600
poison spider,32816,32926,7,600
poison spider,32815,32928,7,600
poison spider,32817,32929,7,600
spit nettle,32689,32927,7,600
poison spider,32677,32928,7,600
poison spider,32678,32928,7,600
poison spider,32682,32929,7,600
poison spider,32675,32932,7,600
cobra,32735,32929,7,600
centipede,32782,32928,7,600
centipede,32784,32928,7,600
centipede,32784,32931,7,600
panda,32804,32929,7,600
panda,32804,32931,7,600
panda,32758,32932,7,600
panda,32756,32934,7,600
spit nettle,32707,32934,7,600
centipede,32726,32935,7,600
centipede,32723,32937,7,600
spit nettle,32726,32937,7,600
centipede,32723,32938,7,600
dworc fleshhunter,32728,32938,7,600
cobra,32668,32936,7,600
cobra,32668,32937,7,600
dworc fleshhunter,32728,32940,7,600
dworc fleshhunter,32687,32939,7,600
dworc fleshhunter,32688,32942,7,600
dworc fleshhunter,32690,32942,7,600
dworc fleshhunter,32714,32937,7,600
dworc fleshhunter,32714,32939,7,600
dworc fleshhunter,32714,32940,7,600
centipede,32700,32942,7,600
centipede,32702,32944,7,600
centipede,32697,32945,7,600
spit nettle,32704,32946,7,600
spit nettle,32728,32943,7,600
dworc venomsniper,32682,32944,7,600
dworc venomsniper,32682,32946,7,600
dworc fleshhunter,32680,32947,7,600
dworc fleshhunter,32681,32948,7,600
poison spider,32712,32946,7,600
poison spider,32714,32946,7,600
dworc venomsniper,32717,32946,7,600
poison spider,32716,32947,7,600
dworc venomsniper,32715,32948,7,600
poison spider,32708,32950,7,600
panda,32709,32951,7,600
chicken,32812,32946,7,600
crypt shambler,32811,32947,7,600
crypt shambler,32810,32948,7,600
dworc voodoomaster,32811,32949,7,600
dworc voodoomaster,32812,32949,7,600
dworc voodoomaster,32809,32950,7,600
panda,32709,32952,7,600
panda,32686,32952,7,600
panda,32685,32953,7,600
dworc venomsniper,32701,32952,7,600
dworc venomsniper,32701,32953,7,600
spit nettle,32701,32955,7,600
dworc venomsniper,32698,32959,7,600
dworc venomsniper,32700,32960,7,600
dworc venomsniper,32698,32962,7,600
rotworm,32028,31540,8,500
rotworm,32028,31542,8,500
spider,31984,31542,8,500
spider,31982,31543,8,500
spider,31982,31544,8,500
spider,32085,31549,8,600
spider,32082,31550,8,600
spider,32085,31550,8,600
rotworm,32029,31552,8,500
rotworm,32027,31553,8,500
rotworm,32029,31555,8,500
frost troll,31981,31565,8,600
frost troll,31981,31566,8,600
frost troll,31984,31566,8,600
snake,32044,31565,8,800
frost troll,31998,31567,8,600
frost troll,31997,31569,8,600
frost troll,32096,31571,8,650
frost troll,32098,31572,8,650
frost troll,31995,31572,8,600
frost troll,31995,31573,8,600
spider,32045,31574,8,600
spider,32044,31575,8,600
spider,32045,31577,8,600
amazon,32415,31578,8,600
amazon,32416,31579,8,600
amazon,32429,31577,8,600
amazon,32430,31578,8,600
poison spider,32464,31577,8,700
poison spider,32460,31578,8,700
poison spider,32461,31578,8,700
poison spider,32465,31578,8,700
poison spider,32458,31579,8,700
poison spider,32466,31580,8,700
scorpion,32819,31573,8,300
scorpion,32811,31577,8,300
scorpion,32811,31578,8,300
scorpion,32812,31578,8,300
scorpion,32806,31579,8,300
scorpion,32808,31579,8,300
scorpion,32807,31580,8,300
scorpion,32810,31580,8,300
frost troll,32132,31576,8,650
frost troll,32132,31580,8,650
frost troll,32131,31581,8,650
frost troll,32132,31583,8,650
frost troll,32133,31584,8,650
poison spider,32002,31583,8,600
poison spider,32005,31583,8,600
poison spider,32006,31583,8,600
poison spider,32009,31584,8,600
poison spider,32011,31588,8,600
poison spider,32043,31581,8,700
poison spider,32042,31582,8,700
poison spider,32044,31583,8,700
poison spider,32042,31584,8,700
rotworm,32781,31583,8,500
rotworm,32492,31582,8,500
rotworm,32488,31584,8,500
rotworm,32492,31584,8,500
rotworm,32488,31585,8,500
amazon,32410,31590,8,600
amazon,32411,31592,8,600
rotworm,31985,31591,8,500
rat,32125,31591,8,600
rat,32126,31591,8,600
skeleton,32729,31591,8,400
skeleton,32730,31591,8,400
ghoul,32732,31592,8,400
skeleton,32732,31593,8,400
rotworm,31992,31592,8,500
rotworm,31994,31593,8,500
spider,32092,31587,8,700
spider,32098,31589,8,700
spider,32101,31589,8,700
spider,32094,31590,8,700
spider,32095,31592,8,700
spider,32097,31592,8,700
spider,32090,31593,8,700
amazon,32420,31592,8,600
amazon,32421,31592,8,600
rotworm,32514,31591,8,500
rotworm,32513,31593,8,500
rotworm,32820,31593,8,500
rotworm,32822,31593,8,500
skeleton,32722,31595,8,600
skeleton,32723,31596,8,600
skeleton,32723,31598,8,600
winter wolf,32133,31597,8,600
winter wolf,32135,31597,8,600
skeleton,32689,31596,8,400
skeleton,32690,31598,8,400
snake,32714,31598,8,600
snake,32714,31600,8,600
rotworm,31986,31597,8,500
rotworm,31984,31599,8,500
rotworm,32001,31599,8,700
rotworm,32000,31601,8,700
winter wolf,31957,31601,8,600
winter wolf,31958,31601,8,600
winter wolf,31958,31604,8,600
rotworm,32007,31604,8,500
elf,32643,31606,8,600
elf,32645,31606,8,600
elf,32642,31608,8,600
poison spider,32708,31604,8,400
poison spider,32702,31608,8,400
poison spider,32704,31608,8,400
poison spider,32704,31609,8,400
rotworm,32711,31608,8,500
rotworm,32712,31610,8,500
rotworm,32155,31609,8,700
rotworm,32156,31609,8,700
elf,32650,31607,8,600
elf,32649,31610,8,600
elf,32651,31611,8,600
elf arcanist,32654,31611,8,600
elf scout,32649,31612,8,600
elf scout,32649,31613,8,600
spider,32440,31611,8,600
spider,32438,31612,8,600
spider,32444,31612,8,600
spider,32437,31613,8,600
spider,32440,31613,8,600
spider,32443,31613,8,600
spider,32433,31616,8,600
spider,32431,31618,8,600
rotworm,32783,31613,8,500
rotworm,32787,31613,8,500
rotworm,32784,31615,8,500
rotworm,32791,31615,8,500
rotworm,31999,31614,8,500
rotworm,32721,31613,8,500
rotworm,32718,31615,8,500
rotworm,32721,31615,8,500
troll,32109,31616,8,600
troll,32107,31617,8,600
spider,31962,31618,8,600
spider,31961,31619,8,600
spider,31963,31619,8,600
troll,32092,31616,8,650
troll,32093,31616,8,650
troll,32093,31617,8,650
troll,32095,31618,8,650
troll,32097,31619,8,650
troll,32098,31621,8,650
bug,31945,31620,8,700
bug,31945,31622,8,700
rotworm,31985,31619,8,500
rotworm,31983,31621,8,500
rotworm,32511,31625,8,500
rotworm,32512,31625,8,500
rotworm,32512,31626,8,500
elf scout,32627,31624,8,600
elf,32627,31625,8,600
elf,32626,31626,8,600
elf scout,32629,31626,8,600
elf,32627,31627,8,600
elf,32630,31627,8,600
skeleton,32717,31624,8,600
skeleton,32714,31625,8,600
skeleton,32716,31625,8,600
ghoul,32717,31626,8,800
troll,32117,31623,8,600
troll,32120,31625,8,600
troll,32116,31626,8,600
troll,32119,31626,8,600
skeleton,32701,31626,8,600
skeleton,32701,31627,8,600
spider,32411,31628,8,600
spider,32409,31630,8,600
wild warrior,33161,31626,8,600
wild warrior,33163,31627,8,600
wild warrior,33162,31628,8,600
slime,32700,31632,8,500
frost troll,32153,31631,8,600
frost troll,32156,31631,8,600
frost troll,32153,31633,8,600
rat,32658,31633,8,600
rat,32653,31635,8,600
rat,32656,31635,8,600
rotworm,32652,31636,8,500
rat,32654,31636,8,600
rat,32653,31638,8,600
slime,32723,31634,8,600
frost troll,32164,31636,8,600
rotworm,32651,31637,8,500
dragon,33074,31635,8,600
dragon,33075,31636,8,600
rotworm,31964,31636,8,500
rotworm,31963,31637,8,500
spider,32435,31633,8,600
spider,32429,31635,8,600
spider,32435,31635,8,600
spider,32437,31635,8,600
spider,32441,31635,8,600
spider,32436,31637,8,600
spider,32434,31638,8,600
spider,32450,31636,8,600
spider,32452,31638,8,600
rotworm,32713,31638,8,500
rotworm,32714,31638,8,500
bug,32017,31639,8,600
bug,32017,31641,8,600
minotaur archer,32018,31642,8,700
dwarf,32588,31639,8,600
orc warrior,32584,31638,8,600
minotaur,32585,31639,8,600
troll,32582,31640,8,500
minotaur,32585,31640,8,600
orc warrior,32586,31640,8,600
troll,32582,31641,8,500
minotaur,32584,31641,8,600
orc warrior,32585,31641,8,600
orc spearman,32589,31641,8,600
troll,32585,31642,8,500
troll,32586,31644,8,500
minotaur,32594,31640,8,600
minotaur,32596,31640,8,600
demon skeleton,33145,31640,8,600
stalker,33145,31641,8,600
demon skeleton,33146,31641,8,600
stalker,33145,31642,8,600
stalker,33144,31643,8,600
orc spearman,32583,31646,8,300
troll,32584,31646,8,500
orc spearman,32582,31647,8,300
frost troll,31986,31642,8,600
frost troll,31986,31643,8,600
bug,32011,31642,8,600
bug,32012,31642,8,600
minotaur,32029,31639,8,600
minotaur,32032,31639,8,600
minotaur,32030,31642,8,600
minotaur,32096,31643,8,600
minotaur,32095,31645,8,600
frost troll,32163,31644,8,600
frost troll,32164,31646,8,600
spider,32464,31645,8,600
spider,32465,31645,8,600
spider,32467,31646,8,600
spider,32469,31647,8,600
minotaur,32017,31647,8,600
minotaur,32017,31649,8,600
orc warrior,32581,31649,8,600
orc,32583,31650,8,600
orc,32584,31650,8,600
frost troll,31986,31646,8,700
frost troll,31989,31646,8,700
frost troll,31988,31648,8,700
rat,32400,31642,8,600
rat,32399,31644,8,600
rat,32399,31645,8,600
rat,32395,31646,8,600
rat,32394,31647,8,600
rat,32396,31647,8,600
rat,32395,31648,8,600
poison spider,32415,31649,8,600
poison spider,32415,31651,8,600
orc,32591,31647,8,600
orc warrior,32594,31650,8,600
orc warrior,32594,31652,8,600
dragon,33100,31650,8,600
orc warrior,32582,31651,8,600
minotaur,32583,31651,8,600
orc warrior,32583,31652,8,600
orc,32587,31651,8,600
dragon,33053,31651,8,600
dragon,33051,31652,8,600
dragon,33089,31648,8,600
dragon,33085,31651,8,600
dragon,33088,31651,8,600
dragon,33081,31655,8,600
wild warrior,33122,31649,8,600
wild warrior,33123,31651,8,600
priestess,33130,31652,8,800
minotaur,32092,31653,8,600
minotaur,32094,31655,8,600
minotaur,32096,31655,8,600
poison spider,32489,31653,8,600
poison spider,32487,31655,8,600
poison spider,32484,31657,8,600
poison spider,32486,31659,8,600
poison spider,32486,31660,8,600
rat,32426,31655,8,600
rat,32428,31655,8,600
rat,32424,31656,8,600
rat,32427,31657,8,600
rat,32428,31657,8,600
wolf,32514,31657,8,600
wolf,32513,31659,8,600
wolf,32513,31660,8,600
scorpion,33217,31655,8,600
scorpion,33214,31656,8,600
scorpion,33218,31656,8,600
scorpion,33213,31657,8,600
scorpion,33215,31657,8,600
scorpion,33216,31662,8,600
orc berserker,33266,31657,8,800
orc leader,33266,31658,8,800
orc berserker,33265,31659,8,800
wild warrior,33278,31658,8,800
wild warrior,33280,31658,8,800
wild warrior,33278,31660,8,800
frost troll,31971,31659,8,600
frost troll,31971,31660,8,600
orc berserker,33268,31658,8,800
cyclops,33193,31661,8,600
cyclops,33194,31663,8,600
cyclops,33190,31664,8,600
poison spider,32408,31666,8,600
poison spider,32409,31668,8,600
poison spider,32410,31668,8,600
poison spider,32408,31669,8,600
cyclops,33231,31667,8,600
cyclops,33233,31668,8,600
cyclops,33231,31669,8,600
cyclops,33234,31672,8,600
rat,31983,31667,8,850
rat,31983,31669,8,850
rat,31986,31670,8,850
poison spider,31942,31670,8,600
cyclops,33215,31670,8,600
cyclops,33217,31671,8,600
cyclops,33251,31670,8,600
minotaur archer,33278,31670,8,600
minotaur guard,33279,31670,8,600
minotaur mage,33280,31670,8,800
minotaur archer,33277,31671,8,600
minotaur guard,33278,31672,8,600
minotaur,32001,31671,8,600
minotaur,32002,31673,8,600
elf scout,33267,31671,8,800
elf scout,33268,31671,8,800
elf arcanist,33266,31672,8,800
minotaur,32056,31672,8,650
minotaur,32055,31673,8,650
minotaur,32059,31674,8,650
minotaur,32054,31677,8,650
minotaur,32056,31677,8,650
monk,33133,31673,8,700
monk,33134,31673,8,700
monk,33131,31675,8,700
rotworm,31947,31672,8,500
rotworm,31948,31674,8,500
wolf,32442,31673,8,600
wolf,32444,31673,8,600
wolf,32442,31674,8,600
wolf,32441,31675,8,600
wolf,32522,31670,8,600
wolf,32525,31672,8,600
wolf,32526,31672,8,600
wolf,32525,31674,8,600
wolf,32525,31675,8,600
rotworm,31954,31677,8,500
rotworm,31999,31675,8,500
rotworm,32001,31677,8,500
rotworm,32004,31677,8,500
minotaur,31998,31681,8,650
minotaur,32001,31681,8,650
minotaur,32073,31680,8,600
rotworm,32552,31679,8,500
rotworm,32553,31680,8,500
rotworm,32712,31678,8,700
rotworm,32713,31680,8,700
minotaur,32055,31681,8,600
minotaur,32054,31682,8,600
frost troll,31970,31680,8,750
frost troll,31969,31682,8,750
frost troll,31970,31684,8,750
cyclops,33181,31679,8,600
cyclops,33182,31680,8,600
cyclops,33180,31682,8,600
rotworm,32097,31683,8,700
minotaur,32002,31684,8,650
minotaur,32000,31685,8,650
dwarf guard,33210,31683,8,600
dwarf guard,33210,31684,8,600
dwarf guard,33238,31684,8,600
dwarf soldier,33239,31685,8,600
cyclops,33277,31680,8,600
cyclops,33279,31681,8,600
cyclops,33278,31682,8,600
cyclops,33270,31683,8,600
cyclops,33273,31684,8,600
cyclops,33272,31689,8,600
dwarf soldier,33238,31682,8,600
dwarf soldier,33238,31686,8,600
winter wolf,31989,31684,8,650
winter wolf,31986,31686,8,650
winter wolf,31988,31686,8,650
winter wolf,31985,31689,8,650
winter wolf,31990,31689,8,650
wolf,32453,31679,8,600
wolf,32452,31682,8,600
wolf,32446,31685,8,600
wolf,32447,31685,8,600
wolf,32449,31685,8,600
wolf,32448,31686,8,600
wolf,32452,31687,8,600
dragon,33097,31686,8,600
dragon,33096,31687,8,600
spider,31958,31687,8,600
spider,31959,31688,8,600
minotaur,32040,31687,8,600
minotaur,32041,31687,8,600
rat,32417,31686,8,600
rat,32414,31688,8,600
rat,32416,31688,8,600
dwarf guard,33215,31690,8,600
dwarf guard,33216,31690,8,600
cyclops,33217,31691,8,600
cyclops,33215,31692,8,600
dwarf soldier,33219,31691,8,600
dwarf soldier,33220,31691,8,600
dwarf guard,33221,31692,8,600
dwarf soldier,33223,31693,8,600
dwarf soldier,33221,31695,8,600
rat,32664,31693,8,600
rat,32662,31695,8,600
rat,32662,31698,8,600
snake,32477,31694,8,600
snake,32476,31696,8,600
snake,32479,31696,8,600
snake,32478,31698,8,600
snake,32479,31698,8,600
dwarf soldier,33210,31696,8,600
dwarf soldier,33210,31697,8,600
dwarf soldier,33210,31698,8,600
dwarf guard,33239,31696,8,600
dwarf soldier,33239,31697,8,600
wasp,32611,31697,8,600
wasp,32612,31697,8,600
wasp,32612,31700,8,600
dwarf soldier,33241,31695,8,600
dwarf soldier,33242,31696,8,600
cyclops,33274,31697,8,600
cyclops,33254,31698,8,600
cyclops,33252,31699,8,600
wasp,32616,31697,8,600
wasp,32619,31699,8,600
wasp,32619,31700,8,600
rat,32669,31699,8,600
cyclops,33286,31700,8,600
cyclops,33286,31702,8,600
cyclops,33285,31704,8,600
cyclops,33286,31704,8,600
snake,32432,31696,8,600
snake,32431,31697,8,600
snake,32432,31700,8,600
snake,32431,31701,8,600
snake,32430,31702,8,600
snake,32433,31704,8,600
wasp,32601,31703,8,600
wasp,32602,31705,8,600
wolf,32509,31702,8,600
wolf,32511,31704,8,600
wolf,32511,31706,8,600
wolf,32512,31708,8,600
minotaur,32077,31705,8,600
rotworm,32077,31706,8,500
wolf,32523,31703,8,600
wolf,32524,31705,8,600
wolf,32525,31705,8,600
wolf,32524,31706,8,600
rat,32659,31704,8,600
rat,32659,31705,8,600
rat,32660,31705,8,600
rotworm,32075,31707,8,500
rotworm,32076,31709,8,500
rat,32668,31705,8,600
rat,32671,31708,8,600
rat,32671,31710,8,600
wasp,32604,31709,8,600
wasp,32606,31709,8,600
wasp,32607,31709,8,600
dwarf guard,33221,31711,8,600
dwarf guard,33223,31712,8,600
cyclops,33220,31715,8,600
cyclops,33251,31710,8,600
cyclops,33253,31712,8,600
cyclops,33250,31714,8,600
cyclops,33251,31716,8,600
troll,32234,31713,8,600
troll,32233,31715,8,600
cyclops,33218,31711,8,600
cyclops,33218,31714,8,600
troll,32238,31718,8,600
troll,32238,31719,8,600
troll,32230,31718,8,600
troll,32230,31720,8,600
wolf,32479,31721,8,600
wolf,32479,31722,8,600
wolf,32481,31722,8,600
troll,33070,31726,8,600
troll,33069,31728,8,600
troll,33064,31729,8,600
troll,33068,31730,8,600
troll,33069,31731,8,600
troll,33070,31731,8,600
troll,33075,31732,8,600
skeleton,33311,31728,8,600
poison spider,32406,31728,8,600
poison spider,32408,31729,8,600
poison spider,32405,31730,8,600
cyclops,33273,31727,8,600
cyclops,33273,31729,8,600
troll,33098,31735,8,600
troll,33097,31736,8,600
troll,33096,31737,8,600
orc shaman,32982,31737,8,600
orc shaman,32983,31738,8,600
orc berserker,32981,31740,8,600
troll,33080,31738,8,600
troll,33084,31739,8,600
troll,33085,31739,8,600
troll,33080,31742,8,600
troll,33109,31741,8,600
troll,33113,31744,8,600
troll,33114,31747,8,600
troll,33115,31748,8,600
orc leader,32928,31746,8,600
bug,32312,31748,8,444
bug,32310,31749,8,444
bug,32310,31751,8,444
orc spearman,32892,31750,8,600
orc spearman,32892,31751,8,600
orc spearman,32893,31751,8,600
orc spearman,32889,31752,8,600
bug,32364,31748,8,600
bug,32366,31748,8,600
bug,32364,31751,8,600
orc shaman,32948,31750,8,600
orc shaman,32948,31751,8,600
war wolf,32946,31754,8,600
troll,33128,31750,8,600
troll,33130,31751,8,600
troll,33126,31752,8,600
troll,33132,31752,8,600
orc berserker,32929,31752,8,600
orc berserker,32930,31753,8,600
bug,32333,31753,8,190
orc shaman,32963,31751,8,600
orc shaman,32964,31753,8,600
troll,33073,31752,8,600
troll,33074,31753,8,600
troll,33077,31755,8,600
war wolf,32948,31755,8,600
orc rider,32948,31756,8,600
war wolf,32945,31757,8,600
bug,32343,31757,8,831
bug,32343,31758,8,831
rabbit,32223,31762,8,600
rabbit,32221,31763,8,600
troll,33057,31762,8,600
troll,33058,31762,8,600
troll,33056,31763,8,600
bug,32355,31760,8,600
bug,32358,31760,8,600
bug,32355,31763,8,600
orc berserker,32915,31763,8,600
orc berserker,32915,31766,8,600
orc berserker,32916,31766,8,600
troll,33081,31759,8,600
troll,33086,31761,8,600
troll,33083,31763,8,600
troll,33082,31766,8,600
bug,32364,31763,8,600
bug,32366,31764,8,600
orc berserker,32899,31764,8,600
orc berserker,32899,31765,8,600
orc leader,32953,31763,8,600
orc leader,32955,31765,8,600
orc berserker,32956,31766,8,600
bug,32322,31765,8,600
bug,32323,31766,8,600
orc warrior,32907,31767,8,600
orc warrior,32906,31769,8,600
orc warrior,32906,31770,8,600
skeleton,33237,31767,8,600
skeleton,33241,31767,8,600
skeleton,33238,31770,8,600
skeleton,33238,31771,8,600
orc berserker,32931,31768,8,600
orc berserker,32933,31768,8,600
orc shaman,32928,31770,8,600
orc shaman,32932,31770,8,600
orc warrior,32887,31769,8,600
orc warrior,32889,31771,8,600
orc warrior,32888,31772,8,600
orc berserker,32955,31769,8,600
orc warlord,32958,31769,8,600
orc berserker,32953,31770,8,600
orc shaman,32927,31767,8,600
beholder,32928,31773,8,600
bug,32377,31770,8,600
bug,32371,31771,8,600
bug,32375,31771,8,600
bug,32377,31771,8,600
bug,32339,31773,8,600
bug,32340,31774,8,600
bug,32338,31775,8,600
goblin,32598,31769,8,600
goblin,32599,31773,8,600
goblin,32603,31776,8,600
goblin,32596,31777,8,1200
goblin,32599,31777,8,600
troll,33086,31772,8,600
troll,33080,31773,8,600
troll,33082,31773,8,600
troll,33078,31774,8,600
troll,33084,31776,8,600
troll,33113,31771,8,600
troll,33115,31773,8,600
troll,33115,31776,8,600
troll,33116,31777,8,600
troll,33117,31777,8,600
rotworm,33319,31773,8,500
cave rat,32180,31774,8,600
cave rat,32181,31774,8,600
skeleton,32194,31773,8,600
skeleton,32196,31774,8,600
rabbit,32221,31772,8,600
rabbit,32220,31774,8,600
wolf,32610,31774,8,700
wolf,32610,31775,8,700
wolf,32607,31776,8,700
wolf,32607,31779,8,700
orc warrior,32972,31776,8,600
orc warrior,32974,31776,8,600
orc warrior,32977,31776,8,600
orc warrior,32970,31777,8,600
orc shaman,32913,31776,8,600
orc shaman,32915,31777,8,600
orc berserker,32898,31778,8,600
orc berserker,32899,31779,8,600
orc leader,32907,31778,8,600
orc leader,32907,31779,8,600
troll,33062,31778,8,600
troll,33063,31778,8,600
orc warlord,32940,31779,8,600
orc warlord,32941,31780,8,600
orc warlord,32941,31781,8,600
rabbit,32226,31782,8,600
goblin,32602,31779,8,1200
goblin,32599,31782,8,1200
goblin,32600,31785,8,1200
goblin,32601,31785,8,1200
cave rat,32199,31783,8,600
cave rat,32200,31783,8,600
cave rat,33166,31781,8,600
cave rat,33166,31783,8,600
cave rat,33169,31783,8,600
bug,32300,31784,8,600
bug,32301,31784,8,600
rotworm,33306,31784,8,500
rotworm,33306,31785,8,500
bug,32378,31784,8,600
bug,32380,31784,8,600
bug,32381,31785,8,600
bug,32384,31787,8,600
goblin,32610,31782,8,600
goblin,32611,31782,8,600
goblin,32612,31783,8,600
goblin,32610,31786,8,600
orc berserker,32966,31786,8,600
orc berserker,32963,31788,8,600
orc berserker,32966,31788,8,600
skeleton,32171,31785,8,600
skeleton,32169,31787,8,600
orc berserker,32982,31786,8,600
orc berserker,32978,31787,8,600
orc berserker,32980,31787,8,600
rotworm,33329,31789,8,500
bug,32303,31790,8,600
bug,32302,31792,8,600
bug,32333,31789,8,600
bug,32331,31790,8,600
bug,32330,31792,8,600
troll,32444,31792,8,600
troll,32444,31793,8,600
troll,32446,31795,8,600
cave rat,32178,31795,8,600
skeleton,32180,31795,8,600
skeleton,32181,31795,8,600
cave rat,32180,31796,8,600
orc leader,32890,31795,8,600
orc,32891,31796,8,600
orc,32889,31797,8,600
orc spearman,32926,31796,8,600
orc spearman,32927,31796,8,600
orc spearman,32929,31798,8,600
orc spearman,32956,31795,8,600
orc spearman,32956,31796,8,600
troll,32466,31795,8,600
troll,32467,31797,8,600
troll,32685,31795,8,600
troll,32687,31797,8,600
troll,32685,31798,8,600
troll,32683,31801,8,600
rotworm,33325,31796,8,500
rotworm,33323,31797,8,500
rotworm,33326,31798,8,500
troll,32681,31799,8,600
troll,32680,31800,8,600
troll,32678,31802,8,600
goblin,32575,31801,8,300
bug,32368,31801,8,600
bug,32368,31802,8,600
bug,32368,31803,8,600
troll,32458,31800,8,600
troll,32456,31803,8,600
troll,32460,31805,8,600
troll,32454,31806,8,600
orc berserker,32975,31803,8,600
orc berserker,32977,31803,8,600
rotworm,32576,31806,8,1000
rotworm,32576,31807,8,1000
rotworm,32575,31809,8,1000
rotworm,32576,31809,8,1000
rotworm,32577,31809,8,1000
rotworm,33335,31809,8,500
rotworm,33336,31809,8,500
spider,32382,31809,8,600
spider,32384,31810,8,600
spider,32382,31813,8,600
poison spider,32384,31813,8,600
spider,32385,31813,8,600
poison spider,32386,31814,8,600
poison spider,32387,31814,8,600
bug,32327,31814,8,600
bug,32329,31814,8,600
spider,32373,31814,8,600
spider,32376,31814,8,600
spider,32375,31816,8,600
skeleton,32222,31815,8,600
skeleton,32223,31816,8,600
rotworm,32610,31818,8,500
rotworm,32610,31820,8,500
bug,32348,31821,8,600
bug,32349,31823,8,600
rotworm,32586,31821,8,800
rotworm,32589,31822,8,800
rotworm,32589,31824,8,800
rotworm,32598,31820,8,500
rotworm,32601,31822,8,500
rotworm,32602,31822,8,500
rotworm,33331,31822,8,500
rotworm,33332,31822,8,500
bug,32315,31823,8,600
bug,32314,31825,8,600
poison spider,32191,31824,8,600
poison spider,32192,31825,8,600
ghoul,32189,31826,8,600
ghoul,32188,31825,8,600
dwarf guard,32722,31826,8,600
dwarf soldier,32729,31825,8,600
dwarf soldier,32730,31826,8,600
dwarf soldier,32727,31828,8,600
rotworm,32566,31829,8,500
rotworm,32567,31830,8,500
goblin,33049,31832,8,600
goblin,33050,31832,8,600
goblin,33049,31835,8,600
ghoul,32241,31833,8,600
ghoul,32242,31833,8,600
ghoul,32177,31834,8,600
ghoul,32178,31834,8,600
skeleton,32177,31837,8,600
bug,32327,31834,8,600
bug,32328,31835,8,600
goblin,33070,31834,8,600
goblin,33071,31834,8,600
goblin,33073,31834,8,600
bug,32349,31834,8,600
bug,32347,31836,8,600
skeleton,32179,31838,8,600
demon skeleton,32231,31837,8,600
skeleton,32202,31837,8,600
skeleton,32197,31839,8,600
skeleton,32200,31839,8,600
skeleton,32198,31840,8,600
goblin,33106,31836,8,600
goblin,33108,31836,8,600
goblin,33104,31838,8,600
goblin,33108,31839,8,600
goblin,33089,31838,8,600
goblin,33090,31838,8,600
goblin,33091,31840,8,600
goblin,33092,31843,8,600
dragon,32688,31844,8,7500
goblin,33052,31843,8,600
goblin,33055,31846,8,600
goblin,33057,31846,8,600
goblin,33093,31845,8,600
goblin,33087,31847,8,600
goblin,33091,31847,8,600
skeleton,32189,31852,8,600
skeleton,32189,31853,8,600
goblin,33069,31851,8,600
goblin,33072,31853,8,600
goblin,33074,31853,8,600
goblin,33111,31849,8,600
goblin,33103,31853,8,600
goblin,33107,31853,8,600
goblin,33108,31854,8,600
skeleton,32219,31859,8,600
skeleton,32220,31860,8,600
poison spider,32213,31861,8,600
poison spider,32215,31863,8,600
poison spider,32215,31867,8,600
poison spider,32219,31867,8,600
poison spider,32224,31863,8,600
poison spider,32225,31863,8,600
goblin,33067,31864,8,600
goblin,33067,31865,8,600
goblin,33067,31866,8,600
skeleton,32221,31866,8,600
skeleton,32221,31868,8,600
goblin,33110,31865,8,600
goblin,33110,31867,8,600
goblin,33110,31868,8,600
goblin,33081,31871,8,600
goblin,33082,31871,8,600
goblin,33085,31872,8,600
skeleton,32210,31872,8,600
skeleton,32210,31873,8,600
beholder,32830,31873,8,6000
dwarf,32531,31874,8,600
dwarf,32529,31875,8,600
ghoul,32226,31876,8,600
slime,32835,31876,8,600
rotworm,32503,31876,8,500
rotworm,32503,31877,8,500
dwarf,32501,31879,8,600
dwarf,32502,31879,8,600
rotworm,32506,31879,8,500
dwarf,32502,31880,8,600
goblin,33102,31876,8,600
goblin,33100,31878,8,600
goblin,33102,31878,8,600
dwarf,32481,31879,8,600
dwarf,32482,31879,8,600
dwarf,32498,31879,8,600
dwarf,32547,31881,8,600
dwarf,32547,31882,8,600
rotworm,33210,31886,8,500
rotworm,33211,31886,8,500
orc spearman,33164,31891,8,600
orc,33165,31892,8,600
orc spearman,33168,31892,8,600
orc spearman,33167,31893,8,600
orc,33164,31894,8,600
orc spearman,33168,31895,8,600
orc,33162,31893,8,600
poison spider,32515,31893,8,600
poison spider,32514,31895,8,600
poison spider,32514,31897,8,600
dwarf,32489,31897,8,600
rotworm,33256,31896,8,500
rotworm,33257,31897,8,500
minotaur,32459,31899,8,600
minotaur,32459,31901,8,600
rotworm,32484,31899,8,500
rotworm,32485,31899,8,500
rotworm,32486,31899,8,500
rotworm,32484,31901,8,500
dwarf,32541,31897,8,600
dwarf,32542,31897,8,600
dwarf,32543,31899,8,600
orc spearman,33154,31899,8,600
orc spearman,33155,31899,8,600
orc,33152,31901,8,600
orc spearman,33156,31902,8,600
orc,33157,31903,8,600
poison spider,33159,31903,8,600
rotworm,33227,31902,8,500
rotworm,33229,31902,8,500
rotworm,33227,31903,8,500
orc,33153,31904,8,600
orc,33156,31905,8,600
poison spider,33160,31903,8,600
poison spider,33161,31905,8,600
poison spider,33161,31907,8,600
dwarf,32485,31907,8,600
dwarf,32485,31909,8,600
rotworm,33270,31909,8,500
rotworm,33267,31910,8,500
rotworm,33268,31910,8,500
amazon,32836,31910,8,600
amazon,32837,31910,8,600
valkyrie,32838,31910,8,600
valkyrie,32838,31911,8,600
amazon,32864,31910,8,600
witch,32867,31911,8,600
amazon,32863,31912,8,600
valkyrie,32870,31911,8,600
valkyrie,32870,31912,8,600
valkyrie,32870,31913,8,600
valkyrie,32869,31915,8,600
rotworm,33245,31909,8,500
rotworm,33248,31913,8,500
rotworm,33248,31915,8,500
rotworm,33249,31915,8,500
orc warrior,33141,31912,8,600
orc,33138,31913,8,600
orc,33140,31913,8,600
orc warrior,33140,31914,8,600
orc,33141,31916,8,600
orc spearman,33141,31917,8,600
dwarf,32518,31913,8,600
dwarf,32520,31915,8,600
orc spearman,33140,31918,8,600
orc spearman,33139,31920,8,600
poison spider,33154,31916,8,600
poison spider,33150,31917,8,600
poison spider,33152,31918,8,600
poison spider,33153,31918,8,600
spider,32681,31917,8,600
spider,32681,31918,8,600
orc spearman,33141,31921,8,600
orc spearman,33158,31918,8,600
orc warrior,33159,31918,8,600
orc spearman,33159,31919,8,600
rotworm,32483,31917,8,500
rotworm,32480,31919,8,500
rotworm,32481,31921,8,500
dwarf,32495,31919,8,600
orc spearman,33162,31918,8,600
orc,33161,31919,8,600
orc,33163,31920,8,600
rotworm,32551,31925,8,500
rotworm,32552,31925,8,500
dwarf,32554,31927,8,600
valkyrie,32857,31925,8,600
valkyrie,32859,31925,8,600
amazon,32871,31924,8,600
amazon,32874,31924,8,600
amazon,32871,31925,8,600
skeleton,32172,31926,8,600
skeleton,32172,31927,8,600
poison spider,33158,31927,8,600
poison spider,33158,31928,8,600
poison spider,33157,31930,8,600
orc,33162,31931,8,600
rotworm,33236,31926,8,500
rotworm,33235,31927,8,500
rotworm,33234,31929,8,500
dwarf,32558,31928,8,600
dwarf,32557,31929,8,600
dwarf guard,32573,31929,8,600
dwarf guard,32584,31929,8,600
dwarf,32514,31930,8,600
rotworm,32513,31931,8,500
rotworm,32516,31932,8,500
dwarf,32513,31933,8,600
dwarf,32516,31933,8,600
orc,33164,31930,8,600
orc,33166,31933,8,600
rotworm,33277,31930,8,500
orc spearman,33150,31931,8,600
orc spearman,33150,31932,8,600
orc spearman,33149,31933,8,600
orc warrior,33150,31933,8,600
orc warrior,33150,31935,8,600
rotworm,32517,31935,8,500
rotworm,33215,31932,8,500
rotworm,33218,31932,8,500
rotworm,33219,31934,8,500
skeleton,32177,31933,8,600
skeleton,32179,31933,8,600
dwarf soldier,32578,31933,8,600
spider,32666,31933,8,600
spider,32667,31935,8,600
dwarf,32493,31935,8,600
dwarf,32494,31935,8,600
dwarf,32491,31937,8,600
dwarf,32540,31935,8,600
minotaur,32421,31939,8,600
minotaur,32432,31941,8,600
minotaur,32433,31941,8,600
spider,32650,31942,8,600
spider,32651,31942,8,600
spider,32681,31939,8,600
spider,32682,31939,8,600
spider,32683,31942,8,600
rotworm,32498,31943,8,500
rotworm,32498,31945,8,500
minotaur archer,32424,31946,8,600
minotaur,32424,31947,8,600
minotaur archer,32426,31948,8,600
minotaur,32427,31949,8,600
rotworm,33260,31946,8,500
rotworm,33261,31946,8,500
minotaur,32472,31947,8,600
minotaur,32472,31948,8,600
minotaur,32473,31949,8,600
minotaur archer,32454,31948,8,600
rotworm,33280,31947,8,500
rotworm,33279,31948,8,500
rotworm,33279,31949,8,500
minotaur,32430,31952,8,600
rotworm,32550,31951,8,500
rotworm,32548,31953,8,500
dwarf,32506,31956,8,600
dwarf,32505,31957,8,600
snake,32714,31958,8,600
dwarf,32522,31958,8,600
dwarf,32521,31959,8,600
troll,32657,31960,8,600
troll,32658,31960,8,600
troll,32658,31961,8,600
dwarf,32534,31961,8,600
dwarf,32535,31963,8,600
dwarf,32534,31964,8,600
minotaur archer,32451,31962,8,600
rotworm,32553,31963,8,500
slime,32817,31963,8,600
minotaur,32465,31964,8,600
minotaur,32464,31966,8,600
minotaur,32467,31966,8,600
minotaur,32466,31967,8,600
rotworm,32518,31967,8,500
troll,32657,31969,8,700
troll,32657,31971,8,700
troll,32643,31971,8,650
troll,32645,31973,8,650
dwarf,32532,31973,8,600
dwarf,32532,31974,8,600
poison spider,32767,31975,8,600
dwarf,32497,31977,8,600
dwarf,32499,31979,8,600
bug,32586,31974,8,700
bug,32589,31975,8,700
bug,32585,31977,8,700
bug,32585,31981,8,700
bug,32583,31982,8,700
bug,32595,31977,8,550
bug,32594,31979,8,550
dwarf,32552,31976,8,600
dwarf,32552,31978,8,600
rotworm,32553,31979,8,500
rotworm,32551,31981,8,500
rat,32605,31980,8,800
troll,32656,31981,8,700
dwarf,32512,31983,8,600
bug,32585,31984,8,600
bug,32584,31985,8,600
minotaur archer,32454,31986,8,600
troll,32629,31986,8,650
troll,32627,31987,8,650
troll,32629,31987,8,650
bug,32592,31988,8,600
dwarf,32524,31989,8,600
dwarf,32525,31989,8,600
bug,32599,31986,8,500
bug,32602,31989,8,500
bug,32604,31990,8,500
bug,32601,31991,8,500
troll,32641,31987,8,600
troll,32641,31989,8,600
troll,32640,31991,8,600
troll,32641,31991,8,600
rotworm,32714,31990,8,500
rotworm,32493,31992,8,500
rotworm,32494,31992,8,500
dwarf,32508,31990,8,600
dwarf,32508,31992,8,600
dwarf,32481,31994,8,600
bug,32582,31991,8,650
bug,32583,31994,8,650
bug,32585,31994,8,650
dwarf,32549,31994,8,600
dwarf,32547,31995,8,600
rotworm,32514,31997,8,500
rotworm,32515,31998,8,500
troll,32383,31998,8,600
cave rat,32388,31997,8,600
cave rat,32386,31998,8,600
cave rat,32387,31999,8,600
cave rat,32386,32001,8,600
frost troll,32383,32002,8,600
rotworm,32701,31999,8,500
rotworm,33011,32004,8,500
swamp troll,32383,32005,8,600
troll,32648,32006,8,650
troll,32647,32007,8,650
rat,32739,32006,8,600
troll,32628,32007,8,700
rotworm,32748,32005,8,500
rotworm,32748,32007,8,500
swamp troll,32863,32009,8,600
bug,32891,32009,8,600
bug,32892,32010,8,600
bug,32891,32011,8,600
rotworm,33026,32009,8,500
cave rat,32869,32011,8,600
cave rat,32869,32012,8,600
rotworm,33008,32012,8,500
orc spearman,33073,32014,8,600
rotworm,32697,32015,8,500
beholder,32716,32015,8,500
orc,33055,32016,8,600
orc spearman,33058,32016,8,600
orc spearman,33059,32016,8,600
snake,33059,32017,8,600
snake,33055,32019,8,600
snake,33058,32019,8,600
bug,32898,32017,8,600
bug,32901,32018,8,600
bug,32897,32019,8,600
orc,33054,32018,8,600
bug,32876,32020,8,600
bug,32878,32021,8,600
orc,33068,32021,8,600
orc,33068,32022,8,600
snake,33069,32022,8,600
snake,33065,32023,8,600
orc,33066,32023,8,600
orc spearman,33070,32023,8,600
snake,33066,32025,8,600
rotworm,33018,32022,8,500
bug,32889,32024,8,600
bug,32890,32026,8,600
bug,32891,32026,8,600
orc spearman,33044,32028,8,600
orc spearman,33044,32029,8,600
rat,32813,32036,8,600
rat,32810,32037,8,600
rat,32810,32038,8,600
rat,32814,32042,8,600
cave rat,32872,32039,8,600
cave rat,32874,32041,8,600
rat,32798,32040,8,600
rat,32798,32041,8,600
snake,33058,32043,8,600
snake,33055,32046,8,600
orc spearman,33056,32046,8,600
snake,33058,32046,8,600
cyclops,32430,32042,8,550
cyclops,32434,32045,8,550
cyclops,32436,32045,8,550
cyclops,32431,32048,8,550
ghoul,32454,32042,8,800
ghoul,32451,32044,8,800
ghoul,32452,32046,8,800
ghoul,32454,32048,8,800
cyclops,32470,32054,8,750
cyclops,32469,32055,8,750
cyclops,32486,32059,8,550
cyclops,32484,32060,8,550
cyclops,32489,32061,8,550
beholder,33067,32065,8,700
amazon,32757,32066,8,600
amazon,32756,32067,8,600
demon skeleton,32515,32067,8,700
demon skeleton,32516,32068,8,700
troll,32073,32076,8,600
rotworm,33007,32077,8,500
rotworm,33008,32078,8,500
rotworm,32835,32080,8,500
rotworm,33109,32080,8,500
rotworm,33108,32081,8,500
rotworm,32804,32081,8,500
rotworm,33018,32082,8,500
rotworm,33017,32083,8,500
troll,32120,32083,8,600
troll,32118,32085,8,600
cyclops,32496,32084,8,500
snake,32359,32083,8,800
snake,32359,32085,8,800
rotworm,32821,32087,8,500
poison spider,32059,32091,8,600
troll,32086,32091,8,600
troll,32089,32093,8,600
troll,32083,32094,8,600
rotworm,33048,32091,8,500
rotworm,33123,32091,8,500
rotworm,33124,32093,8,500
rotworm,32803,32095,8,500
rotworm,32803,32096,8,500
rotworm,33107,32095,8,500
rotworm,33109,32096,8,500
rotworm,33114,32095,8,500
rotworm,33036,32095,8,500
rotworm,33035,32096,8,500
rotworm,33093,32095,8,500
rotworm,33095,32096,8,500
rotworm,33095,32099,8,500
rotworm,32248,32097,8,600
rotworm,32246,32099,8,600
rotworm,33010,32095,8,500
rotworm,33010,32097,8,500
rotworm,33130,32097,8,500
rotworm,33132,32097,8,500
rotworm,33130,32098,8,500
orc,32298,32099,8,600
orc spearman,32301,32100,8,600
orc,32299,32101,8,600
orc,32301,32101,8,600
rotworm,32259,32101,8,500
rotworm,32258,32103,8,500
rotworm,32257,32104,8,500
rotworm,32249,32104,8,700
rotworm,32250,32105,8,700
spider,32094,32107,8,600
spider,32092,32108,8,600
spider,32095,32108,8,600
spider,32095,32109,8,600
wolf,32169,32105,8,600
wolf,32168,32107,8,600
wolf,32169,32108,8,600
beholder,32398,32108,8,600
troll,32134,32110,8,600
troll,32135,32110,8,600
troll,32133,32114,8,600
troll,32134,32114,8,600
rat,32450,32110,8,600
cyclops,32466,32110,8,700
rotworm,33099,32111,8,500
rotworm,33014,32112,8,500
rotworm,33025,32112,8,500
wolf,32177,32112,8,600
wolf,32178,32113,8,600
wolf,32178,32115,8,600
cave rat,32319,32112,8,600
cave rat,32321,32112,8,600
cave rat,32318,32113,8,600
wolf,32165,32114,8,600
wolf,32164,32115,8,600
rotworm,32262,32113,8,500
rotworm,32261,32115,8,500
cyclops,32476,32116,8,700
cyclops,32477,32117,8,700
scorpion,32581,32116,8,850
scorpion,32582,32118,8,850
rotworm,33107,32116,8,500
rotworm,33108,32116,8,500
rotworm,33133,32115,8,500
rotworm,33132,32116,8,500
ghoul,32408,32118,8,600
rotworm,32986,32118,8,500
rotworm,32989,32120,8,500
rotworm,32989,32121,8,500
beholder,32563,32119,8,700
rotworm,33049,32117,8,500
rotworm,33047,32119,8,500
rotworm,33028,32121,8,500
rotworm,33121,32121,8,500
rotworm,33122,32121,8,500
rotworm,33123,32121,8,500
bug,32282,32121,8,600
bug,32282,32122,8,600
troll,32281,32124,8,900
bug,32284,32125,8,600
scorpion,32864,32125,8,600
scorpion,32864,32126,8,600
beholder,32398,32128,8,600
troll,32115,32128,8,600
troll,32114,32129,8,600
troll,32282,32129,8,900
troll,32284,32129,8,900
troll,32277,32130,8,900
troll,32280,32130,8,900
troll,32279,32131,8,900
spider,32315,32129,8,800
spider,32313,32130,8,800
spider,32315,32130,8,800
spider,32316,32133,8,800
spider,32308,32135,8,800
fire devil,32643,32130,8,600
skeleton,31978,32131,8,500
troll,32354,32129,8,450
troll,32355,32131,8,450
troll,32356,32131,8,450
troll,32358,32133,8,450
troll,32355,32136,8,450
rat,32613,32131,8,700
rat,32612,32133,8,700
poison spider,32584,32129,8,700
poison spider,32582,32132,8,700
poison spider,32582,32133,8,700
dragon,32817,32134,8,600
dragon,32818,32134,8,600
rat,32092,32135,8,600
dragon,32795,32140,8,600
dragon,32795,32141,8,600
elf,33076,32139,8,600
elf,33077,32140,8,600
elf,33078,32140,8,600
elf,33082,32141,8,600
fire devil,32625,32140,8,800
fire devil,32623,32141,8,800
fire devil,32627,32141,8,800
fire devil,32624,32145,8,800
dragon,32781,32141,8,600
troll,32358,32143,8,400
troll,32356,32145,8,400
troll,32357,32145,8,400
dragon,32838,32142,8,600
dragon,32838,32145,8,600
dragon,32838,32146,8,600
cave rat,32343,32144,8,600
cave rat,32344,32146,8,600
rat,32340,32148,8,700
cave rat,32346,32148,8,600
dragon,32813,32147,8,600
scorpion,32862,32147,8,600
bug,32057,32148,8,600
bug,32060,32149,8,600
bug,32059,32150,8,600
spider,32149,32148,8,600
spider,32150,32150,8,600
poison spider,32152,32151,8,600
rotworm,32163,32149,8,600
rotworm,32161,32151,8,600
rat,32339,32144,8,700
rat,32339,32145,8,700
rat,32339,32146,8,700
rat,32337,32149,8,700
elf,33101,32149,8,600
elf,33104,32150,8,600
elf,33104,32152,8,600
elf,33086,32151,8,600
elf,33087,32151,8,600
rat,32026,32152,8,500
rat,32027,32152,8,500
bug,32068,32152,8,600
bug,32070,32152,8,600
rotworm,32173,32152,8,600
rotworm,32172,32154,8,600
rotworm,32173,32155,8,600
scorpion,32791,32153,8,600
rat,32015,32154,8,500
rat,32016,32154,8,500
bug,32077,32152,8,600
bug,32076,32155,8,600
bug,32075,32158,8,600
bug,32084,32155,8,600
bug,32085,32155,8,600
spider,32324,32153,8,600
poison spider,32326,32153,8,600
poison spider,32326,32155,8,600
troll,32374,32154,8,300
troll,32378,32154,8,300
troll,32373,32155,8,300
troll,32376,32155,8,300
rat,32032,32155,8,500
rat,32034,32156,8,500
spider,32322,32155,8,600
spider,32322,32156,8,600
elf,33069,32156,8,600
rat,32026,32158,8,500
dragon,32814,32160,8,600
elf,33049,32160,8,600
elf,33048,32161,8,600
elf,33104,32161,8,600
elf,33105,32162,8,600
elf,33101,32163,8,600
bug,32080,32162,8,600
scorpion,32795,32158,8,600
scorpion,32795,32160,8,600
scorpion,32796,32162,8,600
scorpion,32795,32163,8,600
rat,32015,32163,8,500
rat,32013,32164,8,500
dragon,32836,32163,8,1000
dragon,32834,32164,8,1000
rat,32093,32166,8,60
scorpion,32855,32164,8,600
scorpion,32860,32165,8,600
scorpion,32861,32165,8,600
scorpion,32859,32166,8,600
scorpion,32858,32167,8,600
spider,31969,32167,8,600
spider,31972,32167,8,600
spider,31966,32169,8,600
rat,32027,32167,8,500
rat,32027,32169,8,500
rat,32035,32168,8,500
rat,32034,32169,8,500
scorpion,32820,32170,8,600
scorpion,32818,32171,8,600
scorpion,32820,32174,8,600
rat,32018,32172,8,500
scorpion,32801,32171,8,600
scorpion,32803,32172,8,600
scorpion,32801,32175,8,600
scorpion,32800,32176,8,600
scorpion,32868,32168,8,600
scorpion,32867,32170,8,600
scorpion,32871,32171,8,600
scorpion,32870,32172,8,600
swamp troll,32948,32172,8,600
swamp troll,32950,32174,8,600
rat,32011,32174,8,500
swamp troll,32935,32174,8,600
swamp troll,32932,32176,8,600
swamp troll,32936,32177,8,600
rat,32026,32176,8,500
rat,32028,32176,8,500
elf scout,33082,32176,8,600
elf scout,33080,32177,8,600
bug,32041,32178,8,600
swamp troll,32954,32178,8,600
swamp troll,32953,32180,8,600
scorpion,32862,32179,8,600
scorpion,32864,32179,8,600
scorpion,32864,32180,8,600
rat,32039,32180,8,600
elf scout,33051,32180,8,600
elf scout,33050,32181,8,600
spider,32041,32181,8,600
swamp troll,32936,32180,8,600
swamp troll,32935,32182,8,600
rabbit,31999,32184,8,600
rat,32082,32184,8,200
wild warrior,32624,32183,8,650
wild warrior,32624,32184,8,650
snake,32974,32184,8,600
snake,32974,32186,8,600
snake,32977,32186,8,600
rabbit,32010,32185,8,600
elf,33078,32183,8,600
elf,33077,32185,8,600
spider,32066,32186,8,600
wolf,31982,32187,8,600
wolf,31984,32188,8,600
rat,32339,32186,8,300
rat,32338,32189,8,300
rat,32340,32190,8,300
rat,32351,32189,8,200
rat,32350,32190,8,200
rat,32369,32189,8,300
rat,32368,32191,8,300
rat,32369,32192,8,300
rabbit,32005,32190,8,600
rat,32080,32190,8,600
swamp troll,32935,32190,8,600
swamp troll,32935,32191,8,600
wolf,31979,32192,8,600
wolf,31980,32192,8,600
rabbit,31999,32193,8,600
rabbit,32011,32193,8,600
elf scout,33069,32193,8,600
rabbit,32016,32194,8,600
bug,32055,32194,8,600
swamp troll,32912,32194,8,600
swamp troll,32913,32194,8,600
swamp troll,32915,32197,8,600
rat,32071,32195,8,300
elf scout,33045,32194,8,600
elf scout,33046,32195,8,600
elf arcanist,33043,32197,8,600
elf,33052,32194,8,600
elf,33053,32196,8,600
elf,33056,32197,8,600
elf scout,33056,32198,8,600
elf scout,33055,32199,8,600
rabbit,32006,32197,8,600
rat,32093,32197,8,600
rat,32094,32197,8,600
swamp troll,32951,32199,8,600
swamp troll,32952,32199,8,600
swamp troll,32951,32200,8,600
elf scout,33058,32197,8,600
troll,31974,32200,8,600
troll,31973,32201,8,600
troll,31976,32202,8,600
elf,33044,32200,8,600
elf,33044,32201,8,600
elf,33046,32201,8,600
rat,32079,32201,8,300
bear,32170,32202,8,600
bear,32169,32203,8,600
bear,32173,32205,8,600
bear,32169,32206,8,600
swamp troll,32934,32203,8,600
swamp troll,32933,32204,8,600
swamp troll,32936,32205,8,600
rat,32069,32204,8,600
rat,32084,32204,8,600
rat,32115,32205,8,300
bear,32141,32205,8,600
swamp troll,32911,32204,8,600
swamp troll,32913,32205,8,600
swamp troll,32926,32206,8,600
swamp troll,32927,32206,8,600
swamp troll,32927,32207,8,600
rat,32023,32207,8,2000
swamp troll,32949,32204,8,600
swamp troll,32948,32207,8,600
swamp troll,32950,32209,8,600
spider,32377,32207,8,500
spider,32376,32208,8,500
spider,32377,32208,8,500
elf,33058,32209,8,600
troll,31975,32207,8,600
troll,31975,32210,8,600
troll,31972,32213,8,600
rat,32074,32210,8,500
rat,32091,32209,8,600
rat,32089,32210,8,600
troll,31948,32210,8,600
troll,31949,32211,8,600
rat,32099,32210,8,400
rat,32097,32211,8,400
troll,32004,32212,8,600
rat,32041,32213,8,800
rat,32063,32213,8,600
troll,31966,32212,8,600
troll,31964,32214,8,600
wolf,31996,32214,8,600
wolf,31996,32216,8,600
wolf,31996,32217,8,600
rat,32329,32214,8,300
rat,32328,32215,8,300
rat,32331,32215,8,300
rat,32329,32217,8,300
rat,32414,32214,8,300
rat,32417,32214,8,300
rat,32412,32215,8,300
rat,32415,32215,8,300
rat,32369,32213,8,300
rat,32365,32214,8,300
rat,32367,32216,8,300
rat,32370,32216,8,300
rat,32030,32217,8,400
swamp troll,32935,32217,8,600
swamp troll,32937,32217,8,600
wolf,31990,32217,8,600
wolf,31988,32218,8,600
rat,32106,32218,8,400
rat,32625,32218,8,600
troll,31944,32219,8,600
troll,31945,32219,8,600
rat,32069,32219,8,500
rat,32068,32220,8,500
rat,32052,32220,8,400
rat,32116,32220,8,300
rat,32116,32221,8,300
bear,32145,32219,8,600
bear,32146,32220,8,600
swamp troll,32902,32220,8,600
swamp troll,32902,32222,8,600
swamp troll,32902,32223,8,600
troll,31973,32221,8,600
troll,31975,32223,8,600
rat,32089,32221,8,400
swamp troll,32927,32223,8,600
swamp troll,32927,32224,8,600
swamp troll,32950,32223,8,600
swamp troll,32952,32223,8,600
rat,32039,32225,8,300
orc,32781,32225,8,800
orc,32784,32225,8,800
orc,32777,32227,8,800
orc,32784,32228,8,800
rat,32027,32226,8,400
troll,31984,32227,8,600
troll,31985,32228,8,600
rat,32053,32228,8,600
rat,32077,32227,8,400
rat,32075,32230,8,400
rat,32077,32230,8,400
swamp troll,32911,32229,8,600
swamp troll,32911,32230,8,600
swamp troll,32908,32233,8,600
rat,32040,32232,8,2000
rat,32041,32233,8,2000
rat,32064,32231,8,500
rat,32062,32232,8,500
beholder,32839,32232,8,1400
beholder,32840,32232,8,1400
ghoul,32843,32233,8,900
ghoul,32845,32234,8,900
ghoul,32840,32236,8,900
swamp troll,32961,32231,8,600
swamp troll,32962,32233,8,600
swamp troll,32965,32235,8,600
swamp troll,32961,32237,8,600
troll,31974,32233,8,600
troll,31973,32234,8,600
rat,32098,32233,8,300
rat,32099,32234,8,300
minotaur archer,32773,32233,8,800
cyclops,32771,32234,8,500
minotaur archer,32773,32235,8,800
cyclops,32770,32236,8,500
rat,32046,32235,8,600
rat,32125,32235,8,400
troll,32467,32233,8,800
troll,32466,32235,8,800
troll,32463,32236,8,800
rotworm,32809,32234,8,650
rotworm,32810,32235,8,650
rotworm,32813,32235,8,650
minotaur,32781,32234,8,500
minotaur,32778,32235,8,500
cyclops,32779,32236,8,500
minotaur,32781,32236,8,500
cyclops,32777,32238,8,500
wolf,32783,32238,8,650
wolf,32783,32239,8,650
minotaur guard,32779,32240,8,900
rat,32114,32237,8,600
snake,31996,32237,8,600
snake,31996,32238,8,600
rat,32337,32236,8,300
rat,32338,32236,8,300
rat,32339,32238,8,300
rat,32338,32239,8,300
troll,32455,32237,8,700
troll,32454,32238,8,700
swamp troll,32942,32238,8,600
swamp troll,32941,32239,8,600
swamp troll,32943,32240,8,600
rat,32028,32238,8,2000
rat,32029,32239,8,2000
cave rat,32138,32239,8,400
swamp troll,32900,32238,8,600
swamp troll,32900,32239,8,600
swamp troll,32902,32240,8,600
swamp troll,32905,32241,8,600
rat,32127,32241,8,600
snake,31992,32242,8,600
snake,31992,32243,8,600
snake,31994,32244,8,600
orc warrior,32505,32242,8,600
orc warrior,32505,32243,8,600
minotaur guard,32778,32242,8,900
rotworm,32802,32243,8,550
rotworm,32804,32244,8,550
rotworm,32814,32243,8,600
rotworm,32815,32243,8,600
rat,32036,32245,8,1000
rat,32071,32245,8,400
wolf,32773,32245,8,600
snake,31998,32246,8,600
snake,31998,32247,8,600
minotaur,32771,32246,8,500
minotaur,32772,32248,8,500
swamp troll,32914,32245,8,600
swamp troll,32911,32246,8,600
swamp troll,32914,32246,8,600
rotworm,32810,32246,8,700
rotworm,32809,32247,8,700
rat,32048,32248,8,300
rat,32124,32249,8,300
rat,32323,32249,8,600
rat,32324,32249,8,600
minotaur mage,32775,32249,8,1000
minotaur mage,32776,32250,8,1000
cyclops,32777,32251,8,800
cyclops,32778,32252,8,800
snake,31993,32249,8,600
snake,31990,32250,8,600
snake,31990,32252,8,600
wolf,32011,32250,8,600
wolf,32013,32250,8,600
wolf,32012,32251,8,600
rat,32065,32250,8,500
wasp,32592,32248,8,700
wasp,32593,32250,8,700
wasp,32593,32251,8,700
wasp,32593,32253,8,700
rat,32377,32251,8,600
rat,32378,32251,8,600
rat,32380,32251,8,600
cyclops,32779,32250,8,800
cyclops,32779,32251,8,800
ghoul,32857,32252,8,600
ghoul,32857,32253,8,600
ghoul,32934,32255,8,600
giant spider,32587,32256,8,800
giant spider,32589,32258,8,800
poison spider,32607,32256,8,750
poison spider,32611,32256,8,750
poison spider,32608,32257,8,750
poison spider,32612,32260,8,750
skeleton,32840,32254,8,600
skeleton,32837,32257,8,600
skeleton,32836,32258,8,600
skeleton,32851,32254,8,600
skeleton,32852,32255,8,600
skeleton,32850,32257,8,600
skeleton,32953,32253,8,600
skeleton,32959,32256,8,600
skeleton,32956,32257,8,600
skeleton,32953,32259,8,600
rotworm,32810,32258,8,650
rotworm,32812,32259,8,650
rotworm,32816,32259,8,650
rotworm,32810,32261,8,650
scorpion,32597,32262,8,800
scorpion,32595,32263,8,800
rotworm,33219,32258,8,500
rotworm,33217,32262,8,500
rotworm,33213,32266,8,500
rotworm,33214,32266,8,500
rat,32339,32262,8,400
rat,32339,32263,8,400
rat,32339,32264,8,400
spider,32588,32265,8,600
troll,32507,32266,8,600
troll,32507,32268,8,600
dragon,32773,32268,8,900
troll,32500,32268,8,900
troll,32500,32270,8,900
troll,32459,32274,8,1000
troll,32459,32276,8,1000
rotworm,33207,32273,8,500
rotworm,33208,32274,8,500
rotworm,33208,32276,8,500
rotworm,33210,32276,8,500
rotworm,33190,32276,8,500
rotworm,33192,32277,8,500
rotworm,33194,32277,8,500
minotaur guard,33308,32278,8,600
minotaur,33300,32278,8,600
minotaur,33302,32280,8,600
minotaur,33302,32281,8,600
minotaur,33314,32282,8,600
minotaur,33315,32282,8,600
minotaur,33312,32285,8,600
giant spider,32817,32284,8,1200
rotworm,33242,32285,8,500
rotworm,33239,32286,8,500
rotworm,33240,32287,8,500
troll,32478,32290,8,800
troll,32479,32290,8,800
minotaur,33301,32289,8,600
minotaur,33302,32290,8,600
minotaur,33303,32290,8,600
minotaur guard,33305,32290,8,600
minotaur,33312,32289,8,600
minotaur,33312,32290,8,600
rotworm,33218,32291,8,500
rotworm,33220,32292,8,500
rotworm,33222,32292,8,500
troll,32491,32294,8,1200
troll,32492,32294,8,1200
wasp,32430,32301,8,700
wasp,32433,32302,8,700
wasp,32433,32304,8,700
rotworm,33231,32303,8,500
rotworm,33231,32304,8,500
rotworm,33232,32304,8,500
wasp,32421,32305,8,700
wasp,32422,32307,8,700
rotworm,33321,32308,8,500
rotworm,33322,32309,8,500
rotworm,33237,32309,8,500
rotworm,33236,32311,8,500
wasp,32428,32310,8,700
wasp,32427,32312,8,700
rotworm,33204,32312,8,500
rotworm,33204,32313,8,500
rotworm,33205,32313,8,500
rotworm,33293,32312,8,500
rotworm,33294,32313,8,500
rotworm,33318,32315,8,500
rotworm,33316,32316,8,500
rotworm,33298,32316,8,500
rotworm,33299,32317,8,500
rotworm,33300,32318,8,500
rotworm,33217,32322,8,500
rotworm,33218,32322,8,500
rotworm,33238,32319,8,500
rotworm,33237,32322,8,500
rotworm,33234,32323,8,500
rotworm,33233,32325,8,500
rotworm,33251,32322,8,500
rotworm,33252,32324,8,500
rotworm,33254,32327,8,500
swamp troll,32459,32326,8,600
swamp troll,32462,32327,8,600
swamp troll,32460,32329,8,600
skeleton,32780,32328,8,400
skeleton,32778,32329,8,400
wild warrior,32662,32328,8,600
smuggler,32665,32329,8,600
smuggler,32667,32330,8,600
wild warrior,32664,32331,8,600
wild warrior,32667,32331,8,600
smuggler,32665,32332,8,600
bandit,32652,32330,8,600
wild warrior,32654,32330,8,600
bandit,32651,32331,8,600
wild warrior,32654,32331,8,600
slime,32617,32328,8,600
slime,32617,32331,8,600
slime,32618,32332,8,600
rotworm,33307,32331,8,500
rotworm,33308,32331,8,500
rotworm,33305,32332,8,500
rotworm,33305,32335,8,500
rotworm,32710,32330,8,500
rotworm,32708,32332,8,500
skeleton,32787,32333,8,400
skeleton,32786,32335,8,400
ghoul,32787,32338,8,500
scorpion,32722,32336,8,800
ghoul,32778,32336,8,400
rotworm,33207,32335,8,500
rotworm,33207,32336,8,500
rotworm,33206,32338,8,500
ghoul,32795,32337,8,500
ghoul,32796,32337,8,500
rotworm,33298,32338,8,500
rotworm,33298,32339,8,500
rotworm,33299,32340,8,500
ghoul,32771,32339,8,550
skeleton,32772,32340,8,400
ghoul,32771,32341,8,550
skeleton,32772,32341,8,400
demon skeleton,32782,32338,8,1000
demon skeleton,32782,32339,8,1000
ghoul,32786,32339,8,500
smuggler,32636,32341,8,600
smuggler,32634,32342,8,600
bandit,32633,32344,8,600
rotworm,33314,32341,8,500
rotworm,33315,32341,8,500
wild warrior,32674,32343,8,600
wild warrior,32676,32343,8,600
bat,32694,32342,8,600
centipede,32695,32342,8,600
poison spider,32696,32343,8,600
centipede,32698,32343,8,600
centipede,32698,32346,8,600
poison spider,32695,32347,8,600
centipede,32700,32347,8,600
poison spider,32620,32344,8,600
poison spider,32619,32345,8,600
poison spider,32621,32347,8,600
wild warrior,32633,32345,8,600
bandit,32636,32346,8,600
bandit,32634,32347,8,600
wild warrior,32636,32347,8,600
wild warrior,32636,32348,8,600
poison spider,32730,32344,8,600
poison spider,32732,32346,8,600
poison spider,32729,32347,8,600
poison spider,32730,32348,8,600
smuggler,32657,32344,8,600
smuggler,32659,32345,8,600
bat,32680,32339,8,600
bat,32680,32341,8,600
bat,32689,32343,8,600
bat,32687,32345,8,600
bat,32681,32346,8,600
poison spider,32692,32346,8,600
bat,32691,32347,8,600
poison spider,32695,32352,8,600
poison spider,32720,32343,8,600
poison spider,32721,32344,8,600
poison spider,32723,32346,8,600
skeleton,32780,32346,8,500
ghoul,32781,32346,8,400
ghoul,32781,32344,8,400
ghoul,32771,32348,8,500
rotworm,33010,32346,8,500
rotworm,33010,32348,8,500
rotworm,33027,32348,8,500
rotworm,33027,32349,8,500
cave rat,32706,32344,8,600
cave rat,32706,32349,8,600
cave rat,32703,32350,8,600
cave rat,32704,32350,8,600
cave rat,32706,32350,8,600
ghoul,32791,32349,8,600
ghoul,32792,32350,8,600
poison spider,32730,32350,8,600
poison spider,32728,32351,8,600
rotworm,33320,32351,8,500
rotworm,33319,32353,8,500
centipede,32674,32355,8,600
centipede,32675,32356,8,600
poison spider,32698,32355,8,600
slime,32696,32357,8,600
poison spider,32697,32358,8,600
poison spider,32695,32359,8,600
rotworm,33017,32355,8,500
rotworm,33016,32357,8,500
wild warrior,32660,32355,8,600
wild warrior,32658,32357,8,600
wild warrior,32655,32358,8,600
bandit,32661,32360,8,600
ghoul,32775,32355,8,700
ghoul,32775,32357,8,700
demon skeleton,32778,32358,8,950
demon skeleton,32779,32357,8,950
skeleton,32789,32355,8,600
skeleton,32788,32357,8,600
ghoul,32794,32359,8,750
bandit,32663,32357,8,600
bandit,32658,32363,8,600
bandit,32664,32363,8,600
ghoul,32786,32362,8,550
ghoul,32783,32363,8,550
ghoul,32787,32365,8,550
rotworm,33060,32361,8,500
rotworm,33059,32363,8,500
skeleton,32776,32363,8,650
skeleton,32777,32364,8,650
skeleton,32778,32365,8,650
skeleton,32711,32362,8,600
skeleton,32709,32365,8,600
skeleton,32709,32366,8,600
rotworm,33036,32364,8,500
rotworm,33036,32365,8,500
bug,32344,32364,8,600
bug,32343,32366,8,600
rotworm,33022,32367,8,500
rotworm,33023,32367,8,500
ghoul,32793,32367,8,700
ghoul,32791,32368,8,700
ghoul,32792,32368,8,700
bandit,32660,32367,8,600
bandit,32659,32370,8,600
bandit,32657,32373,8,600
poison spider,32714,32368,8,600
poison spider,32713,32370,8,600
poison spider,32715,32371,8,600
rotworm,33057,32374,8,500
rotworm,33059,32375,8,500
rotworm,33060,32375,8,500
bear,32372,32376,8,600
bear,32372,32377,8,600
bandit,32603,32374,8,600
bandit,32603,32376,8,600
bandit,32602,32377,8,600
bandit,32603,32380,8,600
bandit,32673,32374,8,600
bandit,32671,32377,8,600
bandit,32669,32379,8,600
bandit,32668,32380,8,600
wild warrior,32684,32378,8,600
wild warrior,32688,32378,8,600
wild warrior,32682,32379,8,600
wild warrior,32687,32380,8,600
rotworm,33040,32381,8,500
rotworm,33040,32382,8,500
wild warrior,32645,32380,8,600
wild warrior,32645,32382,8,600
bandit,32642,32384,8,600
wild warrior,32648,32385,8,600
bandit,32640,32383,8,600
bandit,32640,32385,8,600
rat,32141,32386,8,600
rat,32143,32387,8,600
rat,32141,32388,8,600
bear,32362,32384,8,600
bear,32361,32386,8,600
cyclops,32422,32386,8,600
cyclops,32407,32388,8,600
cyclops,32409,32390,8,600
bandit,32602,32387,8,600
bandit,32600,32388,8,600
bandit,32601,32388,8,600
bear,32377,32390,8,600
bear,32378,32390,8,600
cyclops,32423,32393,8,600
bandit,32627,32393,8,600
bandit,32630,32393,8,600
bandit,32631,32393,8,600
bandit,32627,32395,8,600
smuggler,32628,32396,8,600
smuggler,32629,32398,8,600
smuggler,32630,32398,8,600
bandit,32601,32396,8,600
bandit,32601,32399,8,600
assassin,32601,32401,8,600
bandit,32603,32402,8,600
ghoul,32999,32405,8,600
ghoul,33000,32407,8,600
ghoul,32997,32409,8,600
ghost,32997,32411,8,600
scorpion,32992,32408,8,600
scorpion,32994,32409,8,600
rotworm,33138,32407,8,500
rotworm,33136,32408,8,500
ghost,32994,32414,8,600
ghost,32997,32414,8,600
scorpion,32996,32415,8,600
scorpion,32997,32415,8,600
stalker,32325,32415,8,1800
stalker,32324,32416,8,1800
bandit,32613,32415,8,600
bandit,32612,32417,8,600
bandit,32615,32417,8,600
bandit,32619,32418,8,600
assassin,32614,32420,8,600
assassin,32614,32421,8,600
dark monk,32616,32421,8,600
scorpion,32999,32417,8,600
rotworm,33144,32419,8,500
rotworm,33145,32419,8,500
rotworm,33144,32422,8,500
rotworm,33130,32420,8,500
rotworm,33128,32421,8,500
rotworm,33167,32418,8,500
rotworm,33162,32422,8,500
rotworm,33164,32422,8,500
rotworm,33165,32423,8,500
scorpion,33024,32424,8,600
scorpion,33025,32424,8,600
rotworm,33171,32429,8,500
rotworm,33172,32429,8,500
rotworm,33171,32430,8,500
rotworm,33171,32432,8,500
ghoul,33017,32430,8,600
rotworm,33110,32428,8,500
rotworm,33112,32430,8,500
rotworm,33112,32432,8,500
rotworm,33121,32431,8,500
rotworm,33122,32432,8,500
snake,33076,32433,8,600
snake,33072,32434,8,600
snake,33075,32436,8,600
ghoul,32985,32437,8,600
ghoul,32981,32440,8,600
ghoul,32983,32440,8,600
ghoul,32984,32440,8,600
rotworm,33148,32439,8,500
rotworm,33151,32439,8,500
rotworm,33150,32440,8,500
scorpion,33044,32439,8,600
scorpion,33043,32440,8,600
scorpion,33045,32441,8,600
rotworm,33129,32440,8,500
rotworm,33130,32442,8,500
rotworm,33128,32444,8,500
ghoul,33035,32444,8,600
ghoul,33036,32445,8,600
rat,33280,32443,8,600
rat,33285,32445,8,600
rat,33279,32446,8,600
rat,33283,32447,8,600
ghoul,33054,32447,8,600
ghoul,33055,32449,8,600
ghoul,33027,32450,8,600
ghoul,33029,32451,8,600
rotworm,33144,32450,8,500
rotworm,33146,32451,8,500
rotworm,33146,32452,8,500
rotworm,33111,32450,8,500
rotworm,33111,32451,8,500
rotworm,33111,32452,8,500
demon skeleton,33019,32455,8,600
poison spider,32179,32454,8,600
poison spider,32183,32455,8,600
poison spider,32180,32457,8,600
cave rat,33273,32457,8,600
cave rat,33272,32459,8,600
ghoul,33009,32455,8,600
ghoul,33007,32457,8,600
ghoul,33007,32458,8,600
ghoul,33008,32458,8,600
rotworm,33142,32460,8,500
rotworm,33143,32461,8,500
rotworm,33155,32461,8,500
skeleton,33036,32468,8,600
skeleton,33039,32470,8,600
skeleton,33041,32470,8,600
skeleton,33075,32470,8,600
skeleton,33073,32471,8,600
skeleton,33053,32468,8,600
skeleton,33051,32469,8,600
skeleton,33054,32471,8,600
skeleton,33068,32484,8,600
skeleton,33068,32486,8,600
merlkin,32787,32493,8,600
sibang,32790,32495,8,600
sibang,32789,32496,8,600
sibang,32790,32496,8,600
kongra,32787,32497,8,600
kongra,32785,32495,8,600
merlkin,32789,32506,8,900
sibang,32791,32506,8,600
kongra,32846,32507,8,600
merlkin,32848,32507,8,600
merlkin,32847,32508,8,600
kongra,32845,32509,8,600
kongra,32848,32509,8,600
merlkin,32845,32510,8,600
merlkin,32846,32510,8,600
sibang,32819,32508,8,600
sibang,32816,32510,8,600
sibang,32821,32510,8,600
merlkin,32817,32511,8,750
kongra,32822,32511,8,600
kongra,32822,32512,8,600
merlkin,32818,32513,8,750
kongra,32821,32515,8,600
blue djinn,33132,32512,8,600
blue djinn,33132,32513,8,600
blue djinn,33129,32514,8,600
lion,33130,32514,8,600
blue djinn,33133,32514,8,600
lion,33129,32516,8,600
lion,33130,32516,8,600
stone golem,33135,32516,8,600
stone golem,33136,32516,8,600
stone golem,33136,32518,8,600
merlkin,32758,32514,8,600
kongra,32780,32515,8,600
kongra,32778,32516,8,600
sibang,32795,32515,8,600
sibang,32797,32517,8,600
kongra,32794,32520,8,600
kongra,32756,32518,8,600
kongra,32756,32519,8,600
kongra,32759,32521,8,600
sibang,32754,32522,8,600
sibang,32756,32523,8,600
sibang,32768,32519,8,600
sibang,32770,32519,8,600
kongra,32795,32521,8,600
stone golem,33102,32521,8,600
stone golem,33105,32522,8,600
stone golem,33105,32523,8,600
kongra,32806,32523,8,600
kongra,32805,32524,8,600
merlkin,32822,32523,8,900
merlkin,32841,32523,8,600
blue djinn,33153,32525,8,600
blue djinn,33152,32527,8,600
blue djinn,33096,32525,8,600
blue djinn,33096,32527,8,600
blue djinn,33104,32527,8,600
blue djinn,33105,32528,8,600
stone golem,33115,32527,8,600
stone golem,33116,32527,8,600
blue djinn,33120,32527,8,600
blue djinn,33122,32528,8,600
blue djinn,33123,32528,8,600
scarab,33142,32524,8,600
scarab,33142,32527,8,600
scarab,33139,32528,8,600
scarab,33144,32531,8,600
kongra,32816,32530,8,600
kongra,32817,32530,8,600
lion,33150,32531,8,600
lion,33151,32531,8,600
lion,33153,32533,8,600
stone golem,33102,32532,8,600
stone golem,33100,32534,8,600
sibang,32775,32534,8,600
sibang,32777,32535,8,600
kongra,32783,32534,8,600
kongra,32782,32535,8,600
lion,33131,32535,8,600
lion,33132,32536,8,600
blue djinn,33132,32538,8,600
lion,33134,32538,8,600
blue djinn,33130,32539,8,600
lion,33134,32540,8,600
sibang,32851,32541,8,600
kongra,32849,32542,8,600
sibang,32850,32543,8,600
kongra,32850,32545,8,600
kongra,32849,32546,8,600
kongra,32814,32541,8,600
kongra,32814,32544,8,600
merlkin,32817,32544,8,600
kongra,32817,32545,8,600
sibang,32812,32547,8,600
merlkin,32819,32545,8,600
kongra,32819,32547,8,600
sibang,32836,32545,8,600
sibang,32835,32546,8,600
kongra,32851,32547,8,600
sibang,32791,32547,8,600
kongra,32788,32548,8,600
kongra,32788,32549,8,600
sibang,32815,32549,8,600
sibang,32816,32550,8,600
sibang,32818,32552,8,600
kongra,32819,32552,8,600
kongra,32771,32549,8,600
merlkin,32770,32550,8,600
kongra,32773,32550,8,600
merlkin,32784,32550,8,600
merlkin,32783,32551,8,600
sibang,32792,32550,8,600
sibang,32792,32552,8,600
kongra,32788,32554,8,600
kongra,32790,32554,8,600
kongra,32822,32551,8,600
kongra,32823,32552,8,600
merlkin,32849,32552,8,600
sibang,32759,32555,8,600
sibang,32760,32556,8,600
sibang,32847,32559,8,600
sibang,32848,32560,8,600
merlkin,32818,32562,8,900
larva,33172,32563,8,600
larva,33162,32564,8,600
larva,33187,32563,8,600
larva,33188,32565,8,600
larva,33189,32566,8,600
sibang,32760,32565,8,600
sibang,32758,32566,8,600
sibang,32755,32568,8,600
kongra,32760,32568,8,600
kongra,32757,32569,8,600
larva,33151,32566,8,600
larva,33149,32567,8,600
merlkin,32827,32567,8,600
merlkin,32753,32567,8,600
merlkin,32753,32568,8,600
merlkin,32852,32568,8,600
kongra,32788,32567,8,600
sibang,32787,32568,8,600
sibang,32790,32569,8,600
sibang,32790,32570,8,600
kongra,32791,32570,8,600
kongra,32787,32571,8,600
sibang,32787,32572,8,600
merlkin,32790,32572,8,600
kongra,32786,32574,8,600
sibang,32845,32566,8,600
sibang,32843,32567,8,600
sibang,32846,32569,8,600
kongra,32848,32569,8,600
kongra,32847,32571,8,600
kongra,32847,32572,8,600
larva,33165,32568,8,600
larva,33165,32569,8,600
merlkin,32841,32570,8,600
kongra,32757,32571,8,600
sibang,32773,32569,8,600
sibang,32774,32571,8,600
sibang,32775,32571,8,600
sibang,32852,32572,8,600
sibang,32853,32572,8,600
larva,33147,32571,8,600
larva,33146,32573,8,600
larva,33190,32573,8,600
sibang,32828,32572,8,600
sibang,32829,32573,8,600
sibang,32830,32574,8,600
larva,33156,32574,8,600
sibang,32809,32575,8,600
sibang,32809,32576,8,600
kongra,32825,32574,8,600
kongra,32825,32576,8,600
larva,33160,32579,8,600
larva,33162,32579,8,600
larva,33180,32579,8,600
larva,33180,32581,8,600
larva,33172,32579,8,600
larva,33172,32580,8,600
larva,33190,32580,8,600
larva,33190,32581,8,600
larva,33147,32581,8,600
larva,33149,32582,8,600
swamp troll,32691,32583,8,600
swamp troll,32694,32583,8,600
swamp troll,32693,32584,8,600
larva,33137,32585,8,600
larva,33139,32585,8,600
larva,33139,32586,8,600
larva,33168,32585,8,600
larva,33170,32585,8,600
larva,33188,32587,8,600
larva,33188,32588,8,600
larva,33173,32588,8,600
swamp troll,32690,32591,8,600
swamp troll,32693,32591,8,600
swamp troll,32694,32591,8,600
swamp troll,32695,32593,8,600
swamp troll,32684,32592,8,600
swamp troll,32687,32592,8,600
swamp troll,32684,32595,8,600
swamp troll,32686,32596,8,600
larva,33148,32592,8,600
larva,33146,32593,8,600
swamp troll,32679,32594,8,600
swamp troll,32679,32596,8,600
swamp troll,32680,32596,8,600
swamp troll,32675,32598,8,600
larva,33161,32593,8,600
larva,33163,32594,8,600
larva,33140,32595,8,600
larva,33178,32594,8,600
larva,33178,32595,8,600
larva,33188,32595,8,600
larva,33189,32596,8,600
larva,33133,32597,8,600
larva,33134,32599,8,600
swamp troll,32678,32599,8,600
swamp troll,32674,32600,8,600
swamp troll,32685,32599,8,600
swamp troll,32684,32600,8,600
swamp troll,32687,32600,8,600
larva,33183,32599,8,600
larva,33183,32600,8,600
larva,33175,32603,8,600
green djinn,33062,32604,8,600
green djinn,33063,32605,8,600
green djinn,33065,32607,8,600
gargoyle,33066,32608,8,600
larva,33137,32602,8,600
larva,33140,32604,8,600
larva,33143,32605,8,600
larva,33239,32604,8,600
larva,33237,32605,8,600
larva,33238,32605,8,600
swamp troll,32690,32605,8,600
swamp troll,32694,32605,8,600
swamp troll,32685,32607,8,600
swamp troll,32691,32608,8,600
swamp troll,32692,32608,8,600
swamp troll,32679,32605,8,600
swamp troll,32681,32607,8,600
swamp troll,32681,32610,8,600
gargoyle,33067,32607,8,600
gargoyle,33067,32608,8,600
gargoyle,33066,32610,8,600
larva,33132,32607,8,600
larva,33133,32607,8,600
larva,33158,32607,8,600
larva,33156,32608,8,600
larva,33221,32608,8,600
larva,33219,32609,8,600
larva,33229,32607,8,600
larva,33230,32608,8,600
larva,33230,32611,8,600
larva,33213,32607,8,600
larva,33211,32609,8,600
gargoyle,33059,32610,8,600
gargoyle,33060,32611,8,600
gargoyle,33062,32614,8,600
larva,33180,32611,8,600
larva,33180,32612,8,600
larva,33150,32612,8,600
larva,33151,32613,8,600
larva,33168,32613,8,600
larva,33168,32615,8,600
larva,33247,32613,8,600
larva,33137,32614,8,600
larva,33137,32616,8,600
larva,33195,32614,8,600
larva,33204,32614,8,600
larva,33205,32614,8,600
larva,33204,32615,8,600
larva,33159,32615,8,600
green djinn,33076,32615,8,600
green djinn,33080,32615,8,600
green djinn,33078,32616,8,600
larva,33241,32617,8,600
larva,33244,32617,8,600
larva,33243,32620,8,600
larva,33221,32616,8,600
larva,33221,32618,8,600
larva,33163,32620,8,600
larva,33164,32620,8,600
larva,33171,32620,8,600
larva,33172,32620,8,600
gargoyle,33037,32622,8,600
gargoyle,33035,32625,8,600
gargoyle,33038,32625,8,600
scorpion,33060,32622,8,600
scorpion,33063,32622,8,600
scorpion,33064,32622,8,600
scorpion,33063,32623,8,600
gargoyle,33085,32622,8,600
gargoyle,33086,32622,8,600
larva,33137,32621,8,600
larva,33139,32622,8,600
larva,33152,32622,8,600
larva,33234,32621,8,600
larva,33233,32622,8,600
larva,33195,32624,8,600
larva,33197,32625,8,600
larva,33199,32627,8,600
larva,33248,32623,8,600
larva,33250,32625,8,600
larva,33212,32627,8,600
green djinn,33042,32628,8,600
green djinn,33042,32629,8,600
scorpion,33045,32629,8,600
stalker,33078,32629,8,600
stalker,33082,32629,8,600
stalker,33074,32630,8,600
stalker,33076,32630,8,600
mummy,33037,32628,8,600
mummy,33036,32630,8,600
mummy,33037,32633,8,600
larva,33221,32630,8,600
larva,33222,32631,8,600
scorpion,33048,32628,8,600
scorpion,33046,32629,8,600
scorpion,33047,32631,8,600
larva,33203,32630,8,600
larva,33207,32630,8,600
larva,33204,32631,8,600
larva,33242,32631,8,600
larva,33191,32632,8,600
larva,33191,32633,8,600
larva,33230,32632,8,600
larva,33233,32633,8,600
larva,33233,32634,8,600
larva,33215,32634,8,600
larva,33215,32635,8,600
larva,33189,32638,8,600
larva,33251,32641,8,600
larva,33252,32641,8,600
larva,33208,32644,8,600
larva,33210,32644,8,600
larva,33204,32647,8,600
larva,33207,32647,8,600
gargoyle,33047,32647,8,600
gargoyle,33046,32648,8,600
gargoyle,33047,32650,8,600
larva,33202,32647,8,600
larva,33247,32647,8,600
larva,33248,32647,8,600
larva,33248,32649,8,600
gargoyle,33037,32648,8,600
gargoyle,33039,32650,8,600
green djinn,33039,32651,8,600
larva,33234,32648,8,600
larva,33234,32649,8,600
larva,33191,32649,8,600
larva,33191,32650,8,600
larva,33220,32648,8,600
larva,33222,32650,8,600
larva,33219,32652,8,600
larva,33211,32651,8,600
green djinn,33037,32653,8,600
larva,33161,32653,8,600
larva,33162,32653,8,600
larva,33154,32654,8,600
larva,33155,32655,8,600
larva,33157,32656,8,600
gargoyle,33045,32654,8,600
gargoyle,33047,32655,8,600
larva,33218,32655,8,600
larva,33219,32656,8,600
larva,33221,32659,8,600
larva,33223,32660,8,600
larva,33166,32657,8,600
larva,33165,32658,8,600
larva,33238,32657,8,600
larva,33240,32658,8,600
larva,33208,32659,8,600
larva,33208,32661,8,600
larva,33231,32659,8,600
larva,33232,32660,8,600
larva,33153,32660,8,600
larva,33145,32660,8,600
larva,33146,32660,8,600
larva,33146,32661,8,600
larva,33164,32662,8,600
larva,33161,32664,8,600
larva,33163,32664,8,600
larva,33225,32662,8,600
larva,33171,32664,8,600
larva,33169,32666,8,600
smuggler,32564,32666,8,600
smuggler,32562,32669,8,600
smuggler,32566,32669,8,600
larva,33135,32666,8,600
larva,33136,32666,8,600
larva,33139,32668,8,600
larva,33153,32662,8,600
larva,33155,32666,8,600
larva,33156,32666,8,600
larva,33159,32667,8,600
larva,33237,32667,8,600
bandit,32550,32667,8,600
bandit,32550,32668,8,600
larva,33228,32668,8,600
larva,33189,32670,8,600
larva,33187,32671,8,600
larva,33165,32671,8,600
larva,33174,32672,8,600
larva,33175,32672,8,600
larva,33174,32673,8,600
smuggler,32543,32674,8,600
smuggler,32544,32674,8,600
larva,33137,32674,8,600
larva,33139,32674,8,600
larva,33151,32674,8,600
larva,33149,32676,8,600
larva,33151,32676,8,600
larva,33162,32678,8,600
larva,33163,32678,8,600
larva,33138,32679,8,600
larva,33140,32679,8,600
larva,33130,32680,8,600
larva,33132,32681,8,600
larva,33178,32681,8,600
larva,33177,32682,8,600
larva,33175,32684,8,600
larva,33153,32683,8,600
larva,33155,32683,8,600
larva,33185,32683,8,600
larva,33185,32684,8,600
smuggler,32554,32685,8,600
smuggler,32553,32686,8,600
larva,33142,32684,8,600
larva,33139,32685,8,600
larva,33139,32686,8,600
larva,33167,32687,8,600
larva,33169,32688,8,600
larva,33131,32688,8,600
larva,33130,32689,8,600
larva,33147,32689,8,600
larva,33147,32690,8,600
larva,33149,32692,8,600
larva,33153,32695,8,600
larva,33160,32689,8,600
larva,33160,32692,8,600
larva,33161,32693,8,600
larva,33140,32693,8,600
larva,33141,32693,8,600
larva,33181,32693,8,600
larva,33155,32694,8,600
larva,33133,32696,8,600
larva,33171,32696,8,600
larva,33173,32696,8,600
hydra,32949,32700,8,2400
bug,32655,32699,8,600
bug,32653,32702,8,600
bug,32651,32703,8,600
bug,32655,32703,8,600
bug,32658,32705,8,600
spider,32659,32707,8,600
larva,33140,32701,8,600
larva,33142,32702,8,600
larva,33142,32703,8,600
larva,33147,32702,8,600
larva,33149,32702,8,600
bug,32668,32701,8,600
bug,32668,32704,8,600
bug,32666,32708,8,600
bug,32668,32708,8,600
larva,33161,32705,8,600
larva,33163,32705,8,600
larva,33158,32707,8,600
larva,33159,32709,8,600
larva,33137,32708,8,600
larva,33139,32708,8,600
larva,33139,32709,8,600
larva,33177,32708,8,600
larva,33178,32708,8,600
spider,32659,32710,8,600
spider,32662,32712,8,600
spider,32656,32713,8,600
larva,33170,32710,8,600
larva,33170,32712,8,600
larva,33262,32710,8,600
larva,33263,32710,8,600
larva,33159,32711,8,600
larva,33293,32711,8,600
larva,33294,32711,8,600
larva,33148,32712,8,600
larva,33145,32715,8,600
larva,33146,32715,8,600
larva,33153,32714,8,600
larva,33154,32716,8,600
larva,33263,32716,8,600
larva,33246,32717,8,600
larva,33248,32719,8,600
larva,33276,32717,8,600
larva,33276,32718,8,600
larva,33256,32718,8,600
larva,33058,32720,8,600
larva,33058,32721,8,600
larva,33080,32722,8,600
larva,33282,32722,8,600
larva,33282,32723,8,600
larva,33282,32725,8,600
cave rat,32659,32723,8,600
cave rat,32656,32724,8,600
cave rat,32657,32726,8,600
cave rat,32660,32727,8,600
larva,33252,32724,8,600
larva,33252,32726,8,600
larva,33073,32726,8,600
larva,33091,32726,8,600
larva,33090,32727,8,600
larva,33269,32726,8,600
larva,33267,32727,8,600
larva,33272,32727,8,600
larva,33295,32726,8,600
larva,33294,32727,8,600
cave rat,32648,32727,8,600
cave rat,32649,32727,8,600
larva,33051,32727,8,600
larva,33052,32727,8,600
larva,33060,32726,8,600
larva,33063,32726,8,600
larva,33063,32727,8,600
larva,33257,32728,8,600
larva,33258,32729,8,600
larva,33262,32731,8,600
larva,33075,32732,8,600
larva,33075,32733,8,600
larva,33083,32733,8,600
larva,33241,32733,8,600
larva,33271,32732,8,600
larva,33270,32733,8,600
larva,33270,32734,8,600
cave rat,32673,32731,8,600
cave rat,32676,32734,8,600
cave rat,32679,32735,8,600
cave rat,32678,32736,8,600
larva,33049,32733,8,600
larva,33051,32734,8,600
larva,33250,32734,8,600
larva,33251,32735,8,600
larva,33261,32735,8,600
larva,33262,32735,8,600
larva,33260,32737,8,600
cave rat,32666,32736,8,600
cave rat,32666,32739,8,600
cave rat,32668,32739,8,600
larva,33097,32738,8,600
larva,33098,32738,8,600
larva,33094,32741,8,600
larva,33306,32738,8,600
larva,33305,32739,8,600
cave rat,32649,32739,8,600
cave rat,32646,32740,8,600
cave rat,32647,32740,8,600
larva,33298,32738,8,600
larva,33299,32741,8,600
larva,33299,32744,8,600
larva,33045,32742,8,600
larva,33047,32742,8,600
larva,33049,32744,8,600
larva,33070,32742,8,600
larva,33086,32743,8,600
larva,33085,32745,8,600
larva,33266,32743,8,600
larva,33268,32743,8,600
larva,33056,32743,8,600
larva,33055,32744,8,600
larva,33095,32745,8,600
larva,33095,32747,8,600
larva,33096,32747,8,600
larva,33248,32747,8,600
larva,33246,32749,8,600
cave rat,32665,32744,8,600
cave rat,32665,32745,8,600
cave rat,32664,32748,8,600
cave rat,32667,32748,8,600
cave rat,32664,32749,8,600
larva,33049,32748,8,600
larva,33239,32747,8,600
larva,33239,32748,8,600
larva,33260,32748,8,600
larva,33261,32748,8,600
larva,33081,32750,8,600
larva,33081,32751,8,600
larva,33059,32751,8,600
larva,33061,32751,8,600
larva,33268,32752,8,600
larva,33269,32753,8,600
larva,33045,32753,8,600
larva,33046,32754,8,600
larva,33047,32754,8,600
larva,33047,32758,8,600
larva,33092,32754,8,600
larva,33090,32755,8,600
larva,33092,32755,8,600
larva,33101,32754,8,600
larva,33048,32760,8,600
larva,33063,32759,8,600
larva,33064,32760,8,600
larva,33282,32759,8,600
larva,33283,32760,8,600
larva,33239,32760,8,600
larva,33239,32761,8,600
larva,33093,32762,8,600
larva,33096,32762,8,600
larva,33098,32764,8,600
larva,33266,32760,8,600
larva,33267,32761,8,600
larva,33269,32763,8,600
larva,33044,32765,8,600
larva,33043,32767,8,600
larva,33056,32765,8,600
larva,33054,32766,8,600
larva,33068,32766,8,600
larva,33077,32768,8,600
larva,33079,32768,8,600
larva,33079,32770,8,600
larva,33092,32767,8,600
larva,33092,32768,8,600
larva,33282,32765,8,600
larva,33284,32768,8,600
larva,33285,32768,8,600
larva,33246,32768,8,600
larva,33248,32771,8,600
larva,33248,32772,8,600
larva,33260,32769,8,600
larva,33260,32771,8,600
larva,33273,32769,8,600
larva,33274,32769,8,600
larva,33274,32771,8,600
larva,33064,32772,8,600
larva,33064,32775,8,600
larva,33067,32775,8,600
larva,33254,32773,8,600
larva,33052,32775,8,600
larva,33052,32776,8,600
larva,33052,32777,8,600
larva,33076,32775,8,600
larva,33085,32774,8,600
larva,33088,32777,8,600
larva,33088,32780,8,600
larva,33266,32778,8,600
larva,33068,32785,8,600
larva,33065,32787,8,600
larva,33070,32788,8,600
larva,33076,32785,8,600
larva,33078,32785,8,600
larva,33079,32787,8,600
larva,33084,32785,8,600
larva,33058,32786,8,600
larva,33059,32792,8,600
larva,33057,32793,8,600
snake,33151,32832,8,600
snake,33150,32833,8,600
hyaena,33159,32832,8,600
hyaena,33158,32833,8,600
skeleton,33140,32831,8,600
skeleton,33140,32833,8,600
lizard snakecharmer,32955,32838,8,600
lizard snakecharmer,32956,32838,8,600
lizard templar,32955,32839,8,600
lizard templar,32953,32841,8,600
lizard snakecharmer,32957,32841,8,600
lizard sentinel,32961,32839,8,600
lizard sentinel,32960,32840,8,600
skeleton,33141,32840,8,600
skeleton,33142,32840,8,600
scorpion,33148,32841,8,700
skeleton,33161,32842,8,600
skeleton,33161,32844,8,600
poison spider,33151,32842,8,600
larva,33154,32844,8,600
poison spider,33150,32845,8,600
poison spider,33150,32847,8,600
larva,33155,32845,8,600
larva,33144,32845,8,600
larva,33142,32846,8,600
cave rat,33161,32847,8,600
cave rat,33160,32848,8,600
cave rat,33159,32849,8,600
lizard templar,32955,32848,8,600
lizard templar,32951,32851,8,600
lizard templar,32952,32851,8,600
scarab,33154,32851,8,900
skeleton,33141,32851,8,600
skeleton,33139,32852,8,600
larva,33146,32852,8,600
larva,33145,32853,8,600
cobra,33160,32852,8,600
lizard sentinel,32957,32861,8,600
lizard sentinel,32955,32862,8,600
lizard sentinel,32957,32863,8,600
lizard sentinel,32960,32865,8,600
dworc voodoomaster,32763,32864,8,600
behemoth,33152,32864,8,6000
dworc venomsniper,32697,32865,8,600
dworc venomsniper,32699,32865,8,600
dworc venomsniper,32696,32866,8,600
dworc fleshhunter,32693,32868,8,600
fire elemental,33152,32866,8,1800
vampire,33152,32868,8,6000
dworc venomsniper,32671,32866,8,600
dworc venomsniper,32673,32869,8,600
dworc venomsniper,32673,32872,8,600
dworc voodoomaster,32682,32870,8,600
dworc voodoomaster,32683,32870,8,600
centipede,32685,32873,8,600
dworc fleshhunter,32711,32868,8,600
dworc fleshhunter,32713,32868,8,600
dworc fleshhunter,32709,32869,8,600
dworc venomsniper,32711,32869,8,600
dworc fleshhunter,32709,32870,8,600
dworc voodoomaster,32711,32872,8,600
dworc venomsniper,32709,32873,8,600
dworc fleshhunter,32710,32873,8,600
dworc venomsniper,32707,32874,8,600
dworc fleshhunter,32710,32874,8,600
dworc venomsniper,32633,32871,8,600
dworc venomsniper,32635,32872,8,600
dworc venomsniper,32634,32873,8,600
dworc venomsniper,32637,32873,8,600
dworc fleshhunter,32636,32874,8,600
centipede,32630,32875,8,600
dworc fleshhunter,32638,32875,8,600
dworc fleshhunter,32634,32876,8,600
dworc voodoomaster,32637,32876,8,600
dworc fleshhunter,32690,32871,8,600
dworc venomsniper,32690,32872,8,600
dworc fleshhunter,32689,32873,8,600
dworc voodoomaster,32692,32873,8,600
centipede,32686,32874,8,600
dworc venomsniper,32690,32874,8,600
dworc voodoomaster,32692,32874,8,600
dworc fleshhunter,32762,32870,8,600
dworc fleshhunter,32760,32871,8,600
dworc fleshhunter,32761,32872,8,600
dworc fleshhunter,32763,32875,8,600
dworc fleshhunter,32719,32870,8,600
dworc fleshhunter,32718,32872,8,600
dworc fleshhunter,32719,32872,8,600
dworc voodoomaster,32714,32873,8,600
dworc voodoomaster,32717,32873,8,600
dworc venomsniper,32713,32875,8,600
dworc venomsniper,32714,32876,8,600
dworc venomsniper,32716,32876,8,600
dworc fleshhunter,32716,32877,8,600
dworc fleshhunter,32717,32877,8,600
dworc venomsniper,32715,32878,8,600
dworc venomsniper,32694,32876,8,600
dworc fleshhunter,32706,32875,8,600
dworc fleshhunter,32697,32879,8,600
dworc venomsniper,32694,32880,8,600
dworc fleshhunter,32699,32881,8,600
dworc fleshhunter,32716,32879,8,600
cave rat,33071,32873,8,600
cave rat,33066,32874,8,600
cave rat,33067,32876,8,600
cave rat,33070,32877,8,600
dworc venomsniper,32626,32876,8,600
dworc venomsniper,32627,32878,8,600
dworc venomsniper,32628,32879,8,600
dworc fleshhunter,32675,32876,8,600
dworc fleshhunter,32678,32878,8,600
dworc fleshhunter,32679,32878,8,600
dworc venomsniper,32745,32879,8,600
dworc venomsniper,32747,32880,8,600
dworc venomsniper,32653,32877,8,600
dworc venomsniper,32652,32878,8,600
dworc venomsniper,32652,32880,8,600
cave rat,33073,32879,8,600
cave rat,33074,32879,8,600
cave rat,33073,32881,8,600
centipede,32702,32881,8,600
dworc fleshhunter,32700,32882,8,600
centipede,32702,32886,8,600
dworc venomsniper,32740,32883,8,600
dworc venomsniper,32740,32884,8,600
dworc venomsniper,32751,32880,8,600
dworc venomsniper,32749,32883,8,600
dworc voodoomaster,32751,32886,8,600
dworc venomsniper,32752,32886,8,600
centipede,32705,32884,8,600
centipede,32744,32884,8,600
centipede,32632,32885,8,600
centipede,32632,32886,8,600
dworc fleshhunter,32634,32889,8,600
dworc fleshhunter,32675,32883,8,600
dworc fleshhunter,32673,32885,8,600
dworc fleshhunter,32673,32886,8,600
dworc fleshhunter,32669,32889,8,600
dworc voodoomaster,32742,32889,8,600
dworc fleshhunter,32743,32889,8,600
dworc fleshhunter,32634,32890,8,600
dworc fleshhunter,32633,32891,8,600
dworc venomsniper,32636,32892,8,600
dworc venomsniper,32637,32893,8,600
dworc venomsniper,32693,32890,8,600
dworc fleshhunter,32710,32890,8,600
dworc fleshhunter,32710,32892,8,600
dworc fleshhunter,32711,32892,8,600
dworc fleshhunter,32712,32893,8,600
dworc venomsniper,32713,32893,8,600
dworc venomsniper,32713,32895,8,600
dworc fleshhunter,32744,32888,8,600
dworc fleshhunter,32746,32890,8,600
dworc venomsniper,32747,32890,8,600
dworc venomsniper,32744,32892,8,600
dworc venomsniper,32746,32893,8,600
dworc venomsniper,32653,32892,8,600
dworc venomsniper,32649,32895,8,600
dworc venomsniper,32651,32896,8,600
dworc venomsniper,32655,32896,8,600
centipede,32766,32893,8,600
centipede,32768,32895,8,600
centipede,32764,32896,8,600
dworc venomsniper,32670,32892,8,600
dworc fleshhunter,32666,32893,8,600
dworc venomsniper,32667,32894,8,600
dworc fleshhunter,32663,32896,8,600
dworc fleshhunter,32667,32896,8,600
dworc venomsniper,32667,32897,8,600
dworc fleshhunter,32666,32898,8,600
dworc fleshhunter,32689,32892,8,600
dworc fleshhunter,32690,32894,8,600
dworc fleshhunter,32687,32896,8,600
dworc fleshhunter,32647,32897,8,600
dworc fleshhunter,32647,32898,8,600
dworc fleshhunter,32648,32899,8,600
dworc venomsniper,32716,32896,8,600
dworc venomsniper,32714,32897,8,600
dworc voodoomaster,32657,32898,8,600
dworc voodoomaster,32659,32898,8,600
dworc venomsniper,32704,32899,8,600
dworc venomsniper,32705,32900,8,600
dworc venomsniper,32704,32901,8,600
dworc fleshhunter,32705,32903,8,600
dworc voodoomaster,32739,32899,8,600
centipede,32739,32901,8,600
dworc voodoomaster,32740,32901,8,600
centipede,32674,32901,8,600
centipede,32675,32903,8,600
dworc venomsniper,32763,32901,8,600
dworc venomsniper,32764,32901,8,600
dworc venomsniper,32761,32904,8,600
dworc venomsniper,32652,32902,8,600
dworc venomsniper,32654,32902,8,600
dworc venomsniper,32651,32903,8,600
dworc fleshhunter,32651,32904,8,600
dworc fleshhunter,32654,32905,8,600
centipede,32735,32902,8,600
centipede,32731,32904,8,600
centipede,32731,32906,8,600
dworc fleshhunter,32708,32906,8,600
dworc fleshhunter,32708,32907,8,600
dworc fleshhunter,32729,32906,8,600
dworc fleshhunter,32729,32908,8,600
dworc venomsniper,32776,32906,8,600
dworc venomsniper,32776,32907,8,600
dworc venomsniper,32777,32907,8,600
dworc fleshhunter,32653,32908,8,600
dworc fleshhunter,32651,32910,8,600
dworc venomsniper,32648,32911,8,600
dworc voodoomaster,32651,32911,8,600
dworc venomsniper,32648,32912,8,600
dworc venomsniper,32649,32912,8,600
dworc venomsniper,32650,32912,8,600
dworc venomsniper,32701,32908,8,600
dworc venomsniper,32703,32909,8,600
dworc fleshhunter,32700,32910,8,600
dworc fleshhunter,32700,32912,8,600
dworc voodoomaster,32744,32909,8,600
dworc fleshhunter,32678,32908,8,600
dworc fleshhunter,32680,32910,8,600
dworc venomsniper,32684,32911,8,600
dworc fleshhunter,32677,32913,8,600
dworc venomsniper,32683,32913,8,600
dworc fleshhunter,32699,32912,8,600
dworc voodoomaster,32767,32909,8,600
dworc voodoomaster,32768,32910,8,600
dworc voodoomaster,32770,32910,8,600
centipede,32764,32911,8,600
centipede,32772,32913,8,600
centipede,32762,32911,8,600
dworc fleshhunter,32761,32912,8,600
dworc fleshhunter,32759,32914,8,600
dworc fleshhunter,32712,32911,8,600
dworc fleshhunter,32714,32912,8,600
dworc venomsniper,32726,32912,8,600
dworc venomsniper,32728,32913,8,600
dworc venomsniper,32723,32915,8,600
dworc venomsniper,32746,32909,8,600
dworc venomsniper,32745,32912,8,600
dworc venomsniper,32746,32915,8,600
dworc venomsniper,32745,32916,8,600
dworc venomsniper,32664,32913,8,600
dworc fleshhunter,32666,32915,8,600
dworc venomsniper,32667,32915,8,600
dworc fleshhunter,32668,32915,8,600
dworc venomsniper,32663,32916,8,600
dworc voodoomaster,32668,32917,8,600
dworc fleshhunter,32671,32913,8,600
dworc fleshhunter,32672,32914,8,600
centipede,32671,32915,8,600
centipede,32673,32917,8,600
dworc venomsniper,32681,32915,8,600
dworc fleshhunter,32755,32917,8,600
dworc fleshhunter,32758,32917,8,600
dworc fleshhunter,32759,32917,8,600
dworc fleshhunter,32738,32912,8,600
dworc fleshhunter,32733,32914,8,600
dworc fleshhunter,32736,32915,8,600
dworc venomsniper,32776,32914,8,600
dworc venomsniper,32777,32916,8,600
dworc venomsniper,32774,32918,8,600
dworc venomsniper,32667,32918,8,600
dworc voodoomaster,32668,32919,8,600
dworc fleshhunter,32666,32920,8,600
centipede,32631,32915,8,600
centipede,32631,32917,8,600
centipede,32633,32917,8,600
centipede,32633,32918,8,600
dworc voodoomaster,32691,32918,8,600
dworc fleshhunter,32690,32919,8,600
dworc fleshhunter,32663,32919,8,600
dworc venomsniper,32668,32921,8,600
dworc fleshhunter,32664,32923,8,600
dworc venomsniper,32667,32923,8,600
dworc fleshhunter,32689,32917,8,600
dworc fleshhunter,32656,32917,8,600
dworc fleshhunter,32653,32920,8,600
dworc fleshhunter,32652,32922,8,600
dworc venomsniper,32669,32921,8,600
dworc fleshhunter,32715,32920,8,600
dworc fleshhunter,32717,32921,8,600
dworc fleshhunter,32719,32923,8,600
dworc venomsniper,32718,32924,8,600
dworc fleshhunter,32730,32920,8,600
dworc fleshhunter,32730,32922,8,600
dworc fleshhunter,32731,32922,8,600
dworc voodoomaster,32755,32923,8,600
centipede,32745,32923,8,600
dworc fleshhunter,32744,32924,8,600
centipede,32747,32925,8,600
dworc fleshhunter,32744,32926,8,600
dworc venomsniper,32753,32925,8,600
dworc venomsniper,32751,32927,8,600
dworc venomsniper,32719,32926,8,600
dworc voodoomaster,32721,32926,8,600
dworc venomsniper,32722,32926,8,600
dworc venomsniper,32724,32926,8,600
dworc fleshhunter,32692,32927,8,600
centipede,32693,32929,8,600
dworc fleshhunter,32692,32930,8,600
centipede,32693,32930,8,600
dworc fleshhunter,32694,32930,8,600
dworc venomsniper,32688,32931,8,600
dworc venomsniper,32695,32932,8,600
dworc venomsniper,32687,32930,8,600
dworc venomsniper,32687,32931,8,600
dworc voodoomaster,32685,32934,8,600
dworc voodoomaster,32687,32935,8,600
dworc venomsniper,32750,32931,8,600
dworc venomsniper,32752,32931,8,600
dworc venomsniper,32748,32933,8,600
dworc venomsniper,32757,32928,8,600
dworc venomsniper,32760,32928,8,600
dworc venomsniper,32760,32931,8,600
dworc venomsniper,32698,32933,8,600
dworc venomsniper,32699,32934,8,600
centipede,32696,32935,8,600
dworc voodoomaster,32700,32935,8,600
centipede,32694,32936,8,600
dworc voodoomaster,32702,32937,8,600
dworc venomsniper,32700,32938,8,600
dworc venomsniper,32686,32936,8,600
dworc fleshhunter,32686,32937,8,600
dworc fleshhunter,32684,32938,8,600
centipede,32715,32935,8,600
centipede,32717,32935,8,600
centipede,32718,32936,8,600
centipede,32719,32938,8,600
dworc voodoomaster,32755,32936,8,600
dworc voodoomaster,32756,32936,8,600
dworc fleshhunter,32687,32941,8,600
dworc venomsniper,32689,32940,8,600
dworc venomsniper,32689,32942,8,600
dworc venomsniper,32691,32943,8,600
rotworm,32121,31523,9,500
rotworm,32120,31525,9,500
rotworm,32122,31526,9,500
frost troll,32080,31530,9,600
slime,32220,31537,9,800
frost troll,32067,31538,9,600
frost troll,32066,31539,9,600
frost troll,32062,31537,9,650
frost troll,32056,31540,9,650
frost troll,32057,31542,9,650
frost troll,32055,31545,9,650
frost troll,32063,31545,9,650
frost troll,32058,31546,9,650
slime,32216,31550,9,800
frost troll,32012,31553,9,650
frost troll,32013,31553,9,650
frost troll,32009,31556,9,650
frost troll,32150,31564,9,650
frost troll,32148,31565,9,650
frost troll,32149,31566,9,650
dragon,32813,31564,9,700
dragon,32815,31564,9,700
rotworm,31976,31561,9,700
rotworm,31987,31564,9,700
rotworm,31978,31565,9,700
rotworm,31976,31566,9,700
rotworm,31980,31567,9,700
rotworm,31977,31568,9,700
rotworm,31982,31570,9,700
wolf,32403,31566,9,600
wolf,32402,31567,9,600
wolf,32402,31568,9,600
wolf,32417,31567,9,600
wolf,32418,31567,9,600
wolf,32418,31569,9,600
minotaur mage,32104,31571,9,900
minotaur,32106,31571,9,700
minotaur,32110,31571,9,700
minotaur,32113,31571,9,700
minotaur,32106,31575,9,700
troll,32435,31573,9,600
troll,32436,31573,9,600
troll,32432,31575,9,600
troll,32436,31575,9,600
troll,32439,31575,9,600
rotworm,32023,31577,9,500
rotworm,32480,31578,9,500
rotworm,32478,31580,9,500
rotworm,32480,31581,9,500
rotworm,32467,31580,9,700
rotworm,32466,31582,9,700
rotworm,32467,31582,9,700
rotworm,32466,31583,9,700
rotworm,32467,31583,9,700
rotworm,32469,31584,9,700
wolf,32410,31577,9,600
wolf,32411,31580,9,600
wolf,32405,31582,9,600
wolf,32411,31583,9,600
wolf,32405,31584,9,600
wolf,32406,31585,9,600
wolf,32409,31585,9,600
wolf,32404,31593,9,600
dragon,32775,31589,9,700
rotworm,32512,31588,9,650
rotworm,32516,31588,9,650
rotworm,32518,31589,9,650
rotworm,32516,31591,9,650
rotworm,32517,31593,9,650
rotworm,32521,31595,9,650
rotworm,32520,31596,9,650
rotworm,32160,31592,9,600
rotworm,32161,31594,9,600
rotworm,32212,31592,9,600
skeleton,32704,31589,9,600
skeleton,32702,31592,9,600
skeleton,32705,31593,9,600
slime,32054,31593,9,800
rotworm,32472,31593,9,600
rotworm,32473,31593,9,600
rotworm,32472,31594,9,600
rotworm,32474,31594,9,600
demon skeleton,33140,31593,9,600
beholder,33139,31594,9,600
demon skeleton,33140,31594,9,600
troll,32439,31595,9,600
troll,32439,31596,9,600
demon skeleton,33139,31596,9,600
demon skeleton,33138,31598,9,600
wild warrior,33159,31596,9,600
wild warrior,33159,31598,9,600
wild warrior,33161,31599,9,600
wild warrior,33160,31600,9,600
wolf,32425,31599,9,600
wolf,32425,31600,9,600
dragon,32822,31600,9,700
wolf,32402,31602,9,600
wolf,32403,31603,9,600
wolf,32403,31605,9,600
wild warrior,33139,31606,9,500
priestess,33140,31606,9,800
wild warrior,33140,31608,9,500
rotworm,32087,31608,9,700
rotworm,32088,31608,9,700
rotworm,32089,31609,9,700
rotworm,32509,31609,9,500
rotworm,32507,31610,9,500
slime,32066,31611,9,800
poison spider,32217,31608,9,600
poison spider,32215,31610,9,600
poison spider,32213,31611,9,600
poison spider,32216,31612,9,600
poison spider,32212,31614,9,600
orc spearman,32004,31613,9,600
orc spearman,32005,31615,9,600
troll,32476,31611,9,600
troll,32478,31613,9,600
troll,32664,31613,9,600
troll,32666,31613,9,600
troll,32667,31615,9,600
troll,32663,31616,9,600
troll,32670,31616,9,600
troll,32662,31617,9,600
rotworm,32785,31613,9,600
rotworm,32785,31614,9,600
hunter,33148,31613,9,600
orc warrior,31997,31614,9,700
demon skeleton,33147,31615,9,600
wild warrior,33149,31615,9,600
demon skeleton,33145,31616,9,600
wild warrior,33149,31616,9,600
troll,32645,31616,9,500
troll,32648,31616,9,500
troll,32645,31619,9,500
orc,31944,31618,9,600
orc,32006,31617,9,600
orc,32004,31619,9,600
orc spearman,31926,31622,9,700
orc spearman,31927,31622,9,700
orc spearman,31928,31622,9,700
troll,32683,31622,9,600
troll,32681,31625,9,600
troll,32686,31625,9,600
demon skeleton,33161,31622,9,600
demon skeleton,33162,31624,9,600
orc,31952,31623,9,700
orc,31953,31623,9,700
orc,31949,31624,9,700
orc warrior,31950,31624,9,650
orc,31951,31625,9,700
orc spearman,31995,31623,9,600
wolf,32423,31618,9,600
wolf,32426,31621,9,600
wolf,32424,31624,9,600
wolf,32431,31624,9,600
wolf,32421,31625,9,600
wolf,32424,31625,9,600
wolf,32424,31628,9,600
orc,31985,31627,9,600
orc,31984,31628,9,600
orc,32005,31627,9,600
rotworm,32496,31624,9,600
rotworm,32496,31627,9,600
rotworm,32498,31627,9,600
poison spider,31946,31630,9,600
troll,32479,31630,9,600
troll,32649,31630,9,600
troll,32653,31631,9,600
troll,32651,31632,9,600
troll,32653,31632,9,600
orc,31963,31631,9,600
dragon,33072,31630,9,600
dragon,33074,31630,9,600
dragon,33076,31631,9,600
dragon,33080,31635,9,600
troll,32678,31629,9,600
troll,32676,31630,9,600
troll,32678,31632,9,600
troll,32467,31633,9,600
cyclops,33284,31631,9,600
cyclops,33287,31634,9,600
cyclops,33289,31635,9,600
bug,32064,31634,9,600
bug,32065,31635,9,600
bug,32066,31638,9,600
rotworm,32117,31635,9,700
rotworm,32134,31634,9,650
rotworm,32132,31636,9,650
rotworm,32132,31637,9,650
troll,32635,31635,9,500
troll,32634,31636,9,500
troll,32636,31636,9,500
rotworm,32172,31635,9,700
rotworm,32173,31636,9,700
rotworm,32176,31637,9,700
rotworm,32172,31641,9,700
wolf,32395,31638,9,600
wolf,32396,31638,9,600
wolf,32397,31640,9,600
wolf,32399,31640,9,600
troll,32661,31638,9,600
troll,32664,31638,9,600
troll,32661,31640,9,600
troll,32439,31636,9,600
troll,32439,31637,9,600
troll,32436,31638,9,600
troll,32438,31638,9,600
troll,32437,31639,9,600
minotaur,32585,31640,9,600
minotaur,32583,31642,9,600
orc,32589,31639,9,600
orc,32589,31641,9,600
troll,32683,31641,9,600
troll,32683,31642,9,600
orc warrior,32583,31644,9,600
orc warrior,32583,31646,9,600
rat,32091,31644,9,600
rat,32091,31645,9,600
wolf,32482,31640,9,600
wolf,32483,31641,9,600
wolf,32476,31645,9,600
wolf,32479,31645,9,600
wolf,32476,31646,9,600
wolf,32477,31650,9,600
wolf,32478,31650,9,600
dragon,33103,31643,9,600
dragon,33102,31645,9,600
dragon,33099,31646,9,600
troll,32466,31646,9,600
troll,32467,31646,9,600
cyclops,33229,31646,9,600
cyclops,33228,31648,9,600
dwarf soldier,33230,31648,9,600
cyclops,33230,31649,9,600
cyclops,33226,31650,9,600
dwarf soldier,33233,31650,9,600
dwarf soldier,33230,31652,9,600
minotaur,32595,31650,9,600
minotaur,32597,31650,9,600
cyclops,33268,31650,9,600
dragon lord,33084,31651,9,900
dragon,33053,31652,9,600
dragon,33051,31654,9,600
rat,32218,31653,9,600
orc warrior,31931,31656,9,700
orc warrior,31931,31657,9,700
wolf,32512,31656,9,600
wolf,32512,31657,9,600
wolf,32513,31657,9,600
rotworm,32007,31658,9,650
rotworm,32007,31659,9,650
rotworm,32009,31660,9,650
rat,32521,31663,9,600
rat,32522,31664,9,600
rotworm,32102,31663,9,750
rotworm,32104,31663,9,750
rotworm,32101,31665,9,750
troll,32396,31665,9,600
rotworm,32037,31665,9,750
rotworm,32034,31666,9,750
rotworm,32039,31666,9,750
rotworm,32038,31667,9,750
rotworm,32038,31671,9,750
cyclops,33212,31670,9,600
cyclops,33211,31671,9,600
troll,32410,31672,9,600
troll,32411,31673,9,600
troll,32448,31672,9,600
wasp,32633,31672,9,600
wasp,32633,31673,9,600
wasp,32631,31675,9,600
wasp,32627,31676,9,600
slime,31963,31675,9,700
slime,31960,31676,9,700
slime,31958,31678,9,700
slime,31960,31678,9,700
minotaur,32128,31672,9,600
minotaur,32128,31675,9,600
minotaur,32131,31676,9,600
minotaur,32124,31677,9,600
minotaur,32130,31677,9,600
minotaur archer,32131,31679,9,700
minotaur,32133,31682,9,600
rotworm,32180,31677,9,600
rotworm,32177,31678,9,600
rotworm,32174,31679,9,600
cyclops,33201,31679,9,600
cyclops,33200,31680,9,600
cyclops,33199,31683,9,600
spider,31987,31681,9,600
spider,31989,31682,9,600
wasp,32015,31681,9,600
wasp,32015,31682,9,600
slime,32215,31683,9,800
troll,32488,31682,9,600
troll,32486,31684,9,600
troll,32487,31685,9,600
troll,32485,31687,9,600
orc spearman,31916,31686,9,650
orc spearman,31915,31687,9,650
wasp,32607,31689,9,600
wasp,32609,31689,9,600
wasp,32627,31689,9,600
cyclops,33200,31688,9,600
cyclops,33199,31690,9,600
cyclops,33197,31692,9,600
orc,31911,31689,9,600
orc,31912,31691,9,600
orc,31914,31691,9,600
troll,32531,31691,9,600
troll,32532,31691,9,600
wasp,32596,31693,9,600
wasp,32598,31693,9,600
rotworm,32034,31692,9,500
rotworm,32037,31695,9,500
rotworm,32040,31698,9,500
rotworm,31968,31695,9,600
rotworm,31969,31696,9,600
rotworm,32003,31695,9,650
rotworm,32002,31696,9,650
troll,32433,31691,9,600
troll,32428,31696,9,600
troll,32425,31697,9,600
troll,32426,31698,9,600
troll,32428,31700,9,600
wasp,32613,31698,9,600
wasp,32613,31701,9,600
wasp,32613,31702,9,600
cyclops,33216,31701,9,600
cyclops,33215,31703,9,600
cyclops,33215,31704,9,600
cyclops,33245,31704,9,600
troll,32396,31705,9,600
troll,32395,31707,9,600
troll,33096,31704,9,600
troll,33096,31707,9,600
troll,33098,31707,9,600
troll,33095,31709,9,600
troll,33097,31712,9,600
poison spider,31989,31706,9,600
poison spider,31989,31708,9,600
bug,32013,31708,9,600
bug,32015,31708,9,600
wasp,32642,31708,9,600
wasp,32643,31708,9,600
wasp,32644,31709,9,600
bug,32186,31707,9,600
bug,32179,31709,9,600
bug,32182,31709,9,600
bug,32185,31710,9,600
rotworm,31930,31712,9,700
rotworm,32141,31713,9,600
troll,32503,31710,9,600
troll,32504,31712,9,600
troll,32505,31713,9,600
troll,32506,31716,9,600
troll,33068,31712,9,600
troll,33068,31714,9,600
troll,33069,31714,9,600
troll,33069,31715,9,600
rotworm,32218,31715,9,650
rotworm,32217,31716,9,650
rotworm,32217,31719,9,650
bug,32049,31717,9,600
troll,33109,31713,9,600
troll,33101,31715,9,600
troll,33097,31717,9,600
troll,33103,31717,9,600
troll,33103,31723,9,600
skeleton,33313,31717,9,600
skeleton,33314,31719,9,600
bug,31925,31719,9,600
bug,31927,31719,9,600
bug,31926,31720,9,600
skeleton,33293,31718,9,600
skeleton,33293,31719,9,600
troll,32480,31720,9,600
troll,32481,31720,9,600
rotworm,31985,31721,9,650
rotworm,31986,31721,9,650
slime,32206,31723,9,800
bear,33052,31723,9,600
troll,33053,31723,9,600
bear,33046,31725,9,600
bear,33049,31725,9,600
troll,33051,31725,9,600
troll,33047,31726,9,600
troll,33050,31726,9,600
bear,33048,31728,9,600
bear,33048,31730,9,600
troll,33126,31725,9,600
troll,33129,31726,9,600
troll,33130,31727,9,600
troll,32404,31724,9,600
troll,32406,31727,9,600
troll,32406,31730,9,600
troll,33074,31725,9,600
troll,33074,31728,9,600
troll,33077,31728,9,600
troll,33078,31728,9,600
rotworm,31962,31729,9,600
rotworm,32018,31724,9,600
rotworm,32017,31728,9,600
rotworm,32019,31728,9,600
rotworm,32015,31729,9,600
rotworm,32016,31733,9,600
troll,32435,31727,9,600
troll,32436,31729,9,600
troll,32438,31729,9,600
troll,32498,31731,9,600
troll,32499,31732,9,600
troll,32499,31733,9,600
orc warlord,32983,31728,9,600
slime,32979,31731,9,600
slime,32982,31732,9,600
slime,32978,31733,9,600
orc leader,32982,31735,9,600
orc warlord,32987,31729,9,600
orc warlord,32985,31731,9,600
orc leader,32986,31731,9,600
orc warlord,32985,31734,9,600
slime,32990,31734,9,600
slime,32990,31736,9,600
slime,32992,31737,9,600
orc leader,32982,31738,9,600
orc leader,32978,31739,9,600
orc rider,32979,31739,9,600
orc shaman,32983,31740,9,600
orc shaman,32986,31740,9,600
rotworm,32122,31733,9,700
rotworm,32123,31733,9,700
rotworm,32125,31737,9,700
rotworm,32127,31737,9,700
orc rider,32975,31738,9,600
orc rider,32976,31742,9,600
orc rider,32977,31742,9,600
rotworm,32039,31738,9,650
rotworm,32037,31739,9,650
rotworm,32037,31740,9,650
rotworm,32040,31740,9,650
rotworm,32117,31739,9,600
rotworm,32115,31741,9,600
rotworm,32117,31741,9,600
troll,33134,31739,9,600
troll,33136,31739,9,600
troll,33137,31739,9,600
slime,31975,31740,9,800
orc shaman,32981,31742,9,600
troll,33112,31740,9,600
troll,33110,31741,9,600
troll,33115,31741,9,600
troll,33083,31740,9,600
troll,33082,31741,9,600
troll,33084,31741,9,600
troll,33083,31745,9,600
orc berserker,32992,31739,9,600
orc berserker,32988,31741,9,600
orc berserker,32991,31742,9,600
troll,33100,31742,9,600
troll,33095,31743,9,600
troll,33097,31743,9,600
troll,33097,31744,9,600
troll,33121,31744,9,600
troll,33124,31746,9,600
troll,33123,31748,9,600
bug,32350,31749,9,600
bug,32353,31749,9,600
bug,32354,31750,9,600
bug,32350,31751,9,600
bug,32379,31749,9,300
bug,32380,31751,9,300
troll,33062,31750,9,600
troll,33063,31750,9,600
troll,33067,31752,9,600
troll,33063,31753,9,600
troll,33114,31753,9,600
troll,33117,31754,9,600
troll,33115,31756,9,600
rotworm,33317,31762,9,500
orc shaman,32939,31763,9,600
orc shaman,32940,31763,9,600
dragon,32961,31765,9,600
ghoul,33242,31764,9,600
ghoul,33245,31765,9,600
skeleton,33247,31767,9,600
ghoul,33246,31768,9,600
skeleton,33246,31769,9,600
rotworm,32324,31766,9,400
orc shaman,32936,31763,9,600
orc shaman,32931,31764,9,600
orc shaman,32934,31766,9,600
stone golem,32937,31768,9,999
orc leader,32958,31763,9,600
orc leader,32955,31766,9,600
orc warlord,32959,31766,9,600
orc warlord,32960,31768,9,600
orc leader,32955,31770,9,600
orc leader,32959,31770,9,600
orc warlord,32957,31771,9,600
bug,32357,31765,9,600
bug,32355,31766,9,600
bug,32357,31767,9,600
ghoul,33256,31767,9,600
ghoul,33257,31767,9,600
rotworm,33327,31768,9,500
rotworm,33325,31769,9,500
ghoul,32181,31768,9,600
ghoul,32181,31769,9,600
orc berserker,32982,31768,9,600
orc berserker,32981,31769,9,600
skeleton,33251,31767,9,600
skeleton,33248,31771,9,600
ghoul,32199,31772,9,600
ghoul,32196,31773,9,600
ghoul,32202,31775,9,600
orc shaman,32935,31772,9,600
orc shaman,32936,31772,9,600
troll,32390,31770,9,600
troll,32394,31774,9,600
troll,32397,31777,9,600
troll,32391,31778,9,600
goblin,32596,31774,9,800
goblin,32597,31776,9,800
goblin,32599,31777,9,800
goblin,32598,31779,9,600
goblin,32603,31779,9,800
goblin,32596,31782,9,600
goblin,32599,31782,9,600
rotworm,33319,31778,9,500
rotworm,33321,31779,9,500
scorpion,32194,31781,9,600
rotworm,32302,31779,9,500
rotworm,32302,31781,9,500
scorpion,32171,31782,9,600
goblin,32602,31783,9,600
goblin,32602,31784,9,600
goblin,32602,31785,9,600
goblin,32604,31785,9,600
troll,32426,31786,9,600
troll,32425,31787,9,600
troll,32428,31787,9,600
scorpion,32204,31789,9,600
troll,32396,31789,9,700
troll,32395,31790,9,700
troll,32411,31789,9,600
troll,32410,31790,9,600
ghoul,32183,31791,9,600
scorpion,32184,31791,9,600
scorpion,32185,31792,9,600
pig,32593,31792,9,600
pig,32592,31793,9,600
pig,32607,31791,9,600
pig,32607,31792,9,600
pig,32607,31794,9,600
troll,32393,31796,9,500
troll,32393,31798,9,500
troll,32391,31799,9,500
ghoul,32212,31801,9,600
ghoul,32214,31803,9,600
ghoul,32174,31805,9,600
ghoul,32172,31806,9,600
scorpion,32186,31805,9,600
troll,32402,31804,9,400
troll,32404,31805,9,400
ghoul,32197,31807,9,600
ghoul,32197,31808,9,600
troll,32390,31813,9,600
troll,32396,31813,9,600
troll,32392,31815,9,600
troll,32395,31815,9,600
rotworm,32626,31819,9,500
rotworm,32627,31820,9,500
goblin,33086,31819,9,600
goblin,33087,31821,9,600
goblin,33088,31821,9,600
demon skeleton,32244,31820,9,600
demon skeleton,32247,31822,9,600
demon skeleton,32249,31823,9,600
demon skeleton,32244,31825,9,600
slime,32308,31822,9,600
goblin,33068,31822,9,600
goblin,33071,31823,9,600
goblin,33071,31825,9,600
goblin,33102,31823,9,600
goblin,33100,31824,9,600
rotworm,32628,31827,9,500
rotworm,32626,31828,9,500
rotworm,32628,31829,9,500
dwarf guard,33332,31829,9,900
goblin,33062,31828,9,600
goblin,33062,31830,9,600
goblin,33063,31830,9,600
rotworm,33233,31830,9,500
rotworm,33235,31831,9,500
goblin,33081,31828,9,600
goblin,33077,31832,9,600
goblin,33081,31832,9,600
goblin,33085,31836,9,600
rotworm,32352,31837,9,500
goblin,33098,31837,9,600
goblin,33098,31838,9,600
goblin,33098,31839,9,600
stalker,32267,31838,9,600
stalker,32269,31838,9,600
stalker,32264,31839,9,600
stalker,32268,31842,9,600
ghoul,32187,31839,9,600
ghoul,32185,31840,9,600
ghoul,32182,31841,9,600
rotworm,32331,31840,9,500
rotworm,33244,31840,9,500
ghoul,32291,31840,9,600
ghoul,32288,31842,9,600
ghoul,32286,31843,9,600
ghoul,32287,31843,9,600
goblin,33075,31843,9,600
goblin,33077,31843,9,600
goblin,33076,31846,9,600
goblin,33093,31844,9,600
goblin,33093,31847,9,600
goblin,33094,31847,9,600
ghoul,32167,31845,9,600
ghoul,32165,31846,9,600
ghoul,32166,31848,9,600
ghoul,32199,31845,9,600
rotworm,33193,31846,9,500
rotworm,33193,31848,9,500
goblin,33102,31844,9,600
goblin,33103,31847,9,600
goblin,33104,31848,9,600
rotworm,33213,31845,9,500
rotworm,33211,31847,9,500
rotworm,33209,31850,9,500
goblin,33061,31846,9,600
goblin,33063,31848,9,600
goblin,33062,31851,9,600
rotworm,33224,31848,9,500
rotworm,33226,31849,9,500
rotworm,33226,31851,9,500
rotworm,33241,31849,9,500
rotworm,33242,31849,9,500
ghoul,32196,31853,9,600
ghoul,32195,31854,9,600
goblin,33082,31856,9,600
goblin,33084,31856,9,600
goblin,33085,31856,9,600
rotworm,33235,31857,9,500
rotworm,33233,31858,9,500
rotworm,33252,31857,9,500
rotworm,33250,31858,9,500
rotworm,33253,31861,9,500
rotworm,33264,31859,9,500
rotworm,32172,31862,9,500
fire devil,32186,31862,9,900
ghoul,32183,31863,9,600
rotworm,33220,31863,9,500
rotworm,33219,31865,9,500
ghoul,32254,31864,9,600
ghoul,32255,31864,9,600
demon skeleton,32254,31865,9,600
ghoul,32256,31866,9,600
stalker,32254,31867,9,600
stalker,32253,31869,9,600
rotworm,33207,31867,9,500
rotworm,33206,31868,9,500
rotworm,33236,31873,9,500
rotworm,33237,31873,9,500
rotworm,33264,31873,9,500
rotworm,33266,31873,9,500
rotworm,33264,31876,9,500
rotworm,32519,31874,9,500
rotworm,32522,31874,9,500
rotworm,32518,31876,9,500
dwarf,32509,31874,9,600
dwarf,32506,31875,9,600
dwarf,32507,31875,9,600
dwarf,32526,31874,9,600
dwarf,32530,31874,9,600
dwarf,32529,31875,9,600
dwarf,32533,31875,9,600
rotworm,32484,31875,9,500
rotworm,32485,31876,9,500
dwarf,32440,31876,9,600
dwarf,32441,31876,9,600
dwarf,32443,31877,9,600
dwarf,32441,31879,9,600
rotworm,33250,31878,9,500
rotworm,33252,31878,9,500
dwarf,32550,31876,9,600
rotworm,32550,31878,9,500
rotworm,32553,31878,9,500
rotworm,32552,31879,9,500
dwarf,32554,31879,9,600
dwarf,32551,31880,9,600
dwarf,32552,31880,9,600
rotworm,33243,31880,9,500
rotworm,33243,31882,9,500
dwarf,32481,31878,9,600
dwarf,32478,31881,9,600
dwarf,32477,31882,9,600
dwarf,32514,31880,9,600
dwarf,32515,31881,9,600
dwarf,32513,31882,9,600
dwarf,32514,31883,9,600
rotworm,32515,31883,9,500
rotworm,32516,31884,9,500
dwarf,32509,31886,9,600
rotworm,32517,31886,9,500
poison spider,32503,31883,9,600
poison spider,32503,31884,9,600
orc shaman,33120,31885,9,600
dwarf,32550,31885,9,600
dwarf,32551,31887,9,600
dwarf,32551,31888,9,600
poison spider,32552,31891,9,600
orc warrior,33126,31888,9,600
orc warrior,33126,31891,9,600
orc warrior,33127,31891,9,600
orc warrior,33125,31892,9,600
dwarf,32470,31889,9,600
dwarf,32471,31889,9,600
dwarf,32468,31890,9,600
rotworm,32491,31888,9,500
rotworm,32492,31888,9,500
dwarf,32487,31889,9,600
rotworm,32489,31889,9,500
dwarf,32487,31890,9,600
dwarf,32487,31891,9,600
orc berserker,33169,31889,9,600
orc warrior,33170,31890,9,600
dwarf,32487,31894,9,600
orc shaman,33135,31890,9,600
rotworm,33254,31890,9,500
rotworm,33253,31891,9,500
rotworm,33273,31889,9,500
rotworm,33271,31891,9,500
dwarf,32424,31891,9,600
dwarf,32426,31892,9,600
dwarf,32426,31895,9,600
poison spider,32552,31892,9,600
orc warrior,33167,31891,9,600
orc warrior,33169,31892,9,600
orc warrior,33167,31894,9,600
rotworm,32459,31893,9,500
rotworm,32460,31893,9,500
rotworm,32459,31894,9,500
rotworm,32506,31893,9,500
rotworm,32509,31894,9,500
rotworm,32509,31895,9,500
poison spider,33145,31891,9,600
poison spider,33144,31894,9,600
poison spider,33144,31896,9,600
poison spider,33143,31898,9,600
dwarf,32524,31895,9,600
dwarf,32526,31896,9,600
dwarf,32527,31896,9,600
dwarf,32526,31899,9,600
dwarf,32541,31898,9,600
dwarf,32542,31898,9,600
dwarf,32540,31901,9,600
dwarf,32537,31902,9,600
dwarf,32546,31903,9,600
orc warrior,33126,31897,9,600
orc warrior,33128,31898,9,600
orc warrior,33130,31898,9,600
orc spearman,33126,31899,9,600
orc spearman,33127,31900,9,600
orc warrior,33178,31899,9,600
orc warrior,33174,31901,9,600
orc spearman,33176,31901,9,600
orc warrior,33179,31901,9,600
orc spearman,33175,31902,9,600
orc spearman,33177,31902,9,600
orc spearman,33178,31902,9,600
rotworm,33224,31899,9,500
rotworm,33224,31900,9,500
rotworm,33237,31898,9,500
rotworm,33239,31900,9,500
rotworm,33239,31902,9,500
orc spearman,33158,31900,9,600
orc spearman,33157,31901,9,600
orc spearman,33155,31902,9,600
dwarf,32443,31903,9,600
dwarf,32442,31906,9,600
dwarf,32443,31906,9,600
rotworm,32418,31904,9,500
rotworm,32418,31906,9,500
dwarf,32510,31904,9,600
dwarf,32511,31904,9,600
dwarf,32507,31905,9,600
dwarf,32507,31906,9,600
rotworm,33267,31903,9,500
rotworm,33269,31905,9,500
rotworm,33267,31908,9,500
rotworm,32493,31905,9,500
rotworm,32494,31905,9,500
rotworm,32493,31906,9,500
dwarf,32493,31910,9,600
rotworm,32521,31906,9,500
rotworm,32520,31907,9,500
rotworm,32518,31908,9,500
poison spider,32552,31907,9,600
poison spider,32552,31908,9,600
orc warrior,33158,31908,9,600
orc warrior,33160,31910,9,600
orc berserker,33164,31910,9,600
orc warrior,33164,31911,9,600
orc warrior,33160,31912,9,600
dwarf,32493,31912,9,600
dwarf,32494,31913,9,600
rotworm,33255,31912,9,500
dwarf,32528,31909,9,600
dwarf,32526,31913,9,600
dwarf,32527,31913,9,600
dwarf,32526,31917,9,600
rotworm,33231,31911,9,500
rotworm,33228,31913,9,500
rotworm,33230,31914,9,500
dwarf,32419,31914,9,600
dwarf,32417,31915,9,600
dwarf,32418,31916,9,600
orc spearman,33142,31914,9,600
orc spearman,33140,31915,9,600
orc spearman,33143,31916,9,600
poison spider,33145,31916,9,600
orc spearman,33140,31917,9,600
poison spider,33144,31919,9,600
poison spider,33145,31919,9,600
rotworm,32541,31917,9,500
rotworm,32540,31918,9,500
poison spider,32685,31918,9,600
poison spider,32686,31919,9,600
poison spider,32685,31921,9,600
rotworm,33247,31918,9,500
rotworm,33246,31919,9,500
rotworm,33247,31919,9,500
rotworm,32479,31920,9,500
rotworm,32480,31920,9,500
rotworm,32480,31923,9,500
minotaur,32451,31921,9,600
minotaur,32453,31922,9,600
orc warrior,33169,31920,9,600
orc spearman,33171,31921,9,600
orc warrior,33168,31922,9,600
orc warrior,33170,31922,9,600
orc spearman,33172,31923,9,600
rotworm,33222,31921,9,500
orc warrior,33166,31923,9,600
poison spider,33155,31923,9,600
poison spider,33156,31923,9,600
poison spider,33158,31923,9,600
minotaur,32437,31924,9,600
minotaur,32442,31924,9,600
minotaur,32439,31925,9,600
minotaur archer,32441,31925,9,600
minotaur archer,32440,31927,9,600
dwarf,32484,31925,9,600
dwarf,32485,31925,9,600
dwarf,32484,31928,9,600
orc spearman,33144,31925,9,600
orc spearman,33144,31927,9,600
orc spearman,33140,31929,9,600
orc warrior,33141,31929,9,600
orc warrior,33143,31929,9,600
orc berserker,33137,31930,9,600
orc warrior,33141,31931,9,600
orc spearman,33143,31931,9,600
rotworm,33271,31929,9,500
rotworm,33270,31930,9,500
ghoul,32168,31929,9,600
ghoul,32169,31930,9,600
skeleton,32180,31929,9,600
skeleton,32177,31930,9,600
skeleton,32178,31930,9,600
dwarf,32504,31930,9,600
dwarf,32504,31931,9,600
dwarf,32504,31934,9,600
dwarf,32506,31934,9,600
orc warrior,33164,31930,9,600
rotworm,33255,31931,9,500
rotworm,33256,31933,9,500
dwarf,32539,31930,9,600
dwarf,32540,31932,9,600
dwarf,32539,31934,9,600
rotworm,32540,31936,9,500
orc spearman,33159,31930,9,600
orc spearman,33161,31932,9,600
orc spearman,33162,31932,9,600
poison spider,33166,31932,9,600
poison spider,33166,31934,9,600
rotworm,32523,31933,9,500
rotworm,32522,31934,9,500
rotworm,32523,31934,9,500
rotworm,32521,31935,9,500
poison spider,32692,31930,9,600
poison spider,32694,31930,9,600
poison spider,32691,31933,9,600
minotaur,32466,31935,9,600
minotaur,32467,31935,9,600
minotaur,32466,31938,9,600
rotworm,32539,31938,9,500
rotworm,32538,31939,9,500
skeleton,32171,31938,9,600
skeleton,32169,31940,9,600
rotworm,32490,31941,9,500
rotworm,32491,31943,9,500
dwarf,32493,31946,9,600
minotaur,32426,31944,9,600
minotaur,32427,31945,9,600
minotaur archer,32455,31945,9,600
rotworm,32518,31945,9,500
rotworm,32520,31945,9,500
dwarf,32496,31945,9,600
dwarf,32496,31946,9,600
poison spider,32688,31943,9,600
poison spider,32688,31944,9,600
poison spider,32690,31946,9,600
poison spider,32692,31946,9,600
cave rat,32377,31947,9,600
cave rat,32378,31947,9,600
cave rat,32379,31950,9,600
dwarf,32555,31949,9,600
dwarf,32556,31950,9,600
rotworm,32551,31951,9,500
dwarf,32552,31951,9,600
rotworm,32551,31952,9,500
dwarf,32511,31949,9,600
dwarf,32511,31950,9,600
dwarf,32512,31950,9,600
dwarf,32506,31952,9,600
dwarf,32514,31952,9,600
rotworm,32505,31955,9,500
slime,32665,31948,9,600
slime,32667,31950,9,600
minotaur archer,32445,31951,9,600
witch,32751,31951,9,600
witch,32752,31951,9,600
witch,32751,31952,9,600
minotaur archer,32430,31952,9,600
rotworm,32548,31952,9,500
rotworm,32549,31952,9,500
rotworm,32485,31952,9,500
rotworm,32482,31954,9,500
rotworm,32483,31954,9,500
rotworm,32502,31954,9,500
rotworm,32503,31955,9,500
poison spider,32366,31958,9,600
poison spider,32366,31959,9,600
poison spider,32367,31960,9,600
snake,32712,31960,9,600
snake,32713,31961,9,600
poison spider,32530,31963,9,600
poison spider,32531,31963,9,600
dwarf,32485,31964,9,600
dwarf,32485,31965,9,600
dwarf,32485,31967,9,600
dwarf,32485,31968,9,600
rotworm,32476,31966,9,500
rotworm,32479,31968,9,500
rotworm,32477,31969,9,500
rotworm,32518,31968,9,500
rotworm,32520,31968,9,500
rotworm,32519,31969,9,500
rotworm,32549,31968,9,500
rotworm,32550,31968,9,500
rotworm,32549,31969,9,500
troll,32649,31970,9,1100
minotaur mage,32654,31970,9,1000
minotaur archer,32656,31970,9,900
snake,32715,31969,9,600
snake,32714,31970,9,600
snake,32713,31971,9,600
minotaur archer,32457,31972,9,600
rotworm,32492,31971,9,500
rotworm,32490,31972,9,500
rotworm,32491,31972,9,500
dwarf,32503,31973,9,600
dwarf,32505,31973,9,600
dwarf,32506,31974,9,600
dwarf,32502,31975,9,600
minotaur,32454,31971,9,600
minotaur,32455,31972,9,600
minotaur,32454,31974,9,600
minotaur,32456,31974,9,600
minotaur,32453,31976,9,600
minotaur,32429,31975,9,600
minotaur,32430,31975,9,600
minotaur,32431,31976,9,600
minotaur,32434,31979,9,600
poison spider,32559,31976,9,600
poison spider,32561,31976,9,600
rotworm,32527,31977,9,500
rotworm,32528,31977,9,500
rotworm,32529,31977,9,500
rotworm,32529,31978,9,500
wasp,32751,31979,9,600
troll,32632,31979,9,750
troll,32632,31980,9,750
troll,32646,31981,9,650
troll,32644,31984,9,650
troll,32646,31984,9,650
troll,32660,31985,9,700
troll,32659,31986,9,700
rotworm,32489,31987,9,500
rotworm,32492,31987,9,500
rotworm,32490,31988,9,500
rotworm,32524,31989,9,500
rotworm,32523,31990,9,500
rotworm,32521,31991,9,500
rotworm,32523,31991,9,500
rotworm,32550,31990,9,500
rotworm,32551,31990,9,500
rotworm,32713,31991,9,500
rotworm,32477,31994,9,500
rotworm,32480,31994,9,500
rotworm,32478,31995,9,500
rotworm,33012,31994,9,500
rotworm,33010,31995,9,500
poison spider,32514,31995,9,600
poison spider,32514,31996,9,600
rotworm,32571,31994,9,500
rotworm,32573,31995,9,500
rotworm,32575,31996,9,500
rotworm,32594,31995,9,600
rotworm,32594,31996,9,600
rotworm,32592,31997,9,600
troll,32645,31997,9,800
rotworm,32660,31997,9,900
rotworm,32703,32000,9,400
rotworm,32721,31999,9,543
rotworm,32721,32000,9,543
troll,32624,32001,9,500
troll,32633,32001,9,650
troll,32635,32002,9,650
rotworm,33029,32003,9,600
rotworm,33030,32004,9,600
troll,32649,32002,9,650
troll,32647,32003,9,650
troll,32652,32003,9,650
troll,32650,32005,9,650
rotworm,32711,32007,9,300
rotworm,32713,32007,9,300
poison spider,32740,32007,9,600
slime,32761,32007,9,1200
troll,32623,32010,9,650
troll,32624,32010,9,650
rotworm,32700,32011,9,600
rotworm,32702,32011,9,600
rotworm,32700,32012,9,600
rotworm,32999,32011,9,600
rotworm,33000,32011,9,600
troll,32633,32011,9,600
troll,32633,32012,9,600
slime,32755,32012,9,800
rotworm,32718,32014,9,600
rotworm,32717,32015,9,600
rotworm,32720,32015,9,600
cave rat,32404,32012,9,600
cave rat,32401,32015,9,600
cave rat,32400,32016,9,600
orc,33054,32017,9,600
orc,33056,32018,9,600
snake,33057,32019,9,600
orc,33053,32021,9,600
snake,33057,32021,9,600
orc,33054,32022,9,600
snake,33057,32022,9,600
snake,32643,32025,9,750
snake,33078,32023,9,600
snake,33078,32025,9,600
orc,33079,32028,9,600
orc shaman,33085,32025,9,600
snake,33088,32025,9,600
snake,33088,32026,9,600
rotworm,33015,32027,9,500
rotworm,33016,32027,9,500
orc spearman,33083,32026,9,600
orc spearman,33083,32027,9,600
orc,33079,32029,9,600
snake,33047,32028,9,600
orc spearman,33047,32029,9,600
orc spearman,33047,32030,9,600
snake,33047,32031,9,600
snake,33047,32032,9,600
snake,33043,32030,9,600
snake,33048,32034,9,600
snake,33049,32037,9,600
snake,33051,32040,9,600
orc,33053,32041,9,600
orc,33052,32042,9,600
snake,33054,32043,9,600
skeleton,32452,32039,9,400
skeleton,32453,32040,9,400
skeleton,32454,32041,9,400
skeleton,32455,32043,9,400
skeleton,32456,32043,9,400
ghoul,32456,32047,9,400
ghoul,32458,32048,9,400
orc spearman,33058,32042,9,600
orc,33056,32045,9,600
snake,33058,32045,9,600
orc spearman,33060,32045,9,600
snake,33060,32047,9,600
orc spearman,33061,32047,9,600
orc,33057,32048,9,600
ghoul,32447,32042,9,400
ghoul,32444,32044,9,400
ghoul,32445,32046,9,400
ghoul,32445,32047,9,400
ghoul,32449,32048,9,400
ghoul,32456,32051,9,400
spider,32065,32049,9,600
spider,32064,32052,9,600
spider,32067,32052,9,600
ghoul,32432,32054,9,600
skeleton,32429,32055,9,600
rat,32431,32055,9,600
rat,32430,32056,9,600
skeleton,32431,32056,9,600
skeleton,32433,32056,9,600
ghoul,32427,32058,9,600
ghoul,32428,32058,9,600
skeleton,32431,32058,9,600
rat,32429,32060,9,600
rat,32430,32060,9,600
skeleton,32429,32061,9,600
rat,32430,32061,9,600
ghoul,32427,32062,9,600
rat,32429,32062,9,600
ghoul,32432,32062,9,600
rat,32426,32061,9,600
ghoul,32424,32062,9,600
rat,32432,32065,9,600
poison spider,32069,32066,9,600
rotworm,32823,32066,9,500
rotworm,32824,32066,9,500
dwarf,32597,32068,9,600
dwarf,32599,32068,9,600
rotworm,32849,32072,9,500
rotworm,33002,32071,9,600
rotworm,33004,32072,9,600
rotworm,33007,32072,9,600
rotworm,33064,32072,9,500
rotworm,33064,32073,9,500
rotworm,32796,32074,9,600
rotworm,33010,32074,9,500
rotworm,33012,32074,9,500
rotworm,33041,32074,9,500
rotworm,33040,32075,9,500
rotworm,33041,32076,9,500
rotworm,32835,32074,9,600
rotworm,32835,32075,9,600
rotworm,32806,32077,9,600
rotworm,32804,32078,9,600
rotworm,32844,32078,9,600
rotworm,32817,32079,9,500
rotworm,33067,32081,9,600
rotworm,33069,32081,9,600
cyclops,32350,32082,9,600
cyclops,32351,32082,9,600
cyclops,32354,32085,9,600
spider,32058,32083,9,600
spider,32056,32085,9,600
spider,32061,32085,9,600
rotworm,33040,32083,9,500
rotworm,33039,32084,9,500
orc warrior,32641,32084,9,600
slime,32643,32084,9,600
orc warrior,32641,32085,9,600
slime,32643,32086,9,600
rotworm,32859,32085,9,500
rotworm,32859,32086,9,500
rotworm,33057,32085,9,500
rotworm,33057,32086,9,500
cyclops,32439,32086,9,500
cyclops,32438,32087,9,500
cyclops,32439,32089,9,500
cyclops,32438,32091,9,500
rotworm,33072,32087,9,600
rotworm,33073,32087,9,600
rotworm,32815,32088,9,600
rotworm,32803,32090,9,500
rotworm,32804,32091,9,500
poison spider,32064,32089,9,600
poison spider,32064,32092,9,600
poison spider,32066,32093,9,600
orc berserker,32671,32092,9,600
orc berserker,32673,32094,9,600
rotworm,32831,32092,9,600
rotworm,32844,32092,9,600
rotworm,32817,32092,9,500
rotworm,32819,32094,9,500
rotworm,33022,32094,9,500
rotworm,33024,32096,9,500
rotworm,33043,32097,9,600
rotworm,33044,32097,9,600
rotworm,33046,32099,9,600
cyclops,32356,32100,9,800
cyclops,32356,32102,9,800
rotworm,32799,32101,9,500
bear,32648,32102,9,1200
bear,32649,32104,9,1200
rotworm,33014,32103,9,600
rotworm,33063,32103,9,500
cyclops,32369,32104,9,600
cyclops,32370,32104,9,600
cyclops,32370,32105,9,600
fire devil,32663,32104,9,600
orc,32097,32105,9,600
troll,32070,32108,9,600
troll,32072,32109,9,600
orc spearman,32298,32109,9,600
orc spearman,32299,32109,9,600
orc spearman,32298,32112,9,600
orc warrior,32294,32110,9,600
orc warrior,32294,32111,9,600
cyclops,32349,32108,9,600
cyclops,32346,32110,9,600
cyclops,32347,32110,9,600
rotworm,33069,32110,9,600
orc,32120,32111,9,600
rotworm,33055,32110,9,500
rotworm,33054,32111,9,500
minotaur archer,32637,32112,9,600
rotworm,33035,32112,9,600
rotworm,33032,32113,9,600
rotworm,33033,32114,9,600
orc,32090,32114,9,600
minotaur archer,32647,32114,9,600
rotworm,32814,32114,9,500
spider,32374,32109,9,600
spider,32361,32112,9,600
spider,32369,32112,9,600
spider,32369,32115,9,600
spider,32369,32116,9,600
spider,32362,32117,9,600
spider,32373,32119,9,600
spider,32365,32123,9,600
rotworm,33061,32112,9,600
rotworm,33065,32112,9,600
rotworm,33062,32115,9,600
spider,32385,32117,9,600
spider,32389,32118,9,600
spider,32392,32119,9,600
spider,32389,32121,9,600
rotworm,33002,32115,9,500
rotworm,33001,32117,9,500
rotworm,33002,32118,9,500
rotworm,33002,32121,9,500
rotworm,33070,32118,9,600
troll,32048,32117,9,600
troll,32047,32119,9,600
rotworm,33041,32119,9,500
rotworm,33024,32118,9,500
rotworm,33022,32120,9,500
troll,32334,32121,9,600
troll,32332,32122,9,600
poison spider,32349,32121,9,600
poison spider,32353,32121,9,600
poison spider,32352,32122,9,600
spider,32067,32126,9,600
spider,32065,32127,9,600
spider,32068,32127,9,600
scorpion,32877,32127,9,600
scorpion,32877,32128,9,600
troll,32316,32129,9,650
troll,32318,32129,9,650
troll,32317,32130,9,650
dragon,32832,32130,9,600
dragon,32840,32130,9,600
rotworm,33043,32129,9,600
rotworm,33043,32130,9,600
scorpion,32357,32132,9,600
rotworm,32178,32132,9,600
rotworm,32177,32133,9,600
rotworm,33024,32132,9,600
rotworm,33024,32133,9,600
rotworm,33026,32133,9,600
dragon,32794,32135,9,600
slime,32657,32136,9,800
troll,32314,32137,9,700
troll,32314,32138,9,700
troll,32317,32139,9,700
skeleton,31976,32138,9,500
skeleton,31978,32139,9,500
dragon,32244,32139,9,1200
dragon lord,32788,32141,9,600
rotworm,33034,32141,9,500
rotworm,33033,32142,9,500
troll,32325,32142,9,600
troll,32323,32143,9,600
troll,32325,32143,9,600
poison spider,32383,32137,9,680
poison spider,32389,32142,9,680
poison spider,32385,32143,9,680
poison spider,32383,32146,9,680
poison spider,32386,32148,9,680
poison spider,32387,32148,9,680
dragon,32841,32143,9,600
skeleton,32142,32148,9,600
skeleton,32143,32148,9,600
skeleton,32142,32150,9,600
cyclops,33099,32148,9,600
elf scout,33103,32149,9,600
cyclops,33099,32150,9,600
cyclops,33102,32150,9,600
dragon,32867,32152,9,600
dragon,32852,32154,9,600
troll,32325,32153,9,650
troll,32328,32154,9,650
troll,32322,32155,9,650
troll,32326,32155,9,650
troll,32323,32156,9,650
dragon lord,32880,32155,9,600
dragon lord,32878,32156,9,600
rat,32049,32157,9,200
rat,32051,32159,9,200
dragon,32814,32159,9,600
spider,31978,32165,9,500
spider,31980,32168,9,500
spider,31981,32168,9,500
rat,32019,32166,9,600
rat,32020,32167,9,600
rat,32057,32167,9,600
rat,32043,32168,9,600
rat,32043,32170,9,600
dragon,32815,32169,9,600
swamp troll,32946,32171,9,600
swamp troll,32947,32171,9,600
rat,32024,32173,9,600
rat,32025,32174,9,600
rat,32034,32173,9,600
dragon,32841,32173,9,600
swamp troll,32916,32172,9,600
swamp troll,32916,32173,9,600
swamp troll,32912,32176,9,600
swamp troll,32913,32177,9,600
swamp troll,32933,32173,9,600
swamp troll,32935,32173,9,600
elf scout,33036,32173,9,600
elf scout,33033,32174,9,600
ghoul,33040,32174,9,600
demon skeleton,33032,32175,9,600
elf scout,33038,32175,9,600
elf scout,33039,32177,9,600
ghoul,33041,32173,9,600
dragon lord,32838,32176,9,600
swamp troll,32940,32176,9,600
swamp troll,32942,32177,9,600
elf arcanist,33035,32178,9,600
elf scout,33036,32178,9,600
elf arcanist,33037,32179,9,600
elf arcanist,33042,32179,9,600
elf scout,33039,32180,9,600
elf arcanist,33040,32181,9,600
wild warrior,32628,32178,9,700
swamp troll,32952,32176,9,600
swamp troll,32952,32178,9,600
spider,31986,32179,9,400
spider,31987,32180,9,400
rat,32039,32180,9,600
poison spider,32051,32180,9,600
poison spider,32050,32181,9,600
poison spider,32054,32182,9,600
rat,32075,32180,9,400
rat,32075,32182,9,400
wild warrior,32616,32180,9,650
scorpion,32800,32179,9,600
scorpion,32799,32180,9,600
scorpion,32800,32181,9,600
spider,31973,32182,9,400
spider,31975,32183,9,400
rat,32028,32181,9,600
rat,32028,32182,9,600
spider,32070,32186,9,600
wild warrior,32630,32186,9,700
scorpion,32805,32183,9,600
scorpion,32806,32184,9,600
scorpion,32807,32186,9,600
scorpion,32807,32189,9,600
scorpion,32857,32186,9,600
scorpion,32858,32186,9,600
scorpion,32855,32189,9,600
rat,32016,32187,9,600
rat,32017,32188,9,600
rat,32044,32187,9,600
rat,32092,32187,9,300
rat,32039,32186,9,600
rat,32038,32188,9,600
rat,32080,32188,9,600
wild warrior,32618,32189,9,750
wild warrior,32616,32191,9,750
rat,32029,32190,9,600
swamp troll,32947,32189,9,600
swamp troll,32948,32191,9,600
swamp troll,32949,32191,9,600
swamp troll,32944,32193,9,600
cave rat,32900,32189,9,600
cave rat,32901,32191,9,600
cave rat,32902,32191,9,600
cave rat,32903,32192,9,600
cave rat,32903,32194,9,600
rat,32015,32194,9,600
rat,32017,32194,9,600
rat,32053,32193,9,600
rat,32052,32194,9,600
troll,32004,32195,9,600
rat,32046,32196,9,600
rat,32078,32194,9,400
rat,32074,32195,9,400
rat,32076,32196,9,400
bug,32058,32197,9,600
bug,32059,32198,9,600
rat,32027,32200,9,600
rat,32027,32201,9,600
rat,32093,32198,9,300
rat,32098,32202,9,300
rat,32093,32205,9,300
rat,32094,32205,9,300
rat,32094,32207,9,300
rat,32095,32207,9,300
swamp troll,32940,32201,9,600
swamp troll,32939,32202,9,600
swamp troll,32941,32202,9,600
swamp troll,32941,32204,9,600
swamp troll,32943,32205,9,600
rat,32036,32203,9,600
rat,32038,32203,9,600
troll,31974,32205,9,600
troll,31976,32205,9,600
orc warrior,32604,32207,9,700
orc warrior,32601,32208,9,700
orc warrior,32602,32208,9,700
orc shaman,32604,32210,9,900
troll,32000,32209,9,600
troll,32001,32211,9,600
rat,32041,32210,9,600
rat,32039,32211,9,600
troll,32069,32211,9,600
elf arcanist,33046,32209,9,600
elf arcanist,33046,32211,9,600
elf arcanist,33046,32214,9,600
cave rat,32958,32211,9,600
cave rat,32959,32212,9,600
cave rat,32961,32213,9,600
cave rat,32958,32214,9,600
orc,32372,32212,9,300
orc,32369,32213,9,300
orc,32370,32215,9,300
orc spearman,32367,32217,9,600
orc warrior,32373,32217,9,600
orc spearman,32369,32219,9,600
cave rat,32921,32212,9,600
cave rat,32918,32214,9,600
cave rat,32920,32215,9,600
cave rat,32921,32215,9,600
cave rat,32922,32215,9,600
rat,32024,32216,9,300
troll,31982,32215,9,600
troll,31984,32217,9,600
troll,31986,32217,9,600
troll,31983,32218,9,600
troll,31956,32219,9,600
troll,31956,32220,9,600
troll,31958,32220,9,600
spider,32421,32219,9,800
spider,32418,32222,9,800
spider,32423,32222,9,800
cave rat,32037,32220,9,400
rat,32058,32223,9,300
skeleton,32007,32224,9,600
cave rat,32024,32226,9,300
cave rat,32046,32226,9,300
orc spearman,32598,32226,9,650
troll,31965,32228,9,600
troll,31966,32230,9,600
troll,31968,32231,9,600
rat,32033,32228,9,300
demon skeleton,32814,32226,9,600
demon skeleton,32813,32228,9,600
demon skeleton,32814,32229,9,600
demon skeleton,32816,32229,9,600
beholder,32815,32230,9,600
spider,32422,32228,9,800
spider,32424,32228,9,800
spider,32425,32229,9,800
skeleton,32000,32232,9,600
cave rat,32082,32230,9,300
cave rat,32083,32232,9,300
cave rat,32086,32232,9,300
orc berserker,32597,32234,9,800
orc berserker,32596,32235,9,800
orc spearman,32600,32235,9,600
orc berserker,32598,32236,9,800
orc spearman,32601,32236,9,600
swamp troll,32938,32230,9,600
swamp troll,32934,32233,9,600
swamp troll,32936,32234,9,600
swamp troll,32940,32234,9,600
rotworm,32948,32234,9,600
rotworm,32948,32235,9,600
skeleton,31985,32236,9,600
cave rat,32073,32236,9,600
rat,32049,32236,9,500
rat,32049,32238,9,500
rat,32049,32239,9,500
cyclops,32622,32236,9,800
cyclops,32621,32238,9,800
cyclops,32622,32240,9,800
orc warrior,32358,32241,9,600
orc warrior,32360,32242,9,600
skeleton,32010,32243,9,600
cave rat,32044,32244,9,600
slime,32797,32244,9,600
slime,32798,32245,9,600
slime,32800,32246,9,600
rotworm,32928,32244,9,500
cave rat,31979,32245,9,600
cave rat,31980,32245,9,600
orc,32505,32245,9,600
orc,32507,32245,9,600
orc,32506,32246,9,600
slime,32786,32245,9,600
slime,32788,32245,9,600
rotworm,32938,32246,9,600
rotworm,32940,32246,9,600
rotworm,32941,32246,9,600
cave rat,32055,32247,9,600
ghoul,32862,32248,9,600
ghoul,32862,32250,9,600
scorpion,32642,32251,9,650
slime,32797,32251,9,600
slime,32794,32252,9,600
slime,32797,32253,9,600
rotworm,32469,32250,9,900
rotworm,32471,32250,9,900
rotworm,32469,32253,9,900
rotworm,32472,32253,9,900
rotworm,32471,32254,9,900
rotworm,32925,32254,9,600
slime,32804,32254,9,600
slime,32805,32255,9,600
slime,32806,32256,9,600
cave rat,32303,32255,9,600
cave rat,32304,32257,9,600
cave rat,32303,32258,9,600
cave rat,32305,32258,9,600
rotworm,33252,32258,9,500
rotworm,33253,32259,9,500
rotworm,33255,32259,9,500
scorpion,32581,32261,9,600
spider,32597,32260,9,700
spider,32600,32260,9,700
spider,32601,32260,9,700
spider,32599,32261,9,700
rotworm,33192,32260,9,500
rotworm,33191,32262,9,500
rotworm,33192,32262,9,500
dragon,32776,32265,9,900
dragon,32778,32265,9,900
rotworm,33163,32265,9,500
rotworm,33164,32265,9,500
rotworm,33165,32266,9,500
troll,32469,32269,9,800
troll,32472,32269,9,800
troll,32471,32270,9,800
troll,32471,32271,9,800
bug,32627,32268,9,600
bug,32630,32270,9,600
bug,32627,32271,9,600
bug,32628,32272,9,600
bug,32625,32273,9,600
troll,32485,32274,9,1200
rotworm,33181,32275,9,500
rotworm,33182,32275,9,500
rotworm,33242,32277,9,500
rotworm,33241,32279,9,500
orc,32508,32277,9,1200
orc,32508,32278,9,1200
troll,32506,32280,9,600
rotworm,33149,32278,9,500
rotworm,33149,32279,9,500
rotworm,33198,32278,9,500
rotworm,33200,32278,9,500
minotaur archer,33305,32277,9,600
minotaur archer,33304,32278,9,600
minotaur archer,33306,32278,9,600
minotaur guard,33302,32281,9,600
minotaur guard,33302,32282,9,600
minotaur guard,33313,32280,9,600
minotaur guard,33314,32281,9,600
minotaur archer,33312,32282,9,600
minotaur guard,33312,32283,9,600
minotaur archer,33314,32284,9,600
rotworm,33223,32281,9,500
rotworm,33223,32282,9,500
minotaur guard,33304,32284,9,600
rotworm,32722,32280,9,600
rotworm,32727,32280,9,600
rotworm,32725,32283,9,600
troll,32501,32281,9,600
troll,32505,32283,9,600
troll,32503,32284,9,600
rotworm,33251,32283,9,500
rotworm,33251,32284,9,500
rotworm,33252,32284,9,500
rotworm,32676,32288,9,500
rotworm,32674,32290,9,500
rotworm,33165,32287,9,500
rotworm,33163,32288,9,500
minotaur guard,33306,32289,9,600
minotaur guard,33302,32290,9,600
minotaur guard,33303,32290,9,600
rotworm,33213,32291,9,500
rotworm,33213,32292,9,500
wasp,32427,32296,9,700
wasp,32430,32297,9,700
wasp,32430,32298,9,700
rotworm,32705,32296,9,500
rotworm,32706,32297,9,500
rotworm,32703,32298,9,500
troll,32486,32299,9,700
troll,32488,32299,9,700
troll,32485,32302,9,700
troll,32506,32299,9,750
troll,32505,32300,9,750
rotworm,33164,32300,9,500
rotworm,33165,32301,9,500
rotworm,33167,32302,9,500
rotworm,33210,32301,9,500
rotworm,32661,32299,9,500
rotworm,32664,32301,9,500
rotworm,32662,32302,9,500
rotworm,32660,32303,9,500
wasp,32419,32303,9,700
wasp,32440,32303,9,700
rotworm,33305,32302,9,500
rotworm,33302,32303,9,500
rotworm,33304,32304,9,500
rotworm,33304,32305,9,500
rotworm,33219,32303,9,500
rotworm,33220,32305,9,500
rotworm,33191,32305,9,500
rotworm,33191,32306,9,500
rotworm,33195,32307,9,500
rotworm,33191,32309,9,500
wasp,32441,32307,9,700
wasp,32442,32307,9,700
wasp,32444,32308,9,700
rotworm,33242,32307,9,500
rotworm,33240,32308,9,500
rotworm,33243,32310,9,500
rotworm,33267,32305,9,500
rotworm,33268,32305,9,500
rotworm,33269,32308,9,500
rotworm,33270,32309,9,500
rotworm,33287,32309,9,500
rotworm,33286,32310,9,500
rotworm,32699,32312,9,500
rotworm,32700,32313,9,500
rotworm,33203,32313,9,500
rotworm,33206,32313,9,500
rotworm,33209,32314,9,500
rotworm,33210,32315,9,500
wasp,32425,32313,9,700
wasp,32424,32314,9,700
rotworm,33318,32312,9,500
rotworm,33314,32315,9,500
rotworm,33312,32318,9,500
rotworm,33312,32319,9,500
wasp,32434,32317,9,700
rotworm,32126,32314,9,600
rotworm,32123,32316,9,600
rotworm,32122,32318,9,600
rotworm,32126,32319,9,600
rotworm,33335,32317,9,500
rotworm,33333,32319,9,500
rotworm,33337,32318,9,500
rotworm,33340,32318,9,500
rotworm,33339,32319,9,500
rotworm,32135,32316,9,500
rotworm,32133,32319,9,500
rotworm,32138,32321,9,500
rotworm,32133,32322,9,500
rotworm,32135,32322,9,500
rotworm,32102,32322,9,450
rotworm,32105,32322,9,450
rotworm,32099,32324,9,450
rotworm,33236,32323,9,500
rotworm,33235,32325,9,500
rotworm,33289,32322,9,500
rotworm,33288,32323,9,500
rotworm,32698,32324,9,500
rotworm,32696,32326,9,500
rotworm,33276,32325,9,500
rotworm,33277,32325,9,500
rotworm,32166,32323,9,450
rotworm,32165,32326,9,450
rotworm,32166,32329,9,450
rotworm,32166,32330,9,450
rotworm,33193,32329,9,600
rotworm,33193,32331,9,600
rotworm,33195,32331,9,600
rotworm,32707,32330,9,500
rotworm,32707,32332,9,500
rotworm,32704,32333,9,500
rotworm,33022,32333,9,500
rotworm,33023,32334,9,500
rotworm,33020,32335,9,500
rotworm,33069,32334,9,500
rotworm,33071,32334,9,500
rotworm,33226,32334,9,500
rotworm,33227,32334,9,500
rotworm,33228,32337,9,500
rotworm,32145,32334,9,550
rotworm,32148,32335,9,550
rotworm,32149,32336,9,550
rotworm,32999,32335,9,500
rotworm,33000,32337,9,500
rotworm,32997,32338,9,500
rotworm,33307,32337,9,500
rotworm,33306,32338,9,500
beholder,32668,32340,9,600
rotworm,32170,32338,9,500
rotworm,32167,32340,9,500
rotworm,32168,32341,9,500
rotworm,32172,32345,9,500
rotworm,33065,32339,9,600
rotworm,33065,32341,9,600
rotworm,33336,32342,9,600
rotworm,33338,32342,9,600
poison spider,32731,32344,9,600
poison spider,32726,32346,9,600
poison spider,32728,32347,9,600
poison spider,32726,32348,9,600
poison spider,32728,32348,9,600
poison spider,32732,32348,9,600
rotworm,32113,32344,9,350
rotworm,32111,32346,9,350
rotworm,32113,32347,9,350
rotworm,32117,32351,9,350
rotworm,33317,32346,9,500
rotworm,33320,32346,9,500
rotworm,33317,32347,9,500
rotworm,33317,32349,9,500
rotworm,32200,32343,9,500
rotworm,32201,32347,9,500
rotworm,32200,32348,9,500
rotworm,32201,32348,9,500
rotworm,32200,32350,9,500
rotworm,33333,32347,9,500
rotworm,33330,32348,9,500
rotworm,33333,32351,9,500
rotworm,32143,32349,9,450
rotworm,32147,32350,9,450
rotworm,32148,32351,9,450
rotworm,32145,32355,9,450
rotworm,32145,32356,9,450
rotworm,33002,32349,9,500
rotworm,33001,32350,9,500
rotworm,33001,32351,9,500
rotworm,33000,32353,9,500
rotworm,33045,32351,9,500
rotworm,33045,32352,9,500
rotworm,33053,32349,9,500
rotworm,33056,32351,9,500
rotworm,33057,32354,9,500
tarantula,32728,32352,9,600
cave rat,32324,32355,9,600
cave rat,32326,32356,9,600
cave rat,32327,32356,9,600
slime,32674,32354,9,600
slime,32671,32356,9,600
slime,32670,32359,9,600
demon skeleton,32303,32357,9,900
tarantula,32747,32357,9,600
tarantula,32749,32357,9,600
rotworm,33334,32354,9,500
rotworm,33334,32356,9,500
rotworm,33335,32358,9,500
rotworm,33333,32361,9,500
rotworm,32131,32360,9,550
rotworm,32137,32360,9,550
rotworm,32137,32361,9,550
rotworm,32132,32363,9,550
rotworm,32138,32363,9,550
rotworm,32141,32366,9,550
rotworm,32136,32367,9,550
rotworm,33074,32359,9,500
rotworm,33074,32360,9,500
rotworm,33072,32361,9,500
rotworm,32099,32361,9,600
rotworm,32100,32361,9,600
slime,32698,32360,9,600
slime,32698,32361,9,600
slime,32697,32363,9,600
rotworm,33025,32362,9,500
rotworm,33025,32364,9,500
rotworm,33025,32365,9,500
rotworm,33310,32361,9,500
rotworm,33308,32363,9,500
rotworm,33309,32363,9,500
rotworm,33309,32366,9,500
rotworm,32108,32362,9,650
rotworm,32112,32363,9,650
rotworm,32115,32363,9,650
rotworm,32112,32364,9,650
slime,32658,32364,9,600
slime,32661,32364,9,600
slime,32659,32367,9,600
rotworm,33008,32363,9,500
rotworm,33005,32364,9,500
rotworm,33007,32364,9,500
rotworm,33065,32364,9,500
rotworm,33063,32365,9,500
tarantula,32742,32365,9,600
tarantula,32746,32365,9,600
tarantula,32742,32366,9,600
tarantula,32745,32367,9,600
rotworm,33120,32362,9,500
rotworm,33118,32365,9,500
rotworm,33121,32368,9,500
demon skeleton,32124,32365,9,800
demon skeleton,32121,32367,9,800
demon skeleton,32123,32367,9,800
rotworm,32177,32364,9,450
rotworm,32182,32367,9,450
rotworm,32183,32367,9,450
rotworm,32186,32367,9,450
rotworm,32187,32368,9,450
rotworm,32150,32369,9,500
rotworm,32149,32370,9,500
rotworm,32150,32370,9,500
rotworm,32150,32373,9,500
slime,32648,32369,9,600
slime,32650,32370,9,600
skeleton,32712,32366,9,600
skeleton,32718,32366,9,600
skeleton,32716,32369,9,600
skeleton,32719,32370,9,600
ghoul,32714,32371,9,600
slime,32365,32369,9,600
slime,32366,32370,9,600
skeleton,32380,32368,9,600
skeleton,32379,32371,9,600
skeleton,32379,32374,9,600
rotworm,33139,32372,9,500
rotworm,33138,32374,9,500
rotworm,33021,32374,9,500
rotworm,33020,32375,9,500
rotworm,33022,32375,9,500
rotworm,32118,32376,9,500
rotworm,32118,32378,9,500
rotworm,32115,32379,9,500
rotworm,33035,32377,9,500
rotworm,33037,32379,9,500
rotworm,33130,32379,9,500
rotworm,33129,32380,9,500
snake,32370,32381,9,600
snake,32369,32382,9,600
rotworm,33067,32377,9,500
rotworm,33069,32380,9,500
rotworm,33067,32381,9,500
rotworm,33069,32382,9,500
witch,32607,32383,9,600
assassin,32624,32383,9,600
assassin,32624,32384,9,600
rotworm,33028,32383,9,500
rotworm,33029,32383,9,500
dark monk,32610,32384,9,600
dark monk,32612,32385,9,600
dark monk,32609,32387,9,600
dark monk,32619,32384,9,600
dark monk,32619,32385,9,600
rotworm,32134,32384,9,550
rotworm,32137,32384,9,550
rotworm,32133,32386,9,550
rotworm,32136,32390,9,550
ghost,32624,32388,9,600
ghoul,32735,32388,9,600
ghoul,32734,32389,9,600
poison spider,32362,32387,9,600
poison spider,32360,32389,9,600
poison spider,32360,32390,9,600
rotworm,33125,32389,9,500
rotworm,33126,32389,9,500
dark monk,32606,32390,9,600
dark monk,32606,32392,9,600
witch,32624,32390,9,600
skeleton,32719,32388,9,600
skeleton,32718,32390,9,600
skeleton,32719,32392,9,600
slime,32680,32388,9,600
slime,32678,32391,9,600
slime,32679,32391,9,600
cave rat,32380,32389,9,600
cave rat,32377,32392,9,600
cave rat,32375,32394,9,600
rat,32376,32394,9,600
rat,32378,32394,9,600
rat,32375,32395,9,600
rat,32374,32396,9,600
witch,32620,32391,9,600
witch,32619,32392,9,600
ghoul,32327,32393,9,600
ghoul,32326,32394,9,600
ghoul,32746,32390,9,600
ghoul,32746,32393,9,600
ghoul,32744,32394,9,600
rotworm,33149,32393,9,500
rotworm,33148,32394,9,500
witch,32606,32397,9,600
witch,32606,32398,9,600
dark monk,32605,32400,9,600
assassin,32614,32398,9,600
assassin,32613,32400,9,600
assassin,32618,32400,9,600
assassin,32614,32402,9,600
witch,32625,32396,9,600
witch,32623,32398,9,600
rotworm,32130,32398,9,700
rotworm,32129,32400,9,700
rotworm,32126,32401,9,700
rotworm,32125,32402,9,700
orc,32216,32400,9,700
orc,32219,32400,9,700
orc,32215,32401,9,700
orc,32216,32401,9,700
wasp,32360,32402,9,600
wasp,32359,32404,9,600
skeleton,32730,32402,9,600
skeleton,32732,32403,9,600
skeleton,32733,32403,9,600
ghoul,32731,32406,9,600
orc,32196,32402,9,800
orc,32197,32403,9,800
orc,32196,32406,9,800
skeleton,32706,32404,9,600
skeleton,32707,32405,9,600
ghoul,32732,32407,9,600
ghoul,32994,32406,9,600
ghoul,32995,32406,9,600
demon skeleton,33000,32408,9,600
demon skeleton,32999,32410,9,600
demon skeleton,33002,32411,9,600
demon skeleton,33000,32412,9,600
orc,32207,32406,9,650
orc,32203,32410,9,650
orc,32204,32410,9,650
orc,32207,32410,9,650
rotworm,33133,32410,9,500
rotworm,33133,32411,9,500
rotworm,33132,32414,9,500
rotworm,33157,32411,9,500
rotworm,33158,32411,9,500
rotworm,33174,32410,9,500
rotworm,33174,32411,9,500
rotworm,32139,32412,9,500
rotworm,32135,32414,9,500
rotworm,32139,32414,9,500
rotworm,32136,32416,9,500
ghoul,32999,32415,9,600
ghoul,32998,32417,9,600
dark monk,32589,32416,9,600
assassin,32589,32417,9,600
assassin,32604,32416,9,600
assassin,32605,32416,9,600
dark monk,32602,32417,9,600
dark monk,32603,32418,9,600
assassin,32583,32415,9,600
assassin,32583,32417,9,600
assassin,32586,32417,9,600
dark monk,32603,32420,9,600
dark monk,32628,32413,9,600
dark monk,32632,32415,9,600
dark monk,32628,32417,9,600
dark monk,32628,32420,9,600
skeleton,32689,32415,9,600
skeleton,32687,32417,9,600
skeleton,32690,32418,9,600
demon skeleton,32685,32420,9,3600
demon skeleton,32991,32417,9,600
demon skeleton,32992,32417,9,600
demon skeleton,32990,32419,9,600
skeleton,32714,32421,9,600
skeleton,32712,32422,9,600
skeleton,32716,32422,9,600
ghoul,32713,32423,9,600
ghoul,32713,32424,9,600
dark monk,32571,32423,9,600
dark monk,32573,32423,9,600
dark monk,32573,32425,9,600
witch,32573,32427,9,600
assassin,32615,32423,9,600
dark monk,32641,32421,9,600
dark monk,32643,32422,9,600
dark monk,32643,32423,9,600
assassin,32641,32427,9,600
witch,32650,32423,9,600
witch,32649,32424,9,600
mummy,32652,32426,9,600
rotworm,32147,32418,9,400
rotworm,32147,32419,9,400
rotworm,32152,32420,9,400
rotworm,32149,32421,9,400
rotworm,32147,32422,9,400
rotworm,32148,32424,9,400
rotworm,32151,32424,9,400
rotworm,32159,32419,9,400
rotworm,32169,32422,9,400
rotworm,32168,32423,9,400
rotworm,32164,32424,9,400
rotworm,32165,32425,9,400
rotworm,32165,32427,9,400
rotworm,32164,32429,9,400
rotworm,32125,32421,9,500
rotworm,32129,32423,9,500
rotworm,32127,32426,9,500
rotworm,32130,32426,9,500
rotworm,32131,32427,9,500
mummy,32654,32424,9,600
dark monk,32652,32427,9,600
dark monk,32650,32429,9,600
dark monk,32651,32429,9,600
ghoul,32749,32426,9,600
skeleton,32747,32427,9,600
skeleton,32749,32427,9,600
ghoul,32749,32428,9,600
skeleton,32752,32428,9,600
ghoul,32747,32429,9,600
witch,32573,32428,9,600
skeleton,32750,32431,9,600
skeleton,32744,32432,9,600
skeleton,32746,32432,9,600
snake,33086,32424,9,600
snake,33085,32427,9,600
skeleton,33088,32427,9,600
snake,33088,32429,9,600
rotworm,33169,32427,9,500
rotworm,33171,32427,9,500
rotworm,33170,32428,9,500
assassin,32643,32428,9,600
assassin,32646,32432,9,600
assassin,32647,32432,9,600
dark monk,32614,32430,9,600
ghoul,33016,32430,9,600
ghoul,33016,32431,9,600
demon skeleton,33013,32432,9,600
ghoul,33019,32432,9,600
ghoul,33013,32433,9,600
beholder,33064,32431,9,600
beholder,33062,32433,9,600
rotworm,33141,32430,9,500
rotworm,33141,32431,9,500
rotworm,33143,32433,9,500
dark monk,32589,32433,9,600
assassin,32588,32434,9,600
witch,32585,32434,9,600
assassin,32601,32434,9,600
assassin,32603,32435,9,600
dark monk,32606,32433,9,600
dark monk,32605,32434,9,600
dark monk,32628,32433,9,600
dark monk,32628,32434,9,600
dark monk,32631,32434,9,600
ghoul,33044,32434,9,600
ghoul,33044,32436,9,600
ghoul,33043,32437,9,600
assassin,32585,32432,9,600
assassin,32588,32435,9,600
rotworm,32143,32437,9,600
demon skeleton,32985,32437,9,600
demon skeleton,32984,32439,9,600
demon skeleton,32982,32441,9,600
demon skeleton,32984,32442,9,600
rotworm,33177,32436,9,500
rotworm,33175,32438,9,500
rotworm,33178,32439,9,500
assassin,32614,32443,9,600
assassin,32615,32444,9,600
beholder,33060,32445,9,600
slime,33041,32447,9,600
slime,33042,32447,9,600
skeleton,33058,32446,9,600
ghoul,33055,32447,9,600
ghoul,33058,32448,9,600
skeleton,33059,32449,9,600
ghoul,33056,32450,9,600
skeleton,33058,32450,9,600
rotworm,33156,32447,9,600
rotworm,33155,32448,9,600
rotworm,33152,32451,9,600
rotworm,33120,32449,9,500
rotworm,33120,32450,9,500
rotworm,33121,32451,9,500
rotworm,33108,32450,9,500
rotworm,33110,32452,9,500
rotworm,33108,32453,9,500
ghoul,33069,32455,9,600
ghoul,33065,32456,9,600
ghoul,33070,32457,9,600
ghoul,33072,32458,9,600
assassin,32614,32455,9,600
assassin,32615,32456,9,600
rotworm,33173,32458,9,600
rotworm,33172,32460,9,600
rotworm,33174,32460,9,600
witch,32643,32462,9,600
witch,32645,32463,9,600
witch,32646,32466,9,600
witch,32647,32466,9,600
witch,32642,32467,9,600
rotworm,33159,32460,9,500
rotworm,33159,32463,9,500
rotworm,33161,32464,9,500
assassin,32582,32460,9,600
assassin,32588,32460,9,600
assassin,32588,32463,9,600
assassin,32582,32464,9,600
assassin,32584,32464,9,600
assassin,32581,32468,9,600
assassin,32584,32468,9,600
rotworm,33128,32465,9,500
rotworm,33126,32466,9,500
rotworm,33131,32467,9,500
wild warrior,32613,32463,9,600
wild warrior,32612,32467,9,600
wild warrior,32615,32467,9,600
wild warrior,32618,32467,9,600
mummy,32616,32469,9,600
wild warrior,32618,32469,9,600
mummy,32615,32471,9,600
assassin,32617,32472,9,600
ghoul,33052,32469,9,600
skeleton,33053,32470,9,600
skeleton,33054,32468,9,600
skeleton,33054,32471,9,600
rotworm,33136,32471,9,500
rotworm,33138,32473,9,500
rotworm,33177,32472,9,500
rotworm,33176,32473,9,500
rotworm,33177,32473,9,500
assassin,32615,32475,9,600
witch,32620,32476,9,600
dark monk,32617,32477,9,600
assassin,32614,32478,9,600
dark monk,32615,32478,9,600
assassin,32614,32479,9,600
dark monk,32615,32479,9,600
hunter,32615,32480,9,600
witch,32608,32476,9,600
witch,32609,32476,9,600
witch,32621,32476,9,600
dark monk,32619,32481,9,600
ghost,32586,32478,9,600
ghost,32584,32480,9,600
ghost,32587,32481,9,600
ghost,32583,32482,9,600
ghost,32581,32483,9,600
dark monk,32646,32480,9,600
dark monk,32641,32482,9,600
dark monk,32643,32482,9,600
dark monk,32650,32482,9,600
dark monk,32643,32483,9,600
rotworm,33118,32482,9,500
rotworm,33119,32484,9,500
kongra,32800,32489,9,600
kongra,32803,32489,9,600
kongra,32806,32492,9,600
kongra,32807,32492,9,600
merlkin,32807,32494,9,600
sibang,32762,32492,9,600
sibang,32763,32493,9,600
sibang,32762,32494,9,600
sibang,32763,32494,9,600
kongra,32769,32494,9,600
sibang,32758,32499,9,600
merlkin,32769,32500,9,600
blue djinn,33151,32493,9,600
blue djinn,33151,32494,9,600
blue djinn,33151,32495,9,600
fire elemental,33165,32495,9,600
fire elemental,33168,32497,9,600
fire elemental,33168,32498,9,600
scarab,33165,32499,9,600
blue djinn,33171,32495,9,600
marid,33172,32495,9,600
kongra,32772,32496,9,600
kongra,32770,32499,9,600
sibang,32795,32495,9,600
sibang,32800,32495,9,600
sibang,32798,32496,9,600
merlkin,32808,32496,9,600
merlkin,32809,32496,9,600
fire elemental,33144,32496,9,600
fire elemental,33144,32498,9,600
scarab,33144,32499,9,600
blue djinn,33171,32497,9,600
sibang,32855,32497,9,600
sibang,32852,32499,9,600
sibang,32853,32499,9,600
sibang,32853,32500,9,600
kongra,32853,32501,9,600
sibang,32858,32502,9,600
kongra,32854,32503,9,600
merlkin,32852,32505,9,600
scarab,33165,32500,9,600
merlkin,32770,32501,9,600
kongra,32824,32502,9,600
kongra,32826,32502,9,600
kongra,32827,32503,9,600
scarab,33147,32502,9,600
scarab,33146,32505,9,600
merlkin,32852,32507,9,600
merlkin,32849,32508,9,600
fire elemental,33097,32508,9,600
marid,33098,32509,9,600
marid,33096,32510,9,600
fire elemental,33096,32511,9,600
blue djinn,33098,32512,9,600
fire elemental,33121,32507,9,600
fire elemental,33121,32509,9,600
fire elemental,33118,32510,9,600
marid,33125,32511,9,600
lion,33169,32510,9,600
lion,33168,32512,9,600
sibang,32800,32511,9,600
sibang,32800,32513,9,600
fire elemental,33095,32513,9,600
scarab,33099,32513,9,600
blue djinn,33100,32513,9,600
blue djinn,33098,32514,9,600
scarab,33102,32509,9,600
scarab,33102,32511,9,600
scarab,33147,32512,9,600
scarab,33149,32512,9,600
assassin,32615,32514,9,600
assassin,32613,32515,9,600
ghost,32614,32516,9,600
assassin,32615,32516,9,600
ghost,32613,32517,9,600
monk,32615,32517,9,600
witch,32616,32517,9,600
assassin,32617,32517,9,600
witch,32618,32517,9,600
assassin,32619,32518,9,600
assassin,32617,32519,9,600
sibang,32820,32512,9,600
sibang,32819,32514,9,600
blue djinn,33119,32514,9,600
blue djinn,33122,32514,9,600
blue djinn,33119,32516,9,600
sibang,32769,32515,9,600
sibang,32770,32515,9,600
sibang,32772,32518,9,600
monk,32612,32520,9,600
monk,32614,32520,9,600
assassin,32615,32520,9,600
assassin,32611,32521,9,600
kongra,32783,32517,9,600
kongra,32784,32517,9,600
kongra,32786,32517,9,600
kongra,32784,32518,9,600
marid,33148,32519,9,600
merlkin,32811,32520,9,600
merlkin,32811,32521,9,600
kongra,32806,32523,9,600
kongra,32804,32526,9,600
kongra,32805,32526,9,600
merlkin,32843,32523,9,600
merlkin,32839,32526,9,600
merlkin,32836,32529,9,600
merlkin,32838,32529,9,600
sibang,32793,32526,9,600
sibang,32791,32527,9,600
blue djinn,33129,32527,9,600
blue djinn,33131,32528,9,600
blue djinn,33143,32526,9,600
blue djinn,33143,32528,9,600
kongra,32749,32529,9,600
kongra,32746,32530,9,600
kongra,32747,32530,9,600
kongra,32751,32530,9,600
kongra,32745,32532,9,600
merlkin,32744,32534,9,600
sibang,32815,32527,9,600
sibang,32815,32529,9,600
scarab,33149,32530,9,600
scarab,33150,32530,9,600
scarab,33150,32532,9,600
sibang,32841,32532,9,600
sibang,32842,32532,9,600
sibang,32844,32533,9,600
stone golem,33105,32532,9,600
stone golem,33108,32533,9,600
stone golem,33111,32536,9,600
sibang,32760,32534,9,600
sibang,32761,32535,9,600
sibang,32761,32537,9,600
kongra,32770,32534,9,600
merlkin,32807,32535,9,600
merlkin,32807,32536,9,600
kongra,32838,32536,9,600
kongra,32831,32537,9,600
kongra,32835,32537,9,600
kongra,32836,32541,9,600
marid,33113,32537,9,600
sibang,32750,32539,9,600
sibang,32748,32542,9,600
sibang,32752,32542,9,600
blue djinn,33105,32540,9,600
blue djinn,33105,32541,9,600
fire elemental,33109,32540,9,600
fire elemental,33111,32540,9,600
fire elemental,33112,32541,9,600
kongra,32782,32537,9,600
kongra,32783,32541,9,600
kongra,32785,32541,9,600
kongra,32788,32543,9,600
scarab,33192,32541,9,600
larva,33211,32544,9,600
larva,33212,32545,9,600
hyaena,33266,32545,9,600
hyaena,33266,32546,9,600
hyaena,33267,32546,9,600
sibang,32819,32545,9,600
sibang,32819,32548,9,600
sibang,32822,32550,9,600
larva,33192,32548,9,600
larva,33190,32550,9,600
sibang,32792,32549,9,600
sibang,32790,32551,9,600
scarab,33126,32549,9,600
scarab,33127,32551,9,600
scarab,33143,32550,9,600
scarab,33141,32552,9,600
scarab,33207,32550,9,600
scarab,33179,32553,9,600
scarab,33180,32553,9,600
scarab,33219,32554,9,600
scarab,33219,32555,9,600
snake,33292,32556,9,600
snake,33289,32557,9,600
snake,33290,32558,9,600
larva,33212,32558,9,600
larva,33212,32560,9,600
scarab,33193,32559,9,600
scarab,33168,32560,9,600
scarab,33166,32561,9,600
larva,33224,32560,9,600
larva,33226,32560,9,600
kongra,32821,32558,9,600
kongra,32824,32561,9,600
kongra,32821,32562,9,600
scarab,33094,32562,9,600
scarab,33093,32563,9,600
scarab,33121,32563,9,600
merlkin,32748,32561,9,600
merlkin,32745,32564,9,600
merlkin,32748,32565,9,600
sibang,32749,32568,9,600
kongra,32750,32562,9,600
kongra,32751,32563,9,600
kongra,32754,32564,9,600
kongra,32756,32565,9,600
sibang,32750,32569,9,600
sibang,32793,32560,9,600
sibang,32790,32562,9,600
sibang,32793,32562,9,600
sibang,32791,32564,9,600
merlkin,32786,32566,9,600
scarab,33108,32563,9,600
scarab,33108,32564,9,600
merlkin,32784,32565,9,600
scarab,33208,32565,9,600
scarab,33207,32567,9,600
kongra,32853,32564,9,600
kongra,32856,32564,9,600
kongra,32854,32566,9,600
kongra,32804,32567,9,600
kongra,32804,32569,9,600
larva,33099,32568,9,600
larva,33101,32568,9,600
larva,33152,32568,9,600
larva,33154,32568,9,600
scarab,33235,32568,9,600
scarab,33187,32569,9,600
scarab,33188,32570,9,600
sibang,32843,32569,9,600
sibang,32842,32570,9,600
sibang,32840,32571,9,600
sibang,32838,32572,9,600
scarab,33174,32568,9,600
scarab,33173,32570,9,600
larva,33173,32573,9,600
merlkin,32759,32571,9,600
merlkin,32757,32573,9,600
sibang,32767,32570,9,600
sibang,32766,32571,9,600
kongra,32764,32573,9,600
kongra,32779,32571,9,600
kongra,32780,32573,9,600
kongra,32781,32573,9,600
scarab,33165,32572,9,600
larva,33223,32571,9,600
larva,33225,32572,9,600
larva,33226,32575,9,600
larva,33260,32572,9,600
larva,33259,32573,9,600
scarab,33200,32573,9,600
scarab,33199,32575,9,600
scarab,33109,32573,9,600
scarab,33110,32574,9,600
larva,33249,32571,9,600
larva,33248,32572,9,600
larva,33247,32574,9,600
merlkin,32853,32575,9,600
merlkin,32851,32576,9,600
merlkin,32855,32578,9,600
larva,33171,32575,9,600
larva,33168,32577,9,600
kongra,32744,32574,9,600
kongra,32746,32576,9,600
kongra,32744,32577,9,600
kongra,32762,32576,9,600
kongra,32762,32578,9,600
scarab,33183,32576,9,600
scarab,33272,32578,9,600
scarab,33124,32577,9,600
scarab,33124,32579,9,600
larva,33185,32577,9,600
larva,33188,32579,9,600
larva,33189,32580,9,600
larva,33147,32580,9,600
larva,33146,32581,9,600
larva,33146,32582,9,600
larva,33251,32580,9,600
larva,33252,32581,9,600
sibang,32751,32578,9,600
sibang,32754,32581,9,600
sibang,32755,32584,9,600
scarab,33216,32579,9,600
scarab,33218,32581,9,600
kongra,32801,32580,9,600
kongra,32804,32580,9,600
kongra,32800,32582,9,600
kongra,32803,32586,9,600
scarab,33194,32583,9,600
scarab,33192,32585,9,600
scarab,33239,32583,9,600
scarab,33156,32584,9,600
merlkin,32810,32583,9,600
sibang,32811,32584,9,600
sibang,32811,32585,9,600
sibang,32812,32585,9,600
merlkin,32808,32588,9,600
sibang,32814,32589,9,600
larva,33132,32585,9,600
larva,33130,32588,9,600
larva,33133,32588,9,600
scarab,33228,32585,9,600
larva,33259,32584,9,600
larva,33260,32585,9,600
larva,33259,32587,9,600
merlkin,32806,32586,9,600
merlkin,32806,32590,9,600
larva,33096,32586,9,600
larva,33094,32587,9,600
larva,33274,32588,9,600
larva,33274,32590,9,600
larva,33142,32589,9,600
larva,33141,32591,9,600
larva,33209,32588,9,600
larva,33210,32589,9,600
larva,33213,32589,9,600
scarab,33246,32589,9,900
larva,33219,32590,9,600
larva,33168,32592,9,600
larva,33167,32593,9,600
larva,33119,32593,9,600
scarab,33121,32594,9,600
larva,33122,32594,9,600
scarab,33122,32595,9,600
larva,33120,32596,9,600
scarab,33190,32593,9,600
larva,33266,32593,9,600
larva,33267,32594,9,600
swamp troll,32691,32590,9,600
swamp troll,32685,32592,9,600
swamp troll,32689,32594,9,600
swamp troll,32686,32595,9,600
larva,33098,32593,9,600
larva,33096,32595,9,600
larva,33097,32597,9,600
scarab,33152,32595,9,600
scarab,33154,32595,9,600
scarab,33227,32597,9,600
scarab,33225,32599,9,600
larva,33244,32597,9,600
larva,33244,32599,9,600
scarab,33254,32597,9,600
scarab,33255,32599,9,600
stalker,33069,32595,9,600
stalker,33069,32598,9,600
stalker,33073,32599,9,600
stalker,33068,32601,9,600
efreet,33079,32598,9,600
gargoyle,33079,32599,9,600
efreet,33078,32600,9,600
gargoyle,33078,32601,9,600
scarab,33185,32598,9,600
scarab,33208,32598,9,600
scarab,33209,32599,9,600
swamp troll,32704,32597,9,600
swamp troll,32701,32599,9,600
swamp troll,32703,32601,9,600
swamp troll,32700,32603,9,600
scarab,33217,32599,9,600
larva,33129,32599,9,600
larva,33129,32600,9,600
gargoyle,33075,32601,9,600
gargoyle,33074,32604,9,600
scarab,33237,32601,9,600
larva,33145,32601,9,600
larva,33145,32602,9,600
larva,33277,32602,9,600
larva,33279,32602,9,600
swamp troll,32681,32601,9,600
swamp troll,32682,32603,9,600
swamp troll,32680,32606,9,600
larva,33204,32603,9,600
larva,33206,32603,9,600
larva,33205,32605,9,600
larva,33202,32606,9,600
larva,33172,32604,9,600
larva,33173,32604,9,600
scarab,33263,32606,9,600
skeleton,32710,32604,9,600
skeleton,32709,32607,9,600
poison spider,32708,32610,9,600
skeleton,32712,32610,9,600
larva,33192,32607,9,600
larva,33194,32607,9,600
scarab,33118,32608,9,600
scarab,33120,32608,9,600
scarab,33116,32611,9,600
scarab,33178,32608,9,600
scarab,33179,32608,9,600
scarab,33244,32608,9,600
larva,33217,32606,9,600
larva,33221,32606,9,600
larva,33219,32609,9,600
larva,33129,32610,9,600
larva,33129,32611,9,600
larva,33140,32611,9,600
larva,33137,32612,9,600
larva,33140,32613,9,600
scarab,33279,32611,9,600
poison spider,32705,32612,9,600
poison spider,32706,32615,9,600
gargoyle,33075,32611,9,600
gargoyle,33074,32612,9,600
scarab,33203,32612,9,600
larva,33252,32611,9,600
larva,33250,32612,9,600
larva,33101,32613,9,600
larva,33103,32614,9,600
scarab,33147,32612,9,600
scarab,33146,32613,9,600
larva,33161,32613,9,600
larva,33163,32613,9,600
larva,33271,32612,9,600
larva,33272,32613,9,600
larva,33276,32613,9,600
larva,33275,32614,9,600
swamp troll,32685,32612,9,600
swamp troll,32682,32614,9,600
swamp troll,32685,32615,9,600
scarab,33237,32614,9,600
swamp troll,32667,32614,9,600
swamp troll,32668,32615,9,600
swamp troll,32666,32616,9,600
larva,33135,32615,9,600
larva,33135,32616,9,600
scarab,33178,32616,9,600
scarab,33180,32617,9,600
scarab,33261,32616,9,600
swamp troll,32700,32613,9,600
swamp troll,32703,32617,9,600
swamp troll,32704,32617,9,600
swamp troll,32707,32618,9,600
gargoyle,33055,32615,9,600
gargoyle,33056,32618,9,600
gargoyle,33058,32618,9,600
stalker,33061,32618,9,600
gargoyle,33053,32620,9,600
gargoyle,33059,32621,9,600
stalker,33063,32618,9,600
scarab,33120,32616,9,600
scarab,33119,32618,9,600
larva,33163,32618,9,600
larva,33162,32620,9,600
larva,33188,32617,9,600
larva,33187,32618,9,600
larva,33189,32621,9,600
larva,33287,32616,9,600
larva,33286,32618,9,600
larva,33288,32618,9,600
gargoyle,33078,32619,9,600
gargoyle,33081,32619,9,600
gargoyle,33081,32620,9,600
scarab,33225,32619,9,600
scarab,33212,32621,9,600
poison spider,32682,32622,9,600
scarab,33128,32622,9,600
scarab,33177,32622,9,600
scarab,33178,32624,9,600
larva,33221,32622,9,600
larva,33223,32622,9,600
larva,33104,32623,9,600
larva,33105,32623,9,600
scarab,33203,32624,9,600
scarab,33259,32624,9,600
scarab,33273,32624,9,600
scarab,33150,32625,9,600
scarab,33150,32626,9,600
scarab,33191,32625,9,600
larva,33126,32626,9,600
larva,33127,32626,9,600
larva,33169,32625,9,600
larva,33168,32628,9,600
larva,33171,32628,9,600
larva,33234,32626,9,600
larva,33232,32628,9,600
larva,33252,32625,9,600
larva,33248,32627,9,600
larva,33251,32628,9,600
larva,33250,32630,9,600
scarab,33102,32629,9,600
scarab,33162,32628,9,600
scarab,33162,32629,9,600
larva,33193,32629,9,600
skeleton,32683,32629,9,600
skeleton,32683,32631,9,600
swamp troll,32686,32632,9,600
scarab,33234,32632,9,600
scarab,33284,32632,9,600
swamp troll,32689,32633,9,600
swamp troll,32693,32633,9,600
swamp troll,32688,32637,9,600
swamp troll,32690,32637,9,600
larva,33107,32633,9,600
larva,33108,32633,9,600
larva,33108,32634,9,600
scarab,33169,32633,9,600
scarab,33169,32634,9,600
swamp troll,32676,32634,9,600
swamp troll,32674,32635,9,600
larva,33144,32633,9,600
larva,33144,32634,9,600
larva,33154,32632,9,600
larva,33154,32634,9,600
larva,33183,32634,9,600
larva,33185,32634,9,600
larva,33256,32634,9,600
larva,33258,32634,9,600
larva,33204,32633,9,600
larva,33206,32634,9,600
larva,33204,32635,9,600
larva,33203,32637,9,600
scarab,33267,32635,9,600
larva,33277,32634,9,600
larva,33275,32635,9,600
larva,33276,32636,9,600
scarab,33104,32638,9,600
gargoyle,33050,32639,9,600
gargoyle,33050,32641,9,600
efreet,33049,32642,9,600
gargoyle,33053,32642,9,600
efreet,33050,32643,9,600
green djinn,33053,32643,9,600
scarab,33161,32638,9,600
scarab,33163,32639,9,600
larva,33264,32640,9,600
larva,33266,32641,9,600
scarab,33198,32641,9,600
scarab,33111,32641,9,600
scarab,33110,32642,9,600
scarab,33112,32642,9,600
scarab,33148,32642,9,600
scarab,33148,32643,9,600
scarab,33245,32642,9,600
gargoyle,33048,32646,9,600
green djinn,33055,32644,9,600
scarab,33285,32643,9,600
gargoyle,33075,32641,9,600
gargoyle,33075,32644,9,600
scorpion,33080,32644,9,600
scorpion,33077,32646,9,600
gargoyle,33073,32647,9,600
scorpion,33076,32647,9,600
scorpion,33074,32648,9,600
gargoyle,33076,32648,9,600
green djinn,33081,32644,9,600
green djinn,33083,32644,9,600
green djinn,33082,32647,9,600
larva,33186,32645,9,600
larva,33189,32646,9,600
larva,33189,32647,9,600
larva,33254,32645,9,600
larva,33257,32646,9,600
larva,33255,32647,9,600
gargoyle,33050,32648,9,600
gargoyle,33050,32650,9,600
larva,33172,32646,9,600
larva,33171,32648,9,600
larva,33172,32648,9,600
larva,33232,32648,9,600
larva,33233,32650,9,600
larva,33235,32651,9,600
scarab,33157,32648,9,600
scarab,33156,32649,9,600
larva,33210,32647,9,600
larva,33211,32648,9,600
larva,33212,32649,9,600
larva,33274,32647,9,600
larva,33273,32649,9,600
larva,33271,32651,9,600
scarab,33219,32652,9,600
larva,33243,32651,9,600
larva,33243,32653,9,600
larva,33245,32655,9,600
scarab,33183,32654,9,600
scarab,33205,32654,9,600
scarab,33265,32652,9,600
scarab,33263,32654,9,600
gargoyle,33090,32655,9,600
gargoyle,33088,32656,9,600
gargoyle,33091,32656,9,600
larva,33139,32656,9,600
larva,33141,32657,9,600
green djinn,33074,32657,9,600
scarab,33130,32657,9,600
larva,33145,32657,9,600
larva,33146,32658,9,600
scarab,33164,32657,9,600
larva,33161,32658,9,600
scarab,33162,32659,9,600
scarab,33274,32655,9,600
scarab,33274,32657,9,600
larva,33158,32656,9,600
larva,33159,32658,9,600
scarab,33175,32659,9,600
scarab,33175,32661,9,600
larva,33219,32657,9,600
larva,33222,32659,9,600
larva,33225,32662,9,600
scarab,33254,32660,9,600
efreet,33088,32661,9,600
efreet,33087,32662,9,600
larva,33117,32662,9,600
scarab,33139,32662,9,600
larva,33196,32661,9,600
larva,33194,32664,9,600
larva,33193,32667,9,600
scarab,33194,32668,9,600
larva,33264,32664,9,600
larva,33263,32665,9,600
larva,33264,32665,9,600
larva,33266,32666,9,600
scarab,33267,32668,9,600
scarab,33148,32665,9,600
scarab,33155,32665,9,600
scarab,33154,32666,9,600
larva,33204,32665,9,600
larva,33205,32665,9,600
larva,33108,32666,9,600
larva,33108,32667,9,600
larva,33111,32669,9,600
scarab,33168,32666,9,600
scarab,33169,32666,9,600
larva,33128,32667,9,600
larva,33131,32667,9,600
larva,33128,32668,9,600
larva,33244,32667,9,600
larva,33246,32669,9,600
larva,33182,32668,9,600
larva,33183,32669,9,600
scarab,33257,32668,9,600
scarab,33113,32669,9,600
scarab,33233,32669,9,600
larva,33280,32670,9,600
larva,33277,32671,9,600
larva,33279,32672,9,600
scarab,33273,32671,9,600
larva,33170,32672,9,600
scarab,33205,32672,9,600
larva,33127,32674,9,600
larva,33130,32675,9,600
larva,33130,32677,9,600
scarab,33155,32675,9,600
larva,33203,32673,9,600
larva,33203,32675,9,600
larva,33176,32676,9,600
scarab,33181,32677,9,600
scarab,33181,32678,9,600
scarab,33251,32678,9,600
scarab,33265,32678,9,600
larva,33219,32679,9,600
larva,33220,32680,9,600
larva,33241,32678,9,600
larva,33240,32679,9,600
larva,33240,32681,9,600
larva,33269,32679,9,600
larva,33271,32679,9,600
larva,33272,32682,9,600
poison spider,32667,32676,9,600
poison spider,32665,32679,9,600
poison spider,32672,32680,9,600
poison spider,32670,32681,9,600
swamp troll,32673,32682,9,600
poison spider,32665,32686,9,600
swamp troll,32671,32686,9,600
swamp troll,32674,32686,9,600
scarab,33227,32685,9,600
swamp troll,32678,32684,9,600
bug,32669,32690,9,600
larva,33191,32683,9,600
larva,33194,32686,9,600
larva,33195,32689,9,600
scarab,33246,32686,9,600
scarab,33140,32687,9,600
larva,33263,32688,9,600
larva,33263,32689,9,600
larva,33266,32690,9,600
larva,33137,32688,9,600
larva,33138,32688,9,600
larva,33136,32689,9,600
scarab,33125,32690,9,600
scarab,33155,32690,9,600
larva,33171,32690,9,600
larva,33173,32690,9,600
larva,33220,32688,9,600
larva,33218,32691,9,600
larva,33219,32692,9,600
bug,32666,32690,9,600
bug,32666,32691,9,600
bug,32665,32692,9,600
bug,32660,32694,9,600
larva,33117,32692,9,600
larva,33118,32693,9,600
larva,33184,32695,9,600
larva,33187,32696,9,600
larva,33184,32697,9,600
larva,33132,32696,9,600
scarab,33134,32699,9,600
larva,33135,32699,9,600
scarab,33079,32698,9,600
scarab,33190,32698,9,600
swamp troll,32652,32700,9,600
swamp troll,32653,32701,9,600
poison spider,32655,32701,9,600
larva,33061,32700,9,600
larva,33059,32702,9,600
larva,33081,32699,9,600
larva,33080,32700,9,600
larva,33081,32700,9,600
larva,33081,32702,9,600
larva,33211,32698,9,600
larva,33213,32700,9,600
scarab,33216,32703,9,600
poison spider,32659,32700,9,600
poison spider,32657,32701,9,600
poison spider,32654,32704,9,600
scarab,33267,32703,9,600
larva,33044,32704,9,600
larva,33044,32705,9,600
larva,33145,32703,9,600
larva,33144,32704,9,600
larva,33143,32705,9,600
larva,33163,32702,9,600
larva,33162,32704,9,600
larva,33162,32706,9,600
scarab,33251,32705,9,600
scarab,33252,32705,9,600
scarab,33052,32706,9,600
scarab,33098,32706,9,600
scarab,33085,32708,9,600
scarab,33198,32708,9,600
scarab,33212,32709,9,600
larva,33281,32708,9,600
larva,33280,32709,9,600
larva,33282,32710,9,600
larva,33160,32711,9,600
larva,33161,32713,9,600
scarab,33154,32712,9,600
larva,33153,32713,9,600
larva,33171,32712,9,600
larva,33174,32713,9,600
larva,33171,32714,9,600
larva,33174,32715,9,600
scarab,33174,32717,9,600
larva,33188,32711,9,600
larva,33187,32712,9,600
larva,33190,32712,9,600
larva,33271,32709,9,600
larva,33271,32712,9,600
larva,33272,32715,9,600
larva,33127,32711,9,600
larva,33125,32713,9,600
scarab,33261,32713,9,600
larva,33154,32714,9,600
larva,33153,32716,9,600
larva,33215,32715,9,600
scarab,33214,32716,9,600
scarab,33245,32716,9,600
scarab,33128,32717,9,600
scarab,33130,32719,9,600
larva,33216,32716,9,600
larva,33217,32717,9,600
larva,33218,32720,9,600
larva,33139,32717,9,600
larva,33141,32718,9,600
larva,33143,32718,9,600
scarab,33176,32718,9,600
scarab,33288,32719,9,600
larva,33293,32719,9,600
larva,33296,32719,9,600
larva,33293,32720,9,600
larva,33054,32721,9,600
larva,33054,32722,9,600
scarab,33090,32720,9,600
scarab,33089,32721,9,600
larva,33230,32721,9,600
larva,33232,32721,9,600
larva,33233,32722,9,600
scarab,33251,32722,9,600
larva,33103,32722,9,600
larva,33103,32723,9,600
larva,33103,32724,9,600
larva,33101,32725,9,600
larva,33129,32723,9,600
larva,33127,32725,9,600
larva,33045,32722,9,600
larva,33045,32724,9,600
larva,33046,32725,9,600
scarab,33066,32725,9,600
larva,33145,32725,9,600
larva,33147,32725,9,600
scarab,33080,32726,9,600
larva,33201,32725,9,600
larva,33199,32726,9,600
scarab,33224,32726,9,600
larva,33175,32725,9,600
larva,33175,32728,9,600
larva,33176,32728,9,600
scarab,33033,32729,9,600
scarab,33032,32731,9,600
larva,33156,32726,9,600
larva,33154,32729,9,600
larva,33153,32732,9,600
scarab,33094,32730,9,600
scarab,33114,32730,9,600
scarab,33203,32730,9,600
larva,33256,32730,9,600
larva,33255,32732,9,600
larva,33254,32733,9,600
scarab,33167,32731,9,600
larva,33298,32730,9,600
larva,33301,32730,9,600
larva,33301,32731,9,600
larva,33303,32731,9,600
larva,33041,32730,9,600
larva,33042,32732,9,600
scarab,33146,32732,9,600
scarab,33182,32732,9,600
larva,33265,32730,9,600
larva,33268,32731,9,600
larva,33267,32732,9,600
scarab,33022,32733,9,600
scarab,33024,32733,9,600
larva,33135,32733,9,600
larva,33134,32734,9,600
scarab,33135,32735,9,600
scarab,33133,32736,9,600
scarab,33221,32734,9,600
larva,33155,32735,9,600
larva,33156,32737,9,600
scarab,33158,32737,9,600
scarab,33291,32735,9,600
scarab,33293,32735,9,600
scarab,33059,32736,9,600
scarab,33071,32738,9,600
larva,33086,32737,9,600
larva,33084,32738,9,600
larva,33105,32736,9,600
larva,33108,32737,9,600
larva,33107,32738,9,600
scarab,33160,32738,9,600
larva,33211,32738,9,600
larva,33212,32738,9,600
larva,33213,32740,9,600
scarab,33229,32739,9,600
scarab,33251,32739,9,600
larva,33031,32740,9,600
larva,33033,32740,9,600
larva,33033,32741,9,600
scarab,33049,32741,9,600
larva,33297,32740,9,600
larva,33298,32743,9,600
larva,33300,32743,9,600
larva,33057,32743,9,600
larva,33056,32744,9,600
larva,33060,32744,9,600
larva,33060,32748,9,600
larva,33269,32742,9,600
larva,33264,32744,9,600
larva,33268,32745,9,600
larva,33265,32746,9,600
larva,33116,32746,9,600
larva,33116,32747,9,600
larva,33075,32749,9,600
larva,33076,32749,9,600
larva,33074,32752,9,600
larva,33216,32749,9,600
larva,33216,32750,9,600
scarab,33059,32750,9,600
scarab,33308,32750,9,600
scarab,33206,32751,9,600
scarab,33207,32751,9,600
scarab,33043,32752,9,600
scarab,33122,32752,9,600
scarab,33231,32752,9,600
larva,33245,32752,9,600
larva,33086,32753,9,600
larva,33087,32753,9,600
scarab,33100,32753,9,600
larva,33031,32751,9,600
larva,33030,32754,9,600
larva,33029,32756,9,600
scarab,33219,32756,9,600
scarab,33095,32757,9,600
larva,33095,32758,9,600
scarab,33255,32757,9,600
larva,33270,32754,9,600
larva,33272,32757,9,600
larva,33272,32759,9,600
scarab,33116,32758,9,600
scarab,33118,32760,9,600
larva,33240,32757,9,600
larva,33238,32758,9,600
larva,33095,32760,9,600
larva,33137,32760,9,600
larva,33137,32762,9,600
larva,33140,32762,9,600
scarab,33141,32764,9,600
larva,33290,32758,9,600
larva,33285,32759,9,600
larva,33287,32760,9,600
larva,33215,32762,9,600
scarab,33048,32763,9,600
larva,33119,32763,9,600
larva,33120,32764,9,600
scarab,33191,32763,9,600
scarab,33027,32765,9,600
larva,33192,32765,9,600
larva,33194,32765,9,600
larva,33275,32765,9,600
larva,33275,32766,9,600
larva,33299,32765,9,600
larva,33301,32765,9,600
larva,33302,32765,9,600
larva,33253,32767,9,600
larva,33255,32769,9,600
scarab,33054,32769,9,600
scarab,33115,32770,9,600
larva,33045,32770,9,600
larva,33042,32771,9,600
larva,33039,32773,9,600
larva,33068,32770,9,600
larva,33069,32771,9,600
larva,33070,32771,9,600
larva,33023,32772,9,600
larva,33024,32772,9,600
larva,33021,32775,9,600
scarab,33222,32772,9,600
larva,33274,32772,9,600
larva,33275,32772,9,600
larva,33273,32773,9,600
larva,33277,32775,9,600
larva,33048,32772,9,600
larva,33049,32773,9,600
larva,33049,32774,9,600
larva,33202,32770,9,600
larva,33199,32773,9,600
larva,33196,32774,9,600
larva,33236,32773,9,600
larva,33237,32773,9,600
scarab,33091,32774,9,600
larva,33259,32774,9,600
larva,33258,32775,9,600
scarab,33228,32775,9,600
scarab,33019,32776,9,600
scarab,33036,32776,9,600
scarab,33061,32779,9,600
larva,33117,32777,9,600
larva,33118,32779,9,600
larva,33117,32781,9,600
larva,33122,32781,9,600
scarab,33080,32780,9,600
larva,33102,32780,9,600
larva,33103,32780,9,600
larva,33105,32781,9,600
scarab,33236,32784,9,600
larva,33127,32785,9,600
larva,33129,32785,9,600
larva,33198,32785,9,600
larva,33200,32786,9,600
larva,33036,32785,9,600
larva,33035,32786,9,600
scarab,33048,32786,9,600
larva,33283,32783,9,600
larva,33283,32784,9,600
larva,33286,32786,9,600
scarab,33067,32787,9,600
scarab,33086,32789,9,600
scarab,33086,32791,9,600
scarab,33097,32790,9,600
scarab,33107,32790,9,600
larva,33116,32788,9,600
larva,33116,32790,9,600
larva,33250,32791,9,600
scarab,33213,32792,9,600
scarab,33034,32793,9,600
larva,33052,32793,9,600
larva,33053,32794,9,600
scarab,33055,32794,9,600
larva,33051,32795,9,600
larva,33056,32797,9,600
larva,33081,32791,9,600
larva,33078,32792,9,600
larva,33079,32793,9,600
larva,33079,32797,9,600
larva,33233,32793,9,600
larva,33234,32793,9,600
larva,33236,32795,9,600
scarab,33072,32794,9,600
larva,33265,32794,9,600
larva,33266,32794,9,600
larva,33267,32795,9,600
larva,33266,32796,9,600
scarab,33091,32795,9,600
scarab,33226,32796,9,600
larva,33058,32798,9,600
larva,33059,32798,9,600
scarab,33078,32799,9,600
larva,33042,32799,9,600
larva,33043,32800,9,600
scarab,33040,32803,9,600
scarab,33100,32805,9,600
scarab,33100,32806,9,600
larva,33241,32803,9,600
larva,33241,32806,9,600
larva,33242,32806,9,600
larva,33244,32807,9,600
scarab,33083,32808,9,600
scarab,33083,32809,9,600
larva,33070,32813,9,600
larva,33071,32813,9,600
larva,33048,32816,9,600
larva,33049,32818,9,600
scarab,33063,32816,9,600
scarab,33053,32820,9,600
scarab,33157,32832,9,600
scarab,33158,32833,9,600
mummy,33141,32834,9,2400
skeleton,33142,32834,9,600
skeleton,33141,32835,9,600
skeleton,33143,32834,9,600
larva,33152,32836,9,600
larva,33154,32837,9,600
skeleton,33160,32837,9,600
skeleton,33159,32838,9,600
scarab,33139,32841,9,600
scarab,33140,32841,9,600
ghoul,33147,32841,9,600
skeleton,33153,32840,9,600
skeleton,33155,32841,9,600
poison spider,33159,32843,9,600
poison spider,33159,32844,9,600
skeleton,33162,32844,9,600
skeleton,33160,32845,9,600
skeleton,33157,32846,9,600
poison spider,33158,32846,9,600
ghoul,33160,32850,9,600
poison spider,33140,32846,9,600
poison spider,33141,32847,9,600
poison spider,33141,32848,9,600
skeleton,33146,32846,9,600
skeleton,33147,32848,9,600
poison spider,33149,32849,9,600
skeleton,33148,32851,9,600
larva,33145,32852,9,600
larva,33146,32852,9,600
poison spider,33152,32846,9,600
poison spider,33153,32848,9,600
poison spider,33153,32851,9,600
ghoul,33159,32852,9,600
cobra,33142,32853,9,600
larva,33144,32853,9,600
dworc venomsniper,32587,32857,9,600
dworc venomsniper,32590,32857,9,600
dworc venomsniper,32584,32858,9,600
dworc venomsniper,32605,32857,9,600
dworc venomsniper,32603,32859,9,600
dworc venomsniper,32606,32859,9,600
dworc venomsniper,32604,32860,9,600
cave rat,33065,32860,9,600
cave rat,33065,32861,9,600
cave rat,33070,32861,9,600
cave rat,33067,32864,9,600
cave rat,33067,32865,9,600
dworc fleshhunter,32590,32864,9,600
dworc fleshhunter,32589,32866,9,600
dworc fleshhunter,32588,32867,9,600
green djinn,33149,32864,9,9000
dworc venomsniper,32572,32865,9,600
dworc venomsniper,32571,32866,9,600
dworc venomsniper,32573,32867,9,600
dworc voodoomaster,32757,32866,9,600
dworc fleshhunter,32624,32864,9,600
dworc fleshhunter,32623,32865,9,600
dworc fleshhunter,32622,32867,9,600
dworc venomsniper,32602,32868,9,600
dworc venomsniper,32603,32868,9,600
dworc venomsniper,32603,32869,9,600
dworc venomsniper,32605,32869,9,600
dworc fleshhunter,32763,32868,9,600
dworc fleshhunter,32763,32870,9,600
dworc fleshhunter,32564,32871,9,600
dworc fleshhunter,32566,32871,9,600
dworc venomsniper,32588,32870,9,600
dworc venomsniper,32591,32872,9,600
dworc venomsniper,32588,32873,9,600
dworc venomsniper,32634,32873,9,600
dworc venomsniper,32635,32874,9,600
dworc venomsniper,32633,32875,9,600
dworc venomsniper,32755,32872,9,600
dworc venomsniper,32755,32874,9,600
dworc venomsniper,32755,32875,9,600
dworc fleshhunter,32778,32875,9,600
dworc fleshhunter,32779,32875,9,600
cave rat,33067,32872,9,600
cave rat,33070,32875,9,600
cave rat,33069,32876,9,600
cave rat,33089,32876,9,600
cave rat,33097,32878,9,600
cave rat,33093,32880,9,600
cave rat,33095,32880,9,600
cave rat,33093,32881,9,600
dworc fleshhunter,32800,32881,9,600
dworc fleshhunter,32802,32881,9,600
dworc venomsniper,32660,32883,9,600
dworc venomsniper,32659,32884,9,600
dworc venomsniper,32662,32885,9,600
dworc venomsniper,32657,32887,9,600
dworc fleshhunter,32638,32883,9,600
dworc fleshhunter,32640,32885,9,600
centipede,32692,32884,9,600
centipede,32691,32885,9,600
dworc fleshhunter,32692,32887,9,600
dworc voodoomaster,32781,32885,9,600
dworc voodoomaster,32782,32887,9,600
dworc voodoomaster,32778,32888,9,600
dworc venomsniper,32788,32883,9,600
dworc venomsniper,32786,32884,9,600
dworc venomsniper,32789,32885,9,600
cave rat,33062,32885,9,600
cave rat,33059,32886,9,600
cave rat,33058,32887,9,600
cave rat,33063,32889,9,600
dworc fleshhunter,32653,32886,9,600
dworc fleshhunter,32654,32888,9,600
dworc venomsniper,32626,32888,9,600
dworc venomsniper,32627,32888,9,600
dworc venomsniper,32627,32891,9,600
dworc voodoomaster,32799,32885,9,600
dworc voodoomaster,32800,32887,9,600
dworc voodoomaster,32797,32888,9,600
dworc venomsniper,32750,32887,9,600
dworc venomsniper,32751,32890,9,600
dworc venomsniper,32752,32892,9,600
dworc fleshhunter,32765,32891,9,600
dworc fleshhunter,32761,32892,9,600
dworc fleshhunter,32762,32893,9,600
dworc fleshhunter,32766,32895,9,600
dworc fleshhunter,32695,32888,9,600
dworc fleshhunter,32697,32893,9,600
dworc fleshhunter,32696,32894,9,600
dworc fleshhunter,32694,32895,9,600
dworc fleshhunter,32699,32896,9,600
dworc venomsniper,32697,32897,9,600
dworc venomsniper,32695,32899,9,600
dworc venomsniper,32696,32899,9,600
dworc venomsniper,32695,32900,9,600
centipede,32704,32900,9,600
dworc fleshhunter,32779,32892,9,600
dworc fleshhunter,32777,32893,9,600
centipede,32684,32894,9,600
dworc venomsniper,32803,32894,9,600
dworc venomsniper,32802,32895,9,600
dworc venomsniper,32804,32897,9,600
dworc voodoomaster,32756,32897,9,600
dworc voodoomaster,32757,32898,9,600
dworc voodoomaster,32754,32899,9,600
dworc venomsniper,32619,32897,9,600
dworc venomsniper,32617,32898,9,600
dworc venomsniper,32617,32899,9,600
dworc fleshhunter,32622,32898,9,600
dworc fleshhunter,32622,32899,9,600
dworc fleshhunter,32625,32899,9,600
centipede,32706,32899,9,600
centipede,32686,32900,9,600
centipede,32685,32901,9,600
dworc voodoomaster,32620,32904,9,600
dworc venomsniper,32627,32904,9,600
dworc venomsniper,32625,32905,9,600
dworc venomsniper,32625,32906,9,600
dworc venomsniper,32629,32908,9,600
dworc fleshhunter,32569,32907,9,600
dworc fleshhunter,32571,32908,9,600
dworc venomsniper,32560,32908,9,600
dworc venomsniper,32562,32909,9,600
dworc venomsniper,32563,32910,9,600
dworc fleshhunter,32697,32911,9,600
dworc fleshhunter,32695,32912,9,600
dworc fleshhunter,32697,32912,9,600
dworc fleshhunter,32674,32911,9,600
dworc fleshhunter,32673,32912,9,600
dworc fleshhunter,32675,32914,9,600
centipede,32670,32916,9,600
dworc venomsniper,32670,32918,9,600
centipede,32672,32918,9,600
dworc fleshhunter,32677,32918,9,600
dworc venomsniper,32668,32920,9,600
dworc fleshhunter,32652,32922,9,600
dworc fleshhunter,32654,32922,9,600
dworc fleshhunter,32652,32923,9,600
dworc fleshhunter,32654,32923,9,600
dworc fleshhunter,32704,32924,9,600
dworc fleshhunter,32701,32925,9,600
dworc fleshhunter,32702,32927,9,600
poison spider,32689,32927,9,600
poison spider,32688,32929,9,600
dworc fleshhunter,32697,32931,9,600
dworc venomsniper,32699,32931,9,600
dworc fleshhunter,32697,32932,9,600
dworc venomsniper,32698,32932,9,600
dworc fleshhunter,32696,32933,9,600
dworc fleshhunter,32697,32933,9,600
dworc fleshhunter,32693,32928,9,600
centipede,32690,32937,9,600
centipede,32695,32939,9,600
centipede,32701,32939,9,600
poison spider,32709,32932,9,600
poison spider,32709,32933,9,600
centipede,32688,32938,9,600
centipede,32687,32939,9,600
centipede,32695,32940,9,600
centipede,32700,32940,9,600
beholder,32190,31534,10,800
spider,32152,31535,10,600
spider,32153,31537,10,600
spider,32106,31540,10,600
minotaur,32158,31542,10,600
minotaur,32158,31543,10,600
minotaur,32160,31544,10,600
minotaur archer,32162,31545,10,750
poison spider,32075,31545,10,650
beholder,32093,31548,10,800
bug,32111,31550,10,600
bug,32108,31551,10,600
bug,32112,31551,10,600
snake,32159,31556,10,600
minotaur,32099,31561,10,600
minotaur,32099,31563,10,600
minotaur archer,32106,31563,10,700
minotaur,32120,31559,10,650
minotaur,32121,31561,10,650
minotaur,32112,31563,10,650
minotaur,32117,31563,10,650
minotaur,32115,31565,10,650
fire elemental,31947,31564,10,900
scorpion,32177,31562,10,900
scorpion,32177,31564,10,900
scorpion,32178,31567,10,900
rotworm,32811,31565,10,500
cyclops,32395,31565,10,800
cyclops,32393,31568,10,800
cyclops,32393,31570,10,800
demon skeleton,32522,31569,10,850
demon skeleton,32523,31570,10,850
minotaur mage,32207,31571,10,900
minotaur,32209,31571,10,600
minotaur,32210,31571,10,600
minotaur,32212,31571,10,600
minotaur,32091,31573,10,700
rotworm,32820,31571,10,500
rotworm,32819,31573,10,500
minotaur archer,32430,31575,10,700
minotaur archer,32429,31576,10,700
orc berserker,32429,31577,10,700
minotaur archer,32428,31578,10,700
beholder,32465,31577,10,800
rotworm,32065,31578,10,800
minotaur guard,32108,31578,10,900
minotaur guard,32106,31579,10,900
slime,32491,31576,10,900
slime,32490,31578,10,900
minotaur,32115,31577,10,600
minotaur,32116,31578,10,600
minotaur,32118,31579,10,600
minotaur,32099,31580,10,600
minotaur,32100,31581,10,600
rotworm,32792,31583,10,600
rotworm,32793,31583,10,600
rotworm,32793,31585,10,600
bug,32092,31584,10,600
bug,32093,31585,10,600
troll,32657,31583,10,600
troll,32657,31585,10,600
troll,32654,31587,10,600
troll,32654,31588,10,600
fire elemental,31946,31586,10,900
fire elemental,31947,31586,10,900
spider,32114,31586,10,600
troll,32676,31589,10,600
troll,32677,31590,10,600
troll,32677,31592,10,600
troll,32677,31593,10,600
giant spider,32480,31591,10,900
demon skeleton,33214,31591,10,600
skeleton,33213,31592,10,500
demon skeleton,33214,31593,10,600
skeleton,33212,31594,10,500
demon skeleton,33210,31595,10,600
skeleton,33212,31595,10,500
demon skeleton,33215,31595,10,600
demon skeleton,33216,31595,10,600
minotaur,32128,31592,10,600
minotaur,32126,31594,10,600
minotaur,32137,31592,10,600
demon skeleton,33158,31591,10,600
demon skeleton,33157,31592,10,600
wild warrior,33159,31594,10,600
demon skeleton,33154,31595,10,600
demon skeleton,33157,31595,10,600
wild warrior,33161,31596,10,600
wild warrior,33159,31597,10,600
monk,33250,31590,10,750
monk,33254,31590,10,750
monk,33253,31593,10,750
wild warrior,33157,31598,10,600
skeleton,33215,31598,10,500
dragon,32523,31596,10,800
troll,32614,31596,10,600
troll,32615,31596,10,600
troll,32614,31598,10,600
monk,33140,31596,10,600
minotaur,32164,31595,10,600
minotaur,32166,31598,10,600
minotaur,32163,31599,10,600
minotaur,32126,31599,10,600
minotaur guard,32171,31599,10,900
troll,32628,31596,10,600
troll,32628,31597,10,600
troll,32632,31599,10,600
troll,32632,31602,10,600
minotaur,32080,31601,10,650
minotaur,32082,31602,10,650
minotaur,32081,31603,10,650
minotaur,32080,31604,10,650
minotaur,32083,31604,10,650
troll,32654,31601,10,600
troll,32656,31603,10,600
minotaur,32152,31602,10,800
minotaur,32150,31603,10,800
monk,33197,31601,10,800
monk,33195,31602,10,800
minotaur,32130,31601,10,600
minotaur,32132,31603,10,600
minotaur,32041,31603,10,700
minotaur,32043,31603,10,700
minotaur,32044,31604,10,700
minotaur,32139,31604,10,600
troll,32447,31602,10,700
troll,32448,31602,10,700
troll,32447,31604,10,700
troll,32446,31605,10,700
troll,32709,31602,10,600
troll,32708,31604,10,600
troll,32710,31605,10,600
ghoul,32422,31605,10,800
ghoul,32422,31607,10,800
slime,32129,31611,10,600
rat,32194,31609,10,600
rat,32193,31611,10,600
troll,32668,31612,10,600
troll,32669,31614,10,600
demon skeleton,33177,31609,10,700
priestess,33181,31610,10,800
demon skeleton,33179,31612,10,700
demon skeleton,33180,31612,10,700
priestess,33182,31612,10,800
minotaur,32066,31609,10,700
minotaur,32064,31610,10,700
minotaur,32062,31611,10,700
minotaur,32063,31614,10,700
minotaur,32064,31614,10,700
minotaur,32059,31615,10,700
minotaur,32064,31615,10,700
troll,32626,31619,10,600
troll,32625,31620,10,600
troll,32629,31622,10,600
troll,32503,31616,10,600
orc shaman,32503,31618,10,750
troll,32505,31619,10,600
troll,32503,31620,10,600
orc shaman,32504,31620,10,750
troll,32501,31621,10,600
troll,32631,31620,10,600
troll,32632,31622,10,600
mummy,32410,31624,10,900
mummy,32413,31624,10,900
mummy,32408,31625,10,900
troll,32719,31625,10,600
troll,32721,31625,10,600
beholder,32111,31626,10,800
scorpion,32472,31626,10,800
minotaur,32147,31627,10,600
minotaur,32148,31628,10,600
stone golem,32527,31628,10,900
stone golem,32529,31628,10,900
stone golem,32532,31629,10,900
orc leader,32443,31630,10,900
orc spearman,32444,31630,10,700
orc spearman,32448,31628,10,700
orc spearman,32445,31630,10,700
orc spearman,32446,31630,10,700
troll,32669,31630,10,400
troll,32669,31632,10,400
troll,32702,31632,10,600
troll,32703,31633,10,600
troll,32702,31634,10,600
cyclops,33261,31634,10,600
cyclops,33263,31634,10,600
cyclops,33265,31634,10,600
cyclops,33259,31635,10,600
rotworm,32039,31635,10,500
priestess,33149,31637,10,800
slime,33181,31637,10,600
orc warrior,32595,31639,10,500
orc warrior,32595,31640,10,500
orc warrior,32594,31642,10,500
minotaur guard,32597,31642,10,600
minotaur,32595,31645,10,600
minotaur,32594,31646,10,600
poison spider,33148,31647,10,600
poison spider,33155,31647,10,600
poison spider,33152,31648,10,600
poison spider,33152,31649,10,600
minotaur,32585,31649,10,600
minotaur,32584,31651,10,600
minotaur,32587,31651,10,600
orc warrior,32590,31652,10,600
orc warrior,32590,31653,10,600
orc warrior,32593,31652,10,600
elf scout,32503,31653,10,750
elf scout,32502,31654,10,750
cyclops,33235,31660,10,600
cyclops,33236,31660,10,600
fire elemental,33278,31660,10,600
cyclops,33244,31661,10,600
cyclops,33243,31663,10,600
cyclops,33255,31661,10,600
cyclops,33254,31662,10,600
goblin,32429,31663,10,650
goblin,32422,31667,10,650
goblin,32423,31667,10,650
goblin,32427,31667,10,650
goblin,32428,31667,10,650
goblin,32419,31670,10,650
goblin,32418,31671,10,650
goblin,32425,31671,10,650
fire elemental,33252,31679,10,600
fire elemental,33253,31681,10,600
cyclops,33280,31680,10,600
cyclops,33275,31682,10,600
cyclops,33278,31682,10,600
cyclops,33280,31684,10,600
wasp,32612,31683,10,600
wasp,32611,31684,10,600
wasp,32612,31686,10,600
wasp,32615,31687,10,600
wasp,32622,31689,10,500
wasp,32624,31689,10,500
wasp,32627,31689,10,500
wasp,32624,31690,10,500
wasp,32635,31694,10,600
wasp,32634,31695,10,600
wasp,32635,31697,10,600
wasp,32634,31699,10,600
orc warrior,32507,31695,10,600
orc warrior,32506,31697,10,600
minotaur mage,32510,31697,10,600
orc warrior,32506,31699,10,600
minotaur mage,32508,31699,10,600
wasp,32616,31701,10,600
wasp,32619,31702,10,600
wasp,32616,31703,10,600
wasp,32615,31705,10,600
troll,33093,31701,10,600
troll,33095,31701,10,600
troll,33091,31702,10,600
troll,33092,31703,10,600
wasp,32631,31705,10,400
wasp,32629,31706,10,400
wasp,32630,31706,10,400
wasp,32633,31709,10,400
rat,32533,31706,10,600
dragon lord,32429,31709,10,950
troll,33134,31717,10,600
troll,33134,31718,10,600
frost troll,33138,31719,10,900
troll,33131,31720,10,600
bear,33132,31721,10,600
swamp troll,33136,31721,10,600
swamp troll,33137,31721,10,600
troll,33074,31718,10,600
troll,33071,31719,10,600
troll,33073,31721,10,600
troll,33069,31723,10,600
hunter,32466,31719,10,800
hunter,32464,31720,10,800
bear,33129,31719,10,600
bear,33134,31724,10,600
troll,33130,31726,10,600
troll,33129,31727,10,600
troll,33128,31728,10,600
troll,33127,31729,10,600
bear,32507,31730,10,700
bear,32507,31732,10,700
troll,33114,31733,10,600
troll,33113,31735,10,600
troll,33109,31736,10,600
troll,33109,31737,10,600
rat,33109,31738,10,600
rat,33101,31735,10,600
troll,33100,31736,10,600
rat,33105,31738,10,600
troll,33102,31739,10,600
rat,33103,31742,10,600
troll,33099,31737,10,600
scorpion,33217,31739,10,900
scorpion,33222,31739,10,900
scorpion,33220,31740,10,900
troll,33080,31738,10,600
troll,33082,31741,10,600
troll,33081,31742,10,600
ghoul,32180,31766,10,600
ghoul,32180,31767,10,600
demon skeleton,32183,31767,10,600
rotworm,33319,31766,10,500
rotworm,33317,31768,10,500
ghoul,33245,31769,10,600
ghoul,33246,31769,10,600
ghoul,33249,31771,10,600
ghoul,32198,31769,10,600
ghoul,32197,31770,10,600
ghoul,32173,31774,10,600
demon skeleton,32175,31776,10,600
demon skeleton,32198,31774,10,600
demon skeleton,32197,31775,10,600
demon skeleton,32177,31777,10,600
demon skeleton,32186,31783,10,600
demon skeleton,32184,31784,10,600
ghoul,32191,31782,10,600
ghoul,32193,31784,10,600
ghoul,32169,31785,10,600
ghoul,32168,31786,10,600
rotworm,33317,31785,10,500
rotworm,33318,31786,10,500
ghoul,32182,31791,10,600
demon skeleton,32183,31792,10,600
demon skeleton,32183,31793,10,600
ghoul,32185,31793,10,600
ghoul,32181,31794,10,600
ghoul,32185,31794,10,600
goblin,33101,31798,10,600
goblin,33097,31800,10,600
goblin,33098,31800,10,600
wasp,33099,31800,10,600
goblin,33096,31801,10,600
wasp,33098,31802,10,600
goblin,33112,31800,10,600
goblin,33113,31800,10,600
goblin,33115,31800,10,600
goblin,33113,31804,10,600
goblin,33110,31805,10,600
rotworm,33317,31801,10,500
goblin,33062,31806,10,600
goblin,33060,31808,10,600
goblin,33062,31809,10,600
goblin,33060,31810,10,600
goblin,33072,31809,10,600
goblin,33072,31810,10,600
goblin,33073,31810,10,600
goblin,33074,31810,10,600
goblin,33099,31812,10,600
goblin,33102,31813,10,600
goblin,33102,31815,10,600
goblin,33051,31814,10,600
goblin,33053,31815,10,600
goblin,33051,31817,10,600
scorpion,32190,31810,10,600
scorpion,32185,31811,10,600
scorpion,32184,31814,10,600
scorpion,32188,31815,10,600
scorpion,32187,31816,10,600
goblin,33115,31815,10,600
goblin,33111,31816,10,600
goblin,33114,31816,10,600
goblin,33117,31817,10,600
goblin,33075,31820,10,600
goblin,33075,31822,10,600
goblin,33072,31823,10,600
goblin,33076,31824,10,600
goblin,33091,31822,10,600
goblin,33094,31822,10,600
goblin,33092,31823,10,600
goblin,33060,31831,10,600
goblin,33062,31831,10,600
goblin,33062,31833,10,600
bug,33111,31834,10,600
goblin,33108,31835,10,600
bug,33110,31835,10,600
goblin,33109,31836,10,600
bug,33111,31837,10,600
wild warrior,32255,31837,10,60
bug,33113,31838,10,600
rotworm,33234,31839,10,500
rotworm,33233,31840,10,500
rotworm,33234,31841,10,500
goblin,33066,31841,10,600
goblin,33068,31841,10,600
goblin,33065,31843,10,600
bug,33095,31839,10,600
goblin,33094,31840,10,600
goblin,33095,31841,10,600
bug,33097,31841,10,600
bug,33097,31842,10,600
bug,33096,31843,10,600
cave rat,32235,31842,10,600
cave rat,32235,31843,10,600
bug,33108,31848,10,600
bug,33109,31848,10,600
bug,33111,31850,10,600
scorpion,32233,31849,10,600
ghoul,32236,31849,10,600
ghoul,32238,31850,10,600
slime,32207,31851,10,600
slime,32209,31852,10,600
goblin,33053,31848,10,600
goblin,33054,31849,10,600
goblin,33053,31851,10,600
goblin,33054,31853,10,600
bug,33102,31852,10,600
bug,33102,31854,10,600
bug,33101,31855,10,600
rotworm,33240,31850,10,500
rotworm,33242,31850,10,500
rotworm,33242,31852,10,500
rotworm,33273,31854,10,500
goblin,33077,31857,10,600
goblin,33075,31859,10,600
goblin,33078,31859,10,600
goblin,33077,31860,10,600
rotworm,33263,31863,10,500
rotworm,33264,31863,10,500
rotworm,33262,31864,10,500
rotworm,33263,31864,10,500
demon skeleton,32190,31864,10,600
bug,33107,31864,10,600
bug,33104,31865,10,600
goblin,33107,31866,10,600
bug,33108,31866,10,600
bug,33108,31867,10,600
goblin,33109,31868,10,600
rotworm,33284,31866,10,500
rotworm,33286,31868,10,500
skeleton,32233,31868,10,600
skeleton,32232,31869,10,600
rotworm,33253,31870,10,500
rotworm,33255,31870,10,500
rotworm,33256,31870,10,500
rotworm,33276,31870,10,500
rotworm,33274,31871,10,500
rat,32638,31873,10,600
rotworm,32598,31876,10,900
rotworm,32598,31878,10,900
rotworm,32600,31878,10,900
rotworm,32602,31878,10,900
rotworm,32599,31879,10,900
dwarf soldier,32470,31878,10,600
dwarf soldier,32472,31880,10,600
rotworm,32464,31879,10,500
rotworm,32465,31881,10,500
rotworm,33242,31882,10,500
rotworm,33243,31883,10,500
rotworm,32443,31880,10,500
rotworm,32442,31881,10,500
rotworm,32442,31883,10,500
rotworm,32442,31884,10,500
poison spider,32662,31887,10,600
poison spider,32666,31887,10,600
poison spider,32665,31889,10,600
poison spider,32668,31889,10,600
poison spider,32664,31891,10,600
poison spider,32665,31891,10,600
dwarf,32486,31889,10,600
dwarf,32487,31889,10,600
rotworm,32649,31889,10,500
rotworm,32650,31889,10,500
rotworm,32650,31890,10,500
dwarf,32654,31893,10,600
cave rat,32240,31893,10,600
cave rat,32241,31895,10,600
skeleton,32243,31895,10,600
dwarf soldier,32458,31892,10,600
dwarf soldier,32457,31893,10,600
dwarf,32655,31894,10,600
orc spearman,33167,31891,10,600
orc shaman,33165,31892,10,600
orc shaman,33169,31892,10,600
orc spearman,33169,31893,10,600
orc spearman,33165,31894,10,600
orc shaman,33168,31894,10,600
orc berserker,33171,31894,10,600
orc shaman,33167,31895,10,600
orc spearman,33165,31896,10,600
poison spider,33174,31896,10,600
poison spider,33167,31897,10,600
skeleton,32244,31894,10,600
poison spider,33173,31899,10,600
cave rat,32259,31892,10,600
cave rat,32259,31893,10,600
skeleton,32254,31894,10,600
skeleton,32256,31895,10,600
cave rat,32259,31895,10,600
rotworm,32424,31895,10,500
rotworm,32424,31897,10,500
rotworm,32459,31897,10,500
rotworm,32458,31898,10,500
poison spider,33171,31901,10,600
poison spider,33168,31903,10,600
poison spider,33169,31904,10,600
rotworm,33257,31899,10,500
rotworm,33256,31901,10,500
dwarf,32630,31902,10,600
dwarf,32629,31905,10,600
dwarf,32628,31906,10,600
orc shaman,33155,31905,10,600
orc warrior,33157,31905,10,600
orc shaman,33155,31906,10,600
orc warrior,33157,31907,10,600
cave rat,32242,31907,10,600
cave rat,32239,31909,10,600
cave rat,32243,31909,10,600
cave rat,32276,31904,10,600
cave rat,32273,31907,10,600
cave rat,32272,31908,10,600
dwarf soldier,32474,31905,10,600
dwarf soldier,32472,31907,10,600
dwarf soldier,32474,31907,10,600
poison spider,32666,31906,10,600
poison spider,32667,31907,10,600
spider,32668,31907,10,600
spider,32667,31910,10,600
poison spider,33160,31906,10,600
poison spider,33159,31908,10,600
poison spider,33159,31909,10,600
skeleton,32279,31908,10,600
skeleton,32280,31908,10,600
spider,32665,31912,10,600
spider,32667,31913,10,600
orc warrior,33165,31913,10,600
orc warrior,33167,31913,10,600
orc warrior,33168,31915,10,600
rotworm,32495,31915,10,500
rotworm,32493,31916,10,500
rotworm,32495,31916,10,500
orc shaman,33176,31916,10,600
orc shaman,33178,31916,10,600
poison spider,33175,31918,10,600
poison spider,33175,31919,10,600
orc shaman,33176,31919,10,600
dwarf soldier,32451,31914,10,600
dwarf soldier,32452,31917,10,600
dwarf soldier,32449,31920,10,600
rotworm,32452,31920,10,500
rotworm,32452,31921,10,500
dwarf,32477,31916,10,600
dwarf,32476,31917,10,600
dwarf,32476,31918,10,600
dwarf,32476,31919,10,600
dwarf,32644,31917,10,600
poison spider,33172,31917,10,600
orc berserker,33200,31913,10,600
orc berserker,33199,31916,10,600
orc berserker,33198,31917,10,600
orc spearman,33196,31918,10,600
orc berserker,33198,31920,10,600
orc spearman,33200,31920,10,600
orc spearman,33196,31921,10,600
spider,32660,31918,10,600
spider,32662,31920,10,600
orc warrior,33196,31923,10,600
orc spearman,33197,31923,10,600
orc warrior,33199,31923,10,600
orc warrior,33196,31924,10,600
orc leader,33199,31925,10,600
orc warrior,33200,31925,10,600
poison spider,33167,31918,10,600
poison spider,33164,31920,10,600
poison spider,33165,31921,10,600
rotworm,32427,31920,10,500
rotworm,32428,31922,10,500
dwarf,32622,31925,10,500
dwarf,32623,31925,10,500
dwarf,32623,31927,10,500
orc berserker,33159,31925,10,600
orc warrior,33153,31926,10,600
orc warrior,33156,31927,10,600
orc warrior,33159,31930,10,600
poison spider,33158,31931,10,600
poison spider,33158,31932,10,600
poison spider,33176,31927,10,600
poison spider,33175,31929,10,600
poison spider,33171,31930,10,600
poison spider,33174,31931,10,600
poison spider,33178,31931,10,600
dwarf soldier,32428,31928,10,600
dwarf,32425,31929,10,600
dwarf,32427,31929,10,600
dwarf soldier,32429,31929,10,600
dwarf soldier,32430,31929,10,600
dwarf,32424,31931,10,600
dwarf,32524,31926,10,600
dwarf,32523,31928,10,600
dwarf,32527,31928,10,600
dwarf,32525,31929,10,600
dwarf,32526,31931,10,600
dwarf,32423,31931,10,600
ghoul,32174,31930,10,600
ghoul,32172,31931,10,600
ghoul,32173,31931,10,600
poison spider,33158,31933,10,600
orc warrior,33189,31932,10,600
orc warrior,33190,31932,10,600
poison spider,32452,31933,10,600
poison spider,32451,31934,10,600
poison spider,32450,31936,10,600
dwarf soldier,32474,31934,10,600
dwarf soldier,32475,31935,10,600
dwarf soldier,32476,31937,10,600
ghoul,32173,31936,10,600
ghoul,32172,31937,10,600
rotworm,32532,31937,10,500
rotworm,32535,31937,10,500
rotworm,32536,31940,10,500
dwarf soldier,32519,31940,10,600
dwarf soldier,32519,31941,10,600
orc berserker,33190,31940,10,600
orc berserker,33189,31941,10,600
orc berserker,33187,31942,10,600
orc warrior,33191,31942,10,600
orc warrior,33192,31943,10,600
dwarf soldier,32470,31941,10,600
dwarf soldier,32468,31943,10,600
dwarf soldier,32466,31944,10,600
dwarf,32638,31945,10,600
dwarf,32638,31946,10,600
dwarf,32638,31947,10,600
rotworm,32424,31947,10,500
rotworm,32424,31948,10,500
dwarf soldier,32496,31946,10,600
dwarf soldier,32496,31947,10,600
dwarf soldier,32497,31949,10,600
dwarf,32658,31947,10,700
dwarf,32660,31947,10,700
dwarf soldier,32434,31947,10,600
dwarf soldier,32434,31949,10,600
dwarf soldier,32436,31950,10,600
rat,32597,31947,10,500
rat,32593,31949,10,500
rat,32595,31950,10,500
rotworm,32538,31963,10,500
rotworm,32540,31965,10,500
rotworm,32539,31966,10,500
dwarf soldier,32557,31965,10,600
dwarf soldier,32560,31966,10,600
dwarf soldier,32561,31968,10,600
dwarf soldier,32453,31967,10,600
dwarf soldier,32455,31967,10,600
dwarf soldier,32454,31968,10,600
dwarf soldier,32455,31968,10,600
dwarf soldier,32448,31969,10,600
dwarf guard,32452,31969,10,600
dwarf guard,32454,31969,10,600
dwarf soldier,32452,31971,10,600
dwarf soldier,32534,31970,10,600
dwarf soldier,32534,31971,10,600
dwarf soldier,32535,31973,10,600
cave rat,32394,31974,10,600
cave rat,32393,31977,10,600
cave rat,32392,31980,10,600
rotworm,32490,31978,10,500
rotworm,32491,31978,10,500
rotworm,32492,31981,10,500
dwarf,32499,31978,10,600
dwarf,32499,31979,10,600
dwarf,32496,31980,10,600
poison spider,32464,31980,10,600
poison spider,32466,31981,10,600
rotworm,32441,31980,10,500
rotworm,32442,31981,10,500
dwarf soldier,32445,31981,10,600
rotworm,32443,31982,10,500
dwarf soldier,32442,31983,10,600
dwarf soldier,32443,31983,10,600
cave rat,32412,31983,10,600
cave rat,32410,31984,10,600
cave rat,32413,31985,10,600
cave rat,32414,31985,10,600
dwarf soldier,32492,31987,10,600
dwarf soldier,32493,31988,10,600
dwarf soldier,32490,31989,10,600
dwarf soldier,32532,31987,10,600
dwarf soldier,32531,31989,10,600
dwarf soldier,32527,31990,10,600
dwarf soldier,32533,31990,10,600
dwarf soldier,32557,31989,10,600
dwarf soldier,32557,31990,10,600
dwarf soldier,32559,31990,10,600
dwarf soldier,32524,31990,10,600
dwarf soldier,32524,31993,10,600
rotworm,32615,31989,10,500
rotworm,32614,31990,10,500
dwarf soldier,32618,31990,10,600
rotworm,32612,31992,10,500
dwarf soldier,32621,31988,10,600
dwarf,32619,31990,10,600
dwarf,32620,31990,10,600
dwarf soldier,32622,31990,10,600
dwarf soldier,32624,31990,10,600
dwarf,32623,31991,10,600
dwarf,32622,31992,10,600
rotworm,32590,31990,10,500
rotworm,32591,31991,10,500
dwarf soldier,32583,31992,10,600
dwarf soldier,32578,31993,10,600
dwarf soldier,32580,31993,10,600
dwarf soldier,32468,31994,10,600
dwarf soldier,32469,31994,10,600
rotworm,32711,31993,10,500
rotworm,32713,31994,10,500
skeleton,32849,31992,10,450
skeleton,32850,31995,10,450
skeleton,32852,31995,10,450
rotworm,32721,32001,10,500
rotworm,32721,32002,10,500
rotworm,32724,32002,10,500
beholder,32777,32006,10,1000
beholder,32775,32008,10,1000
beholder,32777,32011,10,600
cave rat,32406,32008,10,600
cave rat,32406,32009,10,600
dwarf soldier,32366,32038,10,600
dwarf soldier,32365,32040,10,600
skeleton,32079,32043,10,600
skeleton,32079,32044,10,600
poison spider,32056,32045,10,600
poison spider,32058,32046,10,600
poison spider,32059,32047,10,600
cave rat,32426,32052,10,600
cave rat,32426,32054,10,600
cave rat,32423,32055,10,600
wolf,32114,32060,10,600
wolf,32116,32060,10,600
fire devil,32592,32062,10,600
orc,32118,32066,10,600
wolf,32119,32066,10,600
wolf,32120,32067,10,600
wolf,32128,32066,10,600
wolf,32130,32066,10,600
poison spider,32064,32067,10,600
poison spider,32064,32069,10,600
poison spider,32065,32070,10,600
wolf,32121,32072,10,600
wolf,32121,32073,10,600
wolf,32103,32073,10,600
wolf,32101,32074,10,600
spider,32380,32076,10,200
spider,32382,32076,10,200
spider,32364,32078,10,200
spider,32364,32080,10,200
spider,32365,32080,10,200
spider,32363,32081,10,200
spider,32380,32082,10,200
spider,32381,32082,10,200
spider,32362,32084,10,200
spider,32362,32086,10,200
spider,32385,32086,10,200
spider,32379,32087,10,200
spider,32381,32087,10,200
spider,32384,32087,10,200
dragon,32366,32088,10,3600
spider,32367,32088,10,200
spider,32378,32088,10,200
spider,32366,32089,10,200
spider,32367,32089,10,200
dragon,32357,32077,10,2000
fire devil,32681,32082,10,850
fire devil,32683,32082,10,850
fire devil,32684,32082,10,850
wolf,32114,32083,10,600
wolf,32115,32083,10,600
dragon,32341,32084,10,3600
poison spider,32649,32092,10,500
dragon,32357,32093,10,3000
dragon lord,32354,32095,10,3000
troll,32083,32096,10,600
troll,32083,32097,10,600
dragon,32340,32100,10,3600
slime,33087,32100,10,600
slime,33089,32101,10,600
rotworm,32689,32101,10,650
rotworm,32683,32102,10,650
rotworm,32686,32103,10,650
rotworm,32684,32104,10,650
rotworm,32686,32104,10,650
rotworm,32688,32107,10,650
rotworm,32691,32109,10,650
orc,32131,32106,10,600
orc,32131,32107,10,600
orc,32133,32107,10,600
orc,32135,32110,10,600
skeleton,32407,32105,10,800
skeleton,32410,32108,10,800
skeleton,32411,32109,10,800
skeleton,32409,32111,10,800
skeleton,32406,32112,10,800
slime,33101,32109,10,600
orc,32071,32112,10,600
orc,32071,32114,10,600
orc,32071,32115,10,600
orc,32069,32116,10,600
orc,32089,32115,10,600
orc,32089,32116,10,600
slime,33101,32118,10,600
orc spearman,32314,32121,10,600
orc warrior,32317,32121,10,600
orc spearman,32316,32122,10,600
orc spearman,32316,32123,10,600
orc spearman,32313,32125,10,600
slime,33091,32121,10,600
cave rat,32339,32122,10,600
cave rat,32341,32124,10,600
cave rat,32343,32125,10,600
fire devil,32690,32130,10,900
orc berserker,32643,32133,10,720
orc berserker,32642,32134,10,720
fire devil,32687,32132,10,600
fire devil,32691,32133,10,600
fire devil,32694,32133,10,600
fire devil,32692,32135,10,600
cave rat,32339,32136,10,600
cave rat,32340,32136,10,600
cave rat,32337,32137,10,600
cave rat,32339,32137,10,600
cave rat,32342,32137,10,600
cave rat,32336,32138,10,600
troll,32051,32139,10,600
troll,32049,32140,10,600
bug,32317,32140,10,600
bug,32319,32140,10,600
bug,32320,32140,10,600
skeleton,31980,32144,10,600
skeleton,31980,32145,10,600
skeleton,31980,32146,10,600
skeleton,31980,32147,10,600
orc spearman,32259,32145,10,600
orc warrior,32261,32145,10,600
spider,32258,32147,10,400
orc warrior,32263,32147,10,600
orc spearman,32257,32148,10,600
spider,32259,32148,10,400
orc warrior,32260,32148,10,600
orc spearman,32262,32148,10,600
spider,32261,32149,10,400
spider,32257,32150,10,400
orc warrior,32260,32150,10,600
bug,32088,32148,10,400
wolf,32090,32148,10,400
troll,32092,32148,10,400
spider,32094,32148,10,400
skeleton,32173,32148,10,600
rotworm,32335,32150,10,500
rotworm,32333,32151,10,500
rotworm,32383,32150,10,500
rotworm,32386,32150,10,500
rotworm,32383,32151,10,500
rotworm,32387,32151,10,500
rotworm,32388,32151,10,500
orc warrior,32297,32155,10,600
rat,32050,32157,10,200
rat,32052,32157,10,200
orc spearman,32308,32165,10,600
orc spearman,32310,32166,10,600
cave rat,32026,32167,10,600
cave rat,32013,32170,10,600
rat,32011,32171,10,600
rat,32012,32172,10,600
cave rat,32013,32172,10,600
rat,32022,32169,10,600
rat,32024,32170,10,600
rat,32024,32171,10,600
poison spider,31954,32171,10,400
poison spider,31956,32171,10,400
poison spider,31955,32174,10,400
spider,32067,32172,10,600
spider,32066,32173,10,600
spider,32067,32174,10,600
poison spider,31943,32173,10,400
poison spider,31941,32174,10,400
spider,32081,32173,10,600
spider,32081,32174,10,600
spider,32091,32179,10,600
spider,32091,32181,10,600
spider,31987,32177,10,600
spider,31984,32180,10,600
poison spider,31980,32182,10,600
spider,31982,32182,10,600
rat,32019,32180,10,600
rat,32021,32182,10,600
spider,32068,32180,10,600
spider,32070,32180,10,600
spider,32071,32181,10,600
spider,32081,32181,10,600
spider,32081,32182,10,600
spider,32083,32183,10,600
bug,31974,32182,10,400
bug,31977,32182,10,400
bug,31976,32183,10,400
rat,31977,32185,10,400
troll,32045,32182,10,600
troll,32043,32183,10,600
troll,32046,32185,10,600
rotworm,32372,32182,10,500
rotworm,32372,32183,10,500
rotworm,32371,32184,10,500
rotworm,32373,32184,10,500
cave rat,32012,32185,10,600
rat,32013,32186,10,600
rat,31977,32187,10,400
rat,31980,32190,10,400
rat,32014,32187,10,600
bug,31956,32186,10,400
bug,31953,32188,10,400
bug,31954,32188,10,400
spider,32089,32188,10,600
spider,32092,32188,10,600
spider,32092,32189,10,600
rat,32029,32189,10,600
cave rat,32031,32190,10,600
rat,32031,32191,10,600
bug,32059,32191,10,600
bug,32061,32192,10,600
ghoul,32394,32192,10,600
ghoul,32391,32194,10,600
ghoul,32395,32195,10,600
troll,32001,32192,10,600
troll,31999,32193,10,600
troll,31998,32196,10,600
bug,32037,32197,10,600
bug,32034,32198,10,600
bug,32040,32199,10,600
bug,32040,32201,10,600
cave rat,32021,32199,10,600
troll,32077,32198,10,600
troll,32076,32199,10,600
rat,32013,32200,10,600
rat,32013,32201,10,600
rat,32014,32201,10,600
demon skeleton,32617,32198,10,950
demon skeleton,32617,32199,10,950
demon skeleton,32620,32201,10,950
troll,31977,32200,10,600
troll,31974,32202,10,600
troll,31974,32205,10,600
bug,32048,32202,10,600
rat,32027,32204,10,600
rat,32027,32205,10,600
rat,32026,32206,10,600
troll,32086,32204,10,600
troll,32085,32206,10,600
bug,32056,32205,10,600
bug,32056,32207,10,600
cave rat,32015,32206,10,600
skeleton,32616,32206,10,700
skeleton,32618,32206,10,700
rat,32037,32207,10,600
rat,32039,32208,10,600
rat,32010,32206,10,600
rat,32010,32208,10,600
rat,32013,32208,10,600
skeleton,32584,32208,10,700
skeleton,32585,32208,10,700
skeleton,32584,32211,10,700
troll,31985,32211,10,600
troll,31986,32211,10,600
dragon,33039,32211,10,900
rat,32018,32214,10,600
cave rat,32026,32214,10,600
troll,31944,32214,10,600
troll,31945,32215,10,600
rat,32005,32214,10,600
rat,32008,32214,10,600
rat,32007,32215,10,600
rat,32030,32215,10,600
rat,32031,32215,10,600
troll,31938,32217,10,600
troll,31939,32217,10,600
ghoul,32595,32218,10,750
ghoul,32596,32219,10,750
beholder,32602,32217,10,900
beholder,32600,32218,10,900
rat,32019,32220,10,600
rat,32020,32221,10,600
bug,32058,32228,10,600
bug,32059,32229,10,600
skeleton,32006,32228,10,600
skeleton,32004,32229,10,600
orc,32364,32228,10,400
orc,32369,32229,10,400
orc,32368,32230,10,400
orc,32374,32230,10,400
orc,32362,32232,10,400
orc,32362,32233,10,400
orc,32363,32234,10,400
beholder,32422,32230,10,1200
troll,31969,32230,10,600
troll,31969,32231,10,600
beholder,32431,32233,10,1500
troll,31975,32234,10,600
troll,31976,32234,10,600
troll,32043,32234,10,600
troll,32043,32236,10,600
orc,32383,32234,10,600
orc,32382,32235,10,600
orc,32380,32239,10,600
orc,32384,32239,10,600
orc,32387,32239,10,600
rotworm,32655,32240,10,750
rotworm,32655,32241,10,750
beholder,32439,32241,10,1000
beholder,32440,32242,10,1000
scorpion,32528,32243,10,1200
scorpion,32529,32243,10,1200
skeleton,31986,32247,10,600
orc warrior,32513,32251,10,800
orc warrior,32515,32253,10,800
skeleton,31970,32253,10,600
orc,32527,32253,10,600
orc,32519,32254,10,600
orc,32523,32256,10,600
orc,32526,32257,10,600
slime,32635,32262,10,800
slime,32619,32264,10,850
cyclops,32223,32267,10,300
cyclops,32224,32268,10,300
dragon,32781,32270,10,600
slime,32633,32272,10,900
orc,32524,32273,10,800
orc,32526,32274,10,800
orc,32520,32275,10,800
orc,32527,32276,10,800
dragon lord,32851,32273,10,600
dragon lord,32853,32273,10,600
dragon lord,32855,32273,10,600
dragon lord,32857,32273,10,600
rat,32484,32276,10,600
dragon lord,32851,32276,10,600
dragon lord,32853,32276,10,600
dragon lord,32855,32276,10,600
dragon lord,32857,32276,10,600
minotaur mage,33303,32278,10,600
minotaur archer,33304,32278,10,600
minotaur mage,33314,32278,10,600
minotaur archer,33303,32281,10,600
minotaur guard,33301,32282,10,600
minotaur guard,33299,32284,10,600
minotaur archer,33303,32284,10,600
minotaur guard,33309,32281,10,600
minotaur guard,33311,32283,10,600
minotaur archer,33312,32284,10,600
minotaur archer,33311,32286,10,600
dragon lord,32776,32286,10,1800
dragon lord,32778,32286,10,1800
dragon,32775,32288,10,900
dragon,32779,32288,10,900
dragon,32775,32289,10,900
dragon,32775,32292,10,900
minotaur archer,33303,32290,10,600
minotaur mage,33301,32291,10,600
minotaur archer,33302,32292,10,600
minotaur guard,33304,32292,10,600
minotaur guard,33303,32293,10,600
minotaur mage,33312,32291,10,600
minotaur mage,33314,32292,10,600
rotworm,32490,32285,10,800
rotworm,32490,32288,10,800
rotworm,32484,32289,10,800
rotworm,32486,32291,10,800
rotworm,32486,32292,10,800
rotworm,32493,32298,10,800
rotworm,32490,32299,10,800
rat,32504,32297,10,2000
rat,32504,32299,10,2000
rat,32504,32301,10,2000
scorpion,32837,32302,10,600
scorpion,32837,32303,10,600
scorpion,32835,32305,10,600
slime,32514,32304,10,1200
scorpion,32851,32316,10,600
scorpion,32853,32319,10,600
scorpion,32856,32322,10,600
demon skeleton,32821,32320,10,600
demon skeleton,32824,32320,10,600
ghoul,32827,32321,10,600
demon skeleton,32825,32322,10,600
ghoul,32826,32323,10,600
demon skeleton,32842,32326,10,600
demon skeleton,32843,32326,10,600
demon skeleton,32845,32326,10,600
ghoul,32844,32327,10,600
ghoul,32842,32329,10,600
demon skeleton,32765,32332,10,600
demon skeleton,32765,32333,10,600
demon skeleton,32768,32335,10,600
demon skeleton,32843,32338,10,600
ghoul,32840,32340,10,600
demon skeleton,32844,32340,10,600
ghoul,32842,32341,10,600
demon skeleton,32844,32341,10,600
demon skeleton,32779,32340,10,600
demon skeleton,32781,32342,10,600
demon skeleton,32783,32342,10,600
scorpion,32862,32340,10,600
scorpion,32857,32341,10,600
scorpion,32859,32343,10,600
scorpion,32860,32344,10,600
demon skeleton,32824,32343,10,600
demon skeleton,32824,32344,10,600
demon skeleton,32822,32346,10,600
ghoul,32825,32346,10,600
ghoul,32826,32347,10,600
demon skeleton,32769,32345,10,600
demon skeleton,32770,32345,10,600
demon skeleton,32755,32346,10,600
demon skeleton,32757,32347,10,600
demon skeleton,32756,32349,10,600
demon skeleton,32758,32349,10,600
demon skeleton,32756,32354,10,600
demon skeleton,32773,32349,10,600
demon skeleton,32771,32350,10,600
demon skeleton,32752,32356,10,600
demon skeleton,32753,32357,10,600
demon skeleton,32781,32358,10,600
demon skeleton,32783,32358,10,600
demon skeleton,32806,32357,10,600
demon skeleton,32803,32359,10,600
demon skeleton,32804,32361,10,600
demon skeleton,32790,32368,10,600
demon skeleton,32795,32367,10,600
demon skeleton,32798,32370,10,600
demon skeleton,32797,32373,10,600
black sheep,33008,32370,10,600
black sheep,33009,32370,10,600
black sheep,33010,32371,10,600
black sheep,33008,32372,10,600
black sheep,33009,32372,10,600
black sheep,33013,32372,10,600
black sheep,33017,32376,10,600
demon skeleton,33024,32372,10,600
demon skeleton,33019,32373,10,600
demon skeleton,33021,32375,10,600
demon skeleton,33022,32375,10,600
monk,32604,32381,10,600
monk,32601,32384,10,600
monk,32602,32384,10,600
monk,32601,32385,10,600
assassin,32603,32387,10,600
dark monk,32605,32387,10,600
dark monk,32602,32388,10,600
assassin,32605,32388,10,600
monk,32606,32384,10,600
assassin,32609,32385,10,600
monk,32608,32387,10,600
ghost,32631,32385,10,600
ghost,32629,32386,10,600
demon skeleton,32634,32387,10,600
demon skeleton,32636,32390,10,600
ghost,32629,32391,10,600
demon skeleton,32632,32391,10,600
demon skeleton,32637,32391,10,600
minotaur archer,32271,32388,10,900
minotaur archer,32272,32388,10,900
minotaur guard,32274,32388,10,800
minotaur guard,32275,32388,10,800
dark monk,32605,32390,10,600
assassin,32602,32391,10,600
necromancer,32989,32388,10,600
necromancer,32986,32389,10,600
necromancer,32992,32389,10,600
necromancer,32992,32390,10,600
ghost,33010,32388,10,600
ghost,33009,32389,10,600
ghost,32628,32388,10,600
ghost,32627,32392,10,600
ghost,32634,32393,10,600
assassin,32625,32398,10,600
demon skeleton,33035,32396,10,600
demon skeleton,33035,32398,10,600
demon skeleton,33039,32397,10,600
necromancer,33042,32397,10,600
demon skeleton,33040,32399,10,600
priestess,33042,32399,10,600
ghost,33039,32400,10,600
priestess,33044,32398,10,600
mummy,33045,32398,10,600
mummy,33043,32399,10,600
priestess,33044,32399,10,600
mummy,33043,32400,10,600
skeleton,33047,32396,10,600
necromancer,33046,32397,10,600
skeleton,33050,32397,10,600
necromancer,33047,32398,10,600
skeleton,33047,32400,10,600
necromancer,33047,32401,10,600
mummy,33041,32401,10,600
necromancer,33042,32401,10,600
priestess,33044,32401,10,600
demon skeleton,32998,32397,10,600
demon skeleton,32995,32399,10,600
demon skeleton,32997,32399,10,600
necromancer,33042,32402,10,600
necromancer,33045,32402,10,600
minotaur mage,32228,32399,10,1000
minotaur mage,32225,32400,10,1000
minotaur mage,32228,32400,10,1000
vampire,33037,32402,10,600
ghost,33039,32402,10,600
vampire,33039,32403,10,600
minotaur archer,32251,32401,10,1300
minotaur archer,32272,32400,10,1300
minotaur archer,32270,32401,10,1300
assassin,32624,32399,10,600
assassin,32620,32401,10,600
assassin,32623,32401,10,600
ghost,33035,32400,10,600
ghost,33033,32401,10,600
vampire,33035,32404,10,600
skeleton,33050,32403,10,600
minotaur,32275,32399,10,850
minotaur,32279,32401,10,850
minotaur,32276,32402,10,850
minotaur,32279,32404,10,850
vampire,33039,32405,10,600
skeleton,33048,32405,10,600
skeleton,33047,32406,10,600
demon skeleton,33023,32405,10,600
demon skeleton,33023,32406,10,600
demon skeleton,33006,32406,10,600
demon skeleton,33008,32407,10,600
demon skeleton,33008,32410,10,600
ghost,32999,32407,10,600
ghost,33002,32408,10,600
ghoul,32998,32409,10,600
ghost,33000,32410,10,600
ghoul,32998,32412,10,600
banshee,32320,32409,10,3600
demon skeleton,32991,32409,10,600
ghoul,32995,32409,10,600
demon skeleton,32989,32410,10,600
demon skeleton,32991,32411,10,600
minotaur,32256,32412,10,700
minotaur,32258,32412,10,700
minotaur mage,32254,32414,10,1500
minotaur,32252,32416,10,700
minotaur,32253,32416,10,700
minotaur,32255,32416,10,700
minotaur mage,32256,32416,10,1500
demon skeleton,32615,32413,10,600
demon skeleton,33000,32415,10,600
demon skeleton,32998,32417,10,600
hunter,32609,32416,10,600
hunter,32609,32417,10,600
monk,32615,32416,10,600
monk,32615,32417,10,600
stone golem,32615,32418,10,600
stone golem,32615,32419,10,600
hunter,32621,32416,10,600
hunter,32621,32417,10,600
ghoul,32992,32418,10,600
ghoul,32994,32419,10,600
snake,33085,32423,10,600
snake,33087,32423,10,600
skeleton,33088,32424,10,600
snake,33090,32425,10,600
skeleton,33090,32426,10,600
assassin,32616,32423,10,600
witch,32615,32424,10,600
dark monk,32615,32425,10,600
assassin,32617,32425,10,600
dark monk,32612,32426,10,600
witch,32617,32426,10,600
dark monk,32618,32426,10,600
dark monk,32612,32427,10,600
assassin,32615,32428,10,600
dark monk,32616,32428,10,600
assassin,32619,32425,10,600
dark monk,32619,32428,10,600
assassin,32619,32430,10,600
demon skeleton,33028,32428,10,600
minotaur guard,32265,32430,10,600
minotaur,32261,32432,10,600
minotaur archer,32262,32432,10,500
minotaur guard,32264,32432,10,600
minotaur,32265,32432,10,600
minotaur,32258,32433,10,600
minotaur archer,32262,32434,10,500
minotaur archer,32264,32434,10,500
minotaur mage,32260,32435,10,850
minotaur guard,32263,32435,10,700
minotaur guard,32260,32436,10,700
minotaur,32262,32436,10,600
minotaur guard,32264,32436,10,700
minotaur,32267,32433,10,600
minotaur archer,32249,32435,10,800
minotaur archer,32247,32436,10,800
minotaur mage,32257,32436,10,850
minotaur archer,32261,32437,10,750
minotaur mage,32257,32438,10,850
minotaur archer,32260,32438,10,750
minotaur archer,32262,32439,10,750
minotaur guard,32268,32433,10,700
necromancer,33038,32439,10,600
necromancer,33039,32440,10,600
necromancer,33005,32441,10,600
witch,32623,32444,10,600
witch,32625,32445,10,600
dark monk,32623,32446,10,600
dark monk,32625,32448,10,600
dark monk,32603,32444,10,600
dark monk,32604,32446,10,600
dark monk,32606,32449,10,600
demon skeleton,33027,32443,10,600
demon skeleton,33026,32444,10,600
demon skeleton,33024,32446,10,600
demon skeleton,33025,32446,10,600
demon skeleton,33028,32446,10,600
necromancer,33005,32448,10,600
necromancer,33007,32450,10,600
beholder,32217,32452,10,800
beholder,32218,32452,10,800
minotaur,32257,32450,10,700
minotaur,32261,32451,10,700
minotaur mage,32259,32452,10,900
minotaur mage,32261,32454,10,900
minotaur,32256,32455,10,700
minotaur,32258,32455,10,700
skeleton,33090,32451,10,600
skeleton,33091,32453,10,600
minotaur,32258,32456,10,700
beholder,32173,32455,10,950
beholder,32174,32457,10,950
ghost,33069,32457,10,900
skeleton,32192,32458,10,700
skeleton,32193,32459,10,700
skeleton,32195,32460,10,700
skeleton,32191,32462,10,700
assassin,32613,32459,10,600
witch,32614,32459,10,600
witch,32613,32461,10,600
dark monk,32614,32462,10,600
assassin,32614,32463,10,600
dark monk,32616,32464,10,600
hunter,32617,32461,10,600
hunter,32618,32461,10,600
assassin,32617,32463,10,600
assassin,32617,32464,10,600
beholder,32195,32465,10,1000
beholder,32193,32468,10,1000
beholder,32197,32468,10,1000
skeleton,32212,32465,10,700
skeleton,32216,32468,10,700
skeleton,32218,32468,10,700
skeleton,32220,32468,10,700
skeleton,32221,32468,10,700
demon skeleton,32218,32469,10,900
demon skeleton,32216,32471,10,900
skeleton,32220,32471,10,700
skeleton,32214,32473,10,700
ghoul,33056,32469,10,600
ghoul,33056,32470,10,600
dragon,32280,32470,10,900
dragon,32281,32470,10,900
dragon lord,32282,32472,10,1800
beholder,33050,32471,10,600
dragon,32264,32477,10,900
dragon,32263,32479,10,900
dragon,32238,32475,10,900
dragon,32237,32478,10,900
dragon,32238,32478,10,900
monk,32637,32478,10,600
dark monk,32595,32478,10,600
dark monk,32593,32479,10,600
assassin,32595,32479,10,600
dark monk,32592,32480,10,600
assassin,32593,32481,10,600
dark monk,32592,32482,10,600
dragon,32274,32478,10,950
dragon,32274,32480,10,950
dark monk,32635,32479,10,600
dark monk,32636,32480,10,600
gargoyle,32793,32486,10,600
gargoyle,32791,32489,10,600
gargoyle,32790,32491,10,600
green djinn,32791,32493,10,600
gargoyle,32792,32493,10,600
green djinn,32792,32494,10,600
dragon,32274,32492,10,900
dragon,32275,32494,10,900
dragon,32277,32495,10,900
monk,32593,32492,10,600
assassin,32595,32493,10,600
monk,32592,32494,10,600
monk,32594,32494,10,600
monk,32596,32495,10,600
dark monk,32604,32490,10,600
dark monk,32607,32490,10,600
dark monk,32605,32492,10,600
witch,32603,32493,10,600
dark monk,32607,32493,10,600
assassin,32626,32489,10,600
assassin,32626,32491,10,600
dark monk,32624,32492,10,600
assassin,32625,32492,10,600
dark monk,32624,32493,10,600
assassin,32627,32496,10,600
dark monk,32637,32490,10,600
witch,32635,32492,10,600
dark monk,32637,32492,10,600
witch,32635,32494,10,600
dragon lord,32234,32492,10,2200
dragon lord,32236,32493,10,2200
dragon lord,32237,32493,10,2200
dragon,32252,32489,10,950
dragon,32253,32493,10,950
dragon,32249,32496,10,950
dragon,32255,32497,10,950
efreet,32753,32493,10,600
slime,32771,32494,10,600
slime,32769,32495,10,600
bonebeast,32807,32495,10,600
elder beholder,32818,32495,10,600
slime,32827,32494,10,600
slime,32823,32495,10,600
slime,32828,32497,10,600
slime,32819,32498,10,600
slime,32828,32498,10,600
slime,32734,32496,10,600
slime,32735,32496,10,600
stone golem,32750,32493,10,600
stone golem,32748,32494,10,600
stone golem,32752,32496,10,600
stone golem,32753,32499,10,600
bonebeast,32838,32496,10,600
stone golem,32786,32498,10,600
slime,32846,32500,10,600
slime,32845,32501,10,600
slime,32720,32509,10,600
slime,32720,32511,10,600
carniphila,32852,32509,10,600
efreet,32718,32515,10,600
green djinn,32860,32514,10,600
green djinn,32860,32516,10,600
stone golem,32720,32519,10,600
stone golem,32721,32520,10,600
slime,32794,32514,10,600
slime,32795,32517,10,600
slime,32790,32519,10,600
beholder,32796,32521,10,600
slime,32792,32523,10,600
slime,32794,32524,10,600
gargoyle,32821,32516,10,600
gargoyle,32823,32519,10,600
gargoyle,32825,32521,10,600
gargoyle,32822,32522,10,600
gargoyle,32747,32520,10,600
carniphila,32747,32521,10,600
beholder,32798,32519,10,600
scarab,33166,32520,10,600
larva,33167,32522,10,600
larva,33169,32522,10,600
scarab,33166,32523,10,600
larva,33169,32524,10,600
scarab,33168,32526,10,600
gargoyle,32752,32524,10,600
gargoyle,32749,32525,10,600
beholder,32748,32527,10,600
gargoyle,32751,32528,10,600
beholder,32746,32529,10,600
gargoyle,32747,32530,10,600
elder beholder,32752,32531,10,600
slime,32866,32524,10,600
slime,32868,32525,10,600
scarab,33177,32523,10,600
scarab,33179,32525,10,600
scarab,33179,32528,10,600
larva,33157,32526,10,600
larva,33158,32526,10,600
scarab,33159,32526,10,600
scarab,33156,32527,10,600
larva,33158,32527,10,600
scarab,33157,32529,10,600
scarab,33189,32525,10,600
scarab,33190,32527,10,600
scarab,33191,32529,10,600
scarab,33208,32531,10,600
larva,33210,32532,10,600
scarab,33208,32533,10,600
larva,33212,32533,10,600
scarab,33225,32535,10,600
scarab,33222,32536,10,600
scarab,33225,32537,10,600
larva,33199,32536,10,600
larva,33199,32537,10,600
scarab,33201,32537,10,600
scarab,33202,32539,10,600
beholder,32718,32537,10,600
beholder,32720,32537,10,600
bonebeast,32809,32538,10,600
efreet,32843,32537,10,600
efreet,32844,32538,10,600
bonebeast,32873,32536,10,600
bonebeast,32872,32538,10,600
larva,33150,32536,10,600
larva,33149,32538,10,600
scarab,33152,32539,10,600
scarab,33153,32540,10,600
gargoyle,32772,32538,10,600
gargoyle,32773,32539,10,600
gargoyle,32775,32539,10,600
larva,33162,32538,10,600
larva,33161,32539,10,600
scarab,33163,32541,10,600
scarab,33164,32542,10,600
scarab,33176,32539,10,600
scarab,33177,32540,10,600
slime,32880,32541,10,600
slime,32881,32541,10,600
scarab,33190,32542,10,600
scarab,33188,32543,10,600
scarab,33191,32545,10,600
green djinn,32769,32542,10,600
green djinn,32767,32543,10,600
slime,32801,32543,10,600
slime,32802,32543,10,600
gargoyle,32821,32542,10,600
gargoyle,32823,32542,10,600
gargoyle,32821,32543,10,600
slime,32834,32543,10,600
slime,32833,32544,10,600
green djinn,32840,32544,10,600
green djinn,32840,32545,10,600
elder beholder,32846,32544,10,600
elder beholder,32846,32546,10,600
efreet,32720,32545,10,600
beholder,32784,32545,10,600
stone golem,32711,32544,10,600
stone golem,32714,32546,10,600
stone golem,32715,32548,10,600
gargoyle,32869,32546,10,600
gargoyle,32872,32546,10,600
gargoyle,32873,32548,10,600
gargoyle,32876,32549,10,600
scarab,33201,32546,10,600
scarab,33203,32546,10,600
larva,33180,32548,10,600
larva,33180,32549,10,600
beholder,32746,32549,10,600
beholder,32747,32549,10,600
bonebeast,32840,32549,10,600
bonebeast,32842,32549,10,600
larva,33166,32547,10,600
larva,33168,32549,10,600
scarab,33170,32551,10,600
scarab,33214,32549,10,600
scarab,33211,32550,10,600
scarab,33214,32551,10,600
stone golem,32794,32550,10,600
stone golem,32796,32550,10,600
scarab,33168,32553,10,600
slime,32719,32550,10,600
slime,32721,32552,10,600
larva,33229,32552,10,600
scarab,33226,32554,10,600
larva,33229,32554,10,600
scarab,33227,32555,10,600
scarab,33228,32556,10,600
larva,33188,32553,10,600
larva,33191,32555,10,600
scarab,33191,32556,10,600
scarab,33189,32557,10,600
larva,33192,32558,10,600
scarab,33160,32557,10,600
scarab,33161,32557,10,600
larva,33155,32558,10,600
larva,33154,32559,10,600
scarab,33151,32562,10,600
larva,33203,32559,10,600
larva,33204,32560,10,600
slime,32876,32560,10,600
slime,32877,32561,10,600
scarab,33149,32560,10,600
scarab,33168,32563,10,600
scarab,33168,32565,10,600
larva,33226,32564,10,600
larva,33228,32564,10,600
larva,33225,32565,10,600
scarab,33230,32566,10,600
scarab,33231,32566,10,600
scarab,33230,32567,10,600
larva,33228,32568,10,600
bonebeast,32816,32565,10,600
slime,32719,32564,10,600
slime,32718,32566,10,600
scarab,33213,32564,10,600
scarab,33215,32566,10,600
bonebeast,32744,32567,10,600
elder beholder,32874,32569,10,600
stone golem,32740,32568,10,600
stone golem,32737,32571,10,600
stone golem,32736,32573,10,600
gargoyle,32818,32567,10,600
gargoyle,32823,32568,10,600
gargoyle,32816,32569,10,600
gargoyle,32818,32571,10,600
green djinn,32814,32575,10,600
gargoyle,32819,32575,10,600
green djinn,32816,32576,10,600
beholder,32822,32576,10,600
green djinn,32743,32572,10,600
stone golem,32845,32571,10,600
stone golem,32847,32573,10,600
stone golem,32847,32574,10,600
scarab,33151,32571,10,600
scarab,33152,32573,10,600
scarab,33152,32574,10,600
larva,33150,32577,10,600
larva,33154,32577,10,600
bonebeast,32729,32574,10,600
carniphila,32785,32574,10,600
bonebeast,32800,32572,10,600
bonebeast,32802,32574,10,600
green djinn,32877,32574,10,600
green djinn,32877,32575,10,600
larva,33213,32573,10,600
larva,33214,32574,10,600
beholder,32757,32575,10,600
beholder,32757,32576,10,600
scarab,33184,32573,10,600
scarab,33183,32575,10,600
larva,33186,32576,10,600
larva,33199,32575,10,600
larva,33200,32577,10,600
scarab,33218,32575,10,600
beholder,32820,32578,10,600
slime,32832,32576,10,600
slime,32834,32576,10,600
carniphila,32859,32576,10,600
larva,33188,32574,10,600
larva,33157,32574,10,600
larva,33157,32580,10,600
stone golem,32777,32576,10,600
stone golem,32771,32577,10,600
stone golem,32774,32578,10,600
beholder,32875,32578,10,600
beholder,32874,32579,10,600
scarab,33255,32578,10,600
larva,33256,32578,10,600
larva,33251,32579,10,600
scarab,33252,32579,10,600
larva,33253,32579,10,600
scarab,33256,32580,10,600
gargoyle,32742,32576,10,600
gargoyle,32746,32577,10,600
gargoyle,32743,32579,10,600
slime,32791,32579,10,600
slime,32793,32579,10,600
slime,32792,32582,10,600
scarab,33175,32582,10,600
scarab,33174,32583,10,600
larva,33216,32582,10,600
scarab,33219,32583,10,600
scarab,33220,32583,10,600
scarab,33219,32584,10,600
larva,33215,32585,10,600
larva,33215,32587,10,600
scarab,33272,32583,10,600
scarab,33270,32584,10,600
larva,33272,32586,10,600
larva,33269,32587,10,600
scarab,33195,32582,10,600
scarab,33196,32584,10,600
scarab,33195,32585,10,600
larva,33191,32586,10,600
larva,33192,32586,10,600
larva,33195,32588,10,600
larva,33190,32585,10,600
larva,33237,32586,10,600
larva,33236,32588,10,600
scarab,33237,32589,10,600
scarab,33237,32590,10,600
larva,33270,32588,10,600
larva,33164,32587,10,600
larva,33165,32588,10,600
larva,33167,32588,10,600
scarab,33184,32592,10,600
scarab,33186,32593,10,600
larva,33085,32597,10,600
larva,33088,32597,10,600
larva,33089,32597,10,600
larva,33087,32600,10,600
larva,33156,32594,10,600
scarab,33155,32595,10,600
scarab,33155,32597,10,600
larva,33158,32597,10,600
scarab,33155,32598,10,600
larva,33160,32597,10,600
scarab,33227,32595,10,600
scarab,33225,32597,10,600
larva,33222,32598,10,600
scarab,33201,32598,10,600
scarab,33199,32599,10,600
larva,33200,32599,10,600
larva,33203,32600,10,600
larva,33220,32598,10,600
scarab,33288,32596,10,600
scarab,33287,32598,10,600
larva,33289,32598,10,600
larva,33290,32600,10,600
larva,33201,32603,10,600
larva,33266,32599,10,600
larva,33264,32600,10,600
crab,32655,32601,10,600
scarab,33138,32599,10,600
scarab,33138,32601,10,600
larva,33136,32602,10,600
larva,33138,32602,10,600
scarab,33138,32603,10,600
larva,33176,32599,10,600
larva,33177,32601,10,600
scarab,33176,32602,10,600
scarab,33175,32603,10,600
larva,33233,32602,10,600
larva,33234,32603,10,600
larva,33234,32604,10,600
scarab,33120,32605,10,600
scarab,33121,32606,10,600
larva,33120,32607,10,600
larva,33120,32608,10,600
larva,33121,32608,10,600
larva,33084,32606,10,600
scarab,33083,32607,10,600
larva,33087,32607,10,600
larva,33082,32608,10,600
scarab,33078,32610,10,600
scarab,33079,32610,10,600
larva,33084,32610,10,600
larva,33080,32611,10,600
scarab,33080,32612,10,600
larva,33249,32603,10,600
larva,33252,32606,10,600
larva,33252,32610,10,600
larva,33253,32610,10,600
scarab,33274,32606,10,600
larva,33188,32606,10,600
larva,33190,32607,10,600
larva,33192,32607,10,600
scarab,33192,32608,10,600
scarab,33193,32609,10,600
scarab,33243,32606,10,600
scarab,33241,32607,10,600
scarab,33109,32605,10,600
scarab,33109,32608,10,600
scarab,33108,32610,10,600
larva,33106,32611,10,600
larva,33222,32607,10,600
larva,33222,32609,10,600
scarab,33222,32610,10,600
scarab,33221,32611,10,600
larva,33273,32609,10,600
larva,33275,32609,10,600
larva,33278,32610,10,600
swamp troll,32712,32610,10,600
swamp troll,32713,32610,10,600
swamp troll,32715,32610,10,600
swamp troll,32711,32611,10,600
swamp troll,32664,32611,10,600
swamp troll,32664,32613,10,600
larva,33107,32613,10,600
larva,33106,32615,10,600
skeleton,32702,32610,10,600
skeleton,32702,32612,10,600
skeleton,32704,32612,10,600
scarab,33284,32612,10,600
larva,33285,32613,10,600
larva,33282,32610,10,600
larva,33281,32613,10,600
scarab,33296,32611,10,600
larva,33293,32612,10,600
scarab,33296,32613,10,600
larva,33294,32615,10,600
larva,33270,32614,10,600
larva,33269,32615,10,600
scarab,33272,32616,10,600
scarab,33270,32617,10,600
larva,33131,32614,10,600
larva,33129,32615,10,600
scarab,33206,32614,10,600
scarab,33206,32615,10,600
scarab,33209,32615,10,600
larva,33206,32616,10,600
larva,33205,32619,10,600
larva,33295,32617,10,600
scarab,33296,32618,10,600
scarab,33296,32619,10,600
poison spider,32714,32616,10,600
poison spider,32717,32616,10,600
poison spider,32719,32616,10,600
swamp troll,32713,32620,10,600
swamp troll,32710,32617,10,600
swamp troll,32712,32619,10,600
scarab,33087,32619,10,600
larva,33085,32621,10,600
scarab,33087,32621,10,600
larva,33088,32621,10,600
larva,33205,32622,10,600
larva,33225,32617,10,600
larva,33228,32618,10,600
larva,33227,32620,10,600
larva,33229,32620,10,600
larva,33278,32620,10,600
larva,33280,32620,10,600
larva,33090,32623,10,600
larva,33132,32622,10,600
scarab,33134,32622,10,600
larva,33133,32623,10,600
scarab,33134,32623,10,600
larva,33133,32624,10,600
scarab,33134,32624,10,600
beholder,32719,32625,10,600
swamp troll,32710,32624,10,600
swamp troll,32710,32625,10,600
swamp troll,32707,32626,10,600
swamp troll,32703,32627,10,600
scarab,33162,32629,10,600
scarab,33163,32629,10,600
larva,33164,32629,10,600
larva,33161,32630,10,600
larva,33162,32632,10,600
larva,33195,32629,10,600
scarab,33196,32631,10,600
larva,33197,32631,10,600
scarab,33195,32632,10,600
scarab,33078,32631,10,600
larva,33080,32629,10,600
larva,33080,32631,10,600
larva,33214,32631,10,600
larva,33214,32633,10,600
scarab,33269,32631,10,600
larva,33294,32631,10,600
larva,33295,32631,10,600
larva,33294,32633,10,600
scarab,33296,32633,10,600
scarab,33295,32634,10,600
larva,33107,32632,10,600
larva,33109,32634,10,600
larva,33110,32634,10,600
larva,33109,32635,10,600
scarab,33193,32633,10,600
scarab,33092,32633,10,600
scarab,33300,32633,10,600
scarab,33296,32636,10,600
larva,33223,32634,10,600
larva,33222,32635,10,600
larva,33225,32637,10,600
scarab,33249,32634,10,600
larva,33251,32635,10,600
larva,33249,32636,10,600
scarab,33239,32634,10,600
larva,33241,32634,10,600
scarab,33238,32636,10,600
scarab,33241,32637,10,600
larva,33242,32637,10,600
scarab,33237,32638,10,600
larva,33240,32638,10,600
larva,33241,32638,10,600
larva,33271,32636,10,600
larva,33273,32636,10,600
scarab,33275,32637,10,600
larva,33276,32638,10,600
scarab,33277,32638,10,600
scarab,33071,32638,10,600
scarab,33071,32640,10,600
scarab,33072,32640,10,600
larva,33070,32641,10,600
swamp troll,32681,32638,10,600
swamp troll,32677,32639,10,600
swamp troll,32674,32641,10,600
swamp troll,32680,32643,10,600
swamp troll,32673,32644,10,600
larva,33215,32637,10,600
larva,33212,32639,10,600
larva,33213,32639,10,600
larva,33071,32643,10,600
larva,33255,32641,10,600
larva,33256,32641,10,600
larva,33107,32642,10,600
larva,33109,32642,10,600
larva,33109,32645,10,600
scarab,33111,32646,10,600
poison spider,32670,32644,10,600
swamp troll,32687,32645,10,600
swamp troll,32684,32646,10,600
swamp troll,32681,32648,10,600
larva,33185,32647,10,600
scarab,33184,32649,10,600
larva,33187,32649,10,600
larva,33183,32650,10,600
scarab,33186,32650,10,600
scarab,33184,32651,10,600
larva,33080,32645,10,600
larva,33077,32648,10,600
scarab,33074,32649,10,600
larva,33075,32650,10,600
scarab,33112,32648,10,600
larva,33165,32646,10,600
larva,33166,32648,10,600
larva,33169,32648,10,600
scarab,33200,32647,10,600
larva,33203,32648,10,600
larva,33200,32649,10,600
scarab,33201,32649,10,600
larva,33204,32649,10,600
larva,33277,32646,10,600
scarab,33280,32646,10,600
larva,33276,32648,10,600
scarab,33280,32648,10,600
larva,33274,32649,10,600
larva,33280,32649,10,600
scarab,33279,32650,10,600
larva,33155,32651,10,600
larva,33154,32652,10,600
larva,33156,32654,10,600
larva,33242,32651,10,600
scarab,33241,32652,10,600
larva,33243,32652,10,600
scarab,33241,32653,10,600
swamp troll,32679,32655,10,600
swamp troll,32680,32655,10,600
swamp troll,32680,32656,10,600
scarab,33062,32655,10,600
scarab,33063,32656,10,600
larva,33091,32656,10,600
larva,33093,32657,10,600
scarab,33113,32658,10,600
larva,33115,32658,10,600
larva,33115,32659,10,600
scarab,33168,32657,10,600
scarab,33170,32660,10,600
scarab,33171,32660,10,600
larva,33172,32661,10,600
larva,33172,32663,10,600
larva,33268,32657,10,600
scarab,33274,32659,10,600
larva,33270,32660,10,600
scarab,33272,32660,10,600
larva,33268,32661,10,600
larva,33254,32660,10,600
larva,33253,32661,10,600
scarab,33256,32662,10,600
scarab,33242,32662,10,600
scarab,33243,32662,10,600
larva,33084,32663,10,600
larva,33085,32663,10,600
swamp troll,32675,32662,10,600
swamp troll,32675,32663,10,600
swamp troll,32678,32664,10,600
scarab,33053,32664,10,600
scarab,33055,32664,10,600
larva,33067,32664,10,600
larva,33068,32665,10,600
larva,33132,32664,10,600
larva,33130,32666,10,600
larva,33133,32666,10,600
scarab,33211,32666,10,600
larva,33212,32666,10,600
larva,33214,32667,10,600
scarab,33210,32668,10,600
larva,33163,32669,10,600
larva,33164,32669,10,600
scarab,33166,32670,10,600
larva,33162,32671,10,600
scarab,33165,32671,10,600
larva,33227,32667,10,600
larva,33226,32669,10,600
larva,33224,32670,10,600
scarab,33228,32671,10,600
scarab,33226,32673,10,600
larva,33116,32669,10,600
larva,33117,32670,10,600
scarab,33168,32674,10,600
scarab,33231,32670,10,600
swamp troll,32673,32669,10,600
swamp troll,32677,32670,10,600
swamp troll,32674,32673,10,600
swamp troll,32678,32673,10,600
larva,33149,32675,10,600
larva,33150,32676,10,600
scarab,33156,32676,10,600
scarab,33154,32678,10,600
larva,33094,32677,10,600
larva,33096,32677,10,600
scarab,33136,32678,10,600
larva,33139,32678,10,600
scarab,33136,32679,10,600
larva,33138,32680,10,600
larva,33077,32678,10,600
larva,33076,32680,10,600
scarab,33092,32682,10,600
scarab,33093,32682,10,600
larva,33054,32683,10,600
scarab,33055,32683,10,600
scarab,33054,32684,10,600
larva,33056,32684,10,600
scarab,33053,32685,10,600
larva,33053,32687,10,600
larva,33128,32687,10,600
larva,33130,32688,10,600
larva,33129,32689,10,600
larva,33160,32693,10,600
larva,33161,32694,10,600
scarab,33069,32694,10,600
larva,33070,32694,10,600
larva,33067,32695,10,600
scarab,33068,32695,10,600
larva,33070,32697,10,600
larva,33142,32696,10,600
larva,33141,32697,10,600
scarab,33182,32695,10,600
scarab,33183,32697,10,600
larva,33106,32696,10,600
larva,33107,32698,10,600
scarab,33109,32698,10,600
larva,33105,32699,10,600
scarab,33109,32699,10,600
larva,33122,32698,10,600
scarab,33124,32699,10,600
larva,33121,32700,10,600
scarab,33126,32699,10,600
larva,33176,32697,10,600
larva,33178,32699,10,600
larva,33179,32702,10,600
scarab,33174,32703,10,600
scarab,33182,32703,10,600
larva,33159,32705,10,600
larva,33161,32705,10,600
scarab,33093,32704,10,600
scarab,33090,32706,10,600
scarab,33093,32706,10,600
larva,33094,32708,10,600
larva,33096,32710,10,600
scarab,33143,32706,10,600
scarab,33145,32706,10,600
larva,33144,32707,10,600
scarab,33145,32707,10,600
larva,33143,32708,10,600
larva,33109,32709,10,600
scarab,33125,32709,10,600
scarab,33125,32711,10,600
scarab,33127,32711,10,600
scarab,33126,32712,10,600
larva,33127,32712,10,600
larva,33128,32712,10,600
larva,33172,32712,10,600
larva,33170,32714,10,600
scarab,33172,32714,10,600
scarab,33172,32715,10,600
larva,33173,32715,10,600
scarab,33084,32719,10,600
scarab,33084,32721,10,600
larva,33095,32721,10,600
larva,33094,32723,10,600
larva,33136,32722,10,600
scarab,33138,32722,10,600
larva,33136,32723,10,600
scarab,33138,32724,10,600
scarab,33073,32724,10,600
larva,33086,32724,10,600
larva,33088,32726,10,600
scarab,33205,32725,10,600
larva,33222,32723,10,600
scarab,33221,32724,10,600
larva,33220,32725,10,600
scarab,33223,32725,10,600
scarab,33220,32727,10,600
larva,33222,32728,10,600
larva,33208,32728,10,600
larva,33205,32730,10,600
larva,33206,32730,10,600
larva,33245,32730,10,600
larva,33248,32730,10,600
scarab,33247,32731,10,600
scarab,33246,32732,10,600
larva,33248,32733,10,600
larva,33109,32732,10,600
larva,33229,32733,10,600
larva,33227,32735,10,600
larva,33231,32735,10,600
larva,33074,32734,10,600
larva,33071,32736,10,600
larva,33070,32738,10,600
larva,33074,32738,10,600
larva,33104,32735,10,600
scarab,33103,32736,10,600
scarab,33104,32736,10,600
larva,33101,32738,10,600
larva,33102,32738,10,600
larva,33126,32733,10,600
larva,33122,32735,10,600
larva,33124,32736,10,600
scarab,33051,32737,10,600
scarab,33053,32737,10,600
larva,33053,32738,10,600
larva,33050,32739,10,600
larva,33049,32740,10,600
scarab,33142,32739,10,600
larva,33145,32740,10,600
scarab,33147,32740,10,600
scarab,33143,32741,10,600
larva,33145,32742,10,600
scarab,33067,32740,10,600
scarab,33067,32741,10,600
scarab,33141,32740,10,600
scarab,33182,32742,10,600
larva,33187,32742,10,600
larva,33185,32743,10,600
larva,33187,32744,10,600
scarab,33188,32744,10,600
scarab,33185,32745,10,600
larva,33185,32746,10,600
larva,33236,32742,10,600
larva,33235,32743,10,600
larva,33235,32744,10,600
scarab,33238,32744,10,600
larva,33234,32745,10,600
scarab,33240,32745,10,600
scarab,33235,32747,10,600
larva,33083,32745,10,600
larva,33085,32746,10,600
scarab,33108,32745,10,600
scarab,33181,32745,10,600
scarab,33208,32745,10,600
larva,33205,32746,10,600
scarab,33209,32746,10,600
larva,33219,32745,10,600
larva,33217,32747,10,600
larva,33203,32747,10,600
larva,33092,32746,10,600
larva,33092,32747,10,600
scarab,33258,32746,10,600
scarab,33260,32748,10,600
larva,33260,32750,10,600
larva,33259,32751,10,600
larva,33256,32750,10,600
larva,33116,32750,10,600
larva,33116,32752,10,600
scarab,33135,32751,10,600
scarab,33138,32752,10,600
scarab,33139,32755,10,600
larva,33225,32756,10,600
larva,33226,32757,10,600
larva,33224,32758,10,600
larva,33249,32753,10,600
larva,33246,32756,10,600
larva,33243,32758,10,600
larva,33050,32755,10,600
larva,33051,32755,10,600
larva,33053,32755,10,600
larva,33053,32757,10,600
scarab,33084,32757,10,600
larva,33121,32756,10,600
larva,33123,32757,10,600
larva,33175,32757,10,600
scarab,33179,32757,10,600
larva,33175,32758,10,600
larva,33176,32758,10,600
scarab,33176,32759,10,600
scarab,33177,32759,10,600
larva,33109,32759,10,600
scarab,33113,32757,10,600
scarab,33111,32759,10,600
scarab,33205,32760,10,600
scarab,33236,32761,10,600
scarab,33235,32762,10,600
larva,33194,32759,10,600
larva,33193,32760,10,600
larva,33195,32762,10,600
larva,33194,32764,10,600
larva,33256,32762,10,600
larva,33259,32762,10,600
larva,33260,32762,10,600
scarab,33266,32762,10,600
scarab,33264,32764,10,600
scarab,33264,32765,10,600
scarab,33268,32766,10,600
larva,33211,32762,10,600
larva,33212,32765,10,600
larva,33213,32765,10,600
larva,33129,32767,10,600
scarab,33132,32767,10,600
scarab,33133,32768,10,600
scarab,33135,32768,10,600
larva,33130,32769,10,600
scarab,33129,32770,10,600
larva,33071,32770,10,600
larva,33072,32770,10,600
larva,33113,32769,10,600
larva,33115,32770,10,600
larva,33115,32771,10,600
larva,33196,32771,10,600
larva,33198,32771,10,600
larva,33199,32774,10,600
larva,33180,32773,10,600
larva,33177,32775,10,600
scarab,33178,32776,10,600
larva,33181,32776,10,600
larva,33184,32776,10,600
scarab,33180,32777,10,600
larva,33268,32773,10,600
scarab,33271,32775,10,600
larva,33270,32776,10,600
scarab,33102,32774,10,600
scarab,33104,32774,10,600
larva,33247,32773,10,600
larva,33247,32774,10,600
larva,33057,32775,10,600
larva,33057,32776,10,600
scarab,33094,32777,10,600
scarab,33203,32775,10,600
scarab,33203,32777,10,600
larva,33092,32777,10,600
larva,33096,32781,10,600
larva,33097,32783,10,600
larva,33099,32785,10,600
larva,33069,32782,10,600
larva,33068,32783,10,600
larva,33067,32784,10,600
scarab,33069,32787,10,600
larva,33117,32783,10,600
larva,33119,32785,10,600
larva,33219,32784,10,600
larva,33221,32784,10,600
larva,33236,32784,10,600
larva,33235,32787,10,600
larva,33239,32787,10,600
larva,33264,32785,10,600
larva,33265,32786,10,600
larva,33263,32787,10,600
scarab,33266,32787,10,600
scarab,33264,32788,10,600
larva,33083,32785,10,600
larva,33081,32786,10,600
larva,33084,32786,10,600
scarab,33086,32786,10,600
larva,33087,32790,10,600
scarab,33124,32785,10,600
scarab,33121,32786,10,600
scarab,33123,32788,10,600
larva,33191,32786,10,600
larva,33189,32788,10,600
larva,33189,32789,10,600
scarab,33106,32790,10,600
larva,33107,32790,10,600
larva,33109,32790,10,600
scarab,33109,32792,10,600
scarab,33110,32792,10,600
larva,33110,32793,10,600
scarab,33226,32792,10,600
larva,33229,32793,10,600
larva,33228,32794,10,600
larva,33182,32794,10,600
larva,33183,32794,10,600
scarab,33093,32793,10,600
scarab,33095,32795,10,600
larva,33097,32796,10,600
scarab,33168,32794,10,600
scarab,33168,32795,10,600
larva,33170,32795,10,600
larva,33171,32796,10,600
larva,33168,32797,10,600
scarab,33171,32798,10,600
scarab,33178,32797,10,600
scarab,33178,32798,10,600
larva,33236,32799,10,600
larva,33236,32800,10,600
scarab,33194,32801,10,600
larva,33194,32802,10,600
larva,33195,32802,10,600
scarab,33191,32803,10,600
larva,33192,32803,10,600
scarab,33190,32804,10,600
larva,33261,32802,10,600
scarab,33262,32804,10,600
scarab,33260,32805,10,600
larva,33264,32806,10,600
larva,33261,32807,10,600
scarab,33265,32807,10,600
larva,33177,32805,10,600
larva,33178,32806,10,600
larva,33177,32807,10,600
scarab,33176,32808,10,600
scarab,33177,32808,10,600
larva,33261,32809,10,600
larva,33205,32810,10,600
larva,33206,32811,10,600
larva,33209,32813,10,600
scarab,33210,32814,10,600
scarab,33206,32815,10,600
larva,33223,32811,10,600
scarab,33225,32811,10,600
larva,33222,32812,10,600
scarab,33226,32813,10,600
larva,33221,32811,10,600
larva,33248,32811,10,600
larva,33246,32812,10,600
larva,33250,32814,10,600
larva,33250,32815,10,600
scarab,33213,32812,10,600
scarab,33214,32813,10,600
crypt shambler,33150,32831,10,600
mummy,33150,32832,10,600
crypt shambler,33151,32833,10,600
mummy,33148,32834,10,600
scarab,33140,32831,10,600
scarab,33140,32833,10,600
mummy,33140,32836,10,600
mummy,33145,32832,10,600
scarab,33148,32835,10,600
scarab,33149,32835,10,600
mummy,33147,32836,10,600
ghost,33153,32837,10,600
scarab,33149,32838,10,600
vampire,33153,32839,10,600
mummy,33140,32838,10,600
scarab,33143,32840,10,600
cave rat,33260,32835,10,600
cave rat,33259,32836,10,600
cave rat,33258,32837,10,600
dworc fleshhunter,32669,32835,10,600
dworc fleshhunter,32670,32838,10,600
dworc fleshhunter,32666,32840,10,600
dworc fleshhunter,32669,32840,10,600
dworc fleshhunter,32672,32840,10,600
ghost,33154,32839,10,600
mummy,33153,32841,10,600
vampire,33151,32842,10,600
vampire,33152,32842,10,600
mummy,33153,32842,10,600
dworc voodoomaster,32678,32841,10,600
dworc voodoomaster,32680,32841,10,600
dworc venomsniper,32661,32842,10,600
dworc venomsniper,32663,32842,10,600
scarab,33144,32842,10,600
vampire,33140,32843,10,600
scarab,33141,32843,10,600
ghost,33145,32843,10,600
ghost,33145,32844,10,600
scarab,33153,32843,10,600
scarab,33150,32844,10,600
scarab,33152,32847,10,600
mummy,33147,32848,10,600
mummy,33145,32849,10,600
scarab,33154,32849,10,600
dworc voodoomaster,32796,32843,10,600
dworc voodoomaster,32800,32845,10,600
dworc fleshhunter,32804,32846,10,600
dworc fleshhunter,32805,32848,10,600
dworc voodoomaster,32797,32849,10,600
dworc voodoomaster,32800,32849,10,600
mummy,33161,32841,10,600
mummy,33157,32845,10,600
scarab,33158,32846,10,600
scarab,33157,32847,10,600
dworc venomsniper,32681,32845,10,600
dworc venomsniper,32682,32846,10,600
crypt shambler,33140,32847,10,600
crypt shambler,33139,32848,10,600
mummy,33141,32848,10,600
dworc fleshhunter,32808,32848,10,600
mummy,33144,32848,10,600
scarab,33140,32852,10,600
dworc venomsniper,32800,32851,10,600
dworc venomsniper,32800,32853,10,600
dworc venomsniper,32651,32852,10,600
dworc venomsniper,32652,32852,10,600
scarab,33139,32851,10,600
scarab,33139,32852,10,600
dworc fleshhunter,32641,32851,10,600
dworc fleshhunter,32640,32853,10,600
dworc fleshhunter,32658,32852,10,600
dworc fleshhunter,32657,32853,10,600
dworc fleshhunter,32652,32856,10,600
dworc fleshhunter,32657,32857,10,600
dworc fleshhunter,32654,32858,10,600
ghost,33152,32853,10,600
ghost,33154,32854,10,600
ghost,33160,32853,10,600
ghost,33160,32854,10,600
crypt shambler,32762,32855,10,600
dworc voodoomaster,32770,32854,10,600
dworc voodoomaster,32767,32855,10,600
dworc fleshhunter,32766,32858,10,600
dworc voodoomaster,32769,32858,10,600
dworc venomsniper,32756,32858,10,600
dworc venomsniper,32758,32859,10,600
dworc voodoomaster,32659,32860,10,600
dworc fleshhunter,32681,32858,10,600
dworc fleshhunter,32680,32859,10,600
dworc fleshhunter,32679,32860,10,600
dworc fleshhunter,32679,32861,10,600
dworc fleshhunter,32765,32860,10,600
dworc fleshhunter,32762,32861,10,600
dworc fleshhunter,32822,32862,10,600
dworc fleshhunter,32824,32863,10,600
dworc venomsniper,32664,32864,10,600
dworc venomsniper,32666,32864,10,600
dworc fleshhunter,32799,32866,10,600
dworc fleshhunter,32799,32867,10,600
dworc venomsniper,32817,32866,10,600
dworc venomsniper,32816,32867,10,600
dworc venomsniper,32818,32868,10,600
dworc venomsniper,32771,32867,10,600
dworc venomsniper,32771,32869,10,600
dworc venomsniper,32770,32871,10,600
dworc voodoomaster,32824,32869,10,600
dworc voodoomaster,32826,32869,10,600
crypt shambler,32819,32872,10,600
dworc fleshhunter,32834,32871,10,600
dworc fleshhunter,32832,32872,10,600
dworc fleshhunter,32832,32873,10,600
dworc fleshhunter,32667,32875,10,600
dworc fleshhunter,32668,32876,10,600
dworc venomsniper,32568,32880,10,600
dworc venomsniper,32567,32881,10,600
dworc venomsniper,32566,32883,10,600
dworc venomsniper,32787,32881,10,600
dworc venomsniper,32788,32881,10,600
dworc venomsniper,32668,32882,10,600
dworc venomsniper,32669,32884,10,600
dworc voodoomaster,32559,32884,10,600
dworc voodoomaster,32560,32885,10,600
dworc venomsniper,32813,32885,10,600
dworc venomsniper,32812,32886,10,600
dworc voodoomaster,32794,32888,10,600
dworc voodoomaster,32797,32890,10,600
dworc voodoomaster,32793,32891,10,600
dworc venomsniper,32576,32889,10,600
dworc venomsniper,32577,32892,10,600
dworc venomsniper,32579,32892,10,600
dworc voodoomaster,32572,32893,10,600
dworc venomsniper,32577,32894,10,600
dworc venomsniper,32774,32891,10,600
dworc venomsniper,32778,32891,10,600
dworc venomsniper,32775,32892,10,600
dworc venomsniper,32561,32890,10,600
dworc venomsniper,32562,32893,10,600
dworc venomsniper,32565,32895,10,600
dworc venomsniper,32563,32896,10,600
dworc voodoomaster,32571,32894,10,600
dworc fleshhunter,32671,32895,10,600
dworc fleshhunter,32669,32896,10,600
dworc fleshhunter,32756,32893,10,600
dworc fleshhunter,32762,32894,10,600
dworc fleshhunter,32758,32896,10,600
dworc fleshhunter,32756,32898,10,600
dworc fleshhunter,32792,32895,10,600
dworc fleshhunter,32793,32896,10,600
dworc fleshhunter,32797,32897,10,600
dworc fleshhunter,32790,32900,10,600
dworc venomsniper,32568,32901,10,600
dworc venomsniper,32567,32902,10,600
dworc venomsniper,32565,32903,10,600
dworc fleshhunter,32568,32904,10,600
dworc fleshhunter,32571,32905,10,600
dworc fleshhunter,32574,32902,10,600
dworc venomsniper,32757,32905,10,600
dworc venomsniper,32758,32905,10,600
dworc venomsniper,32758,32907,10,600
crypt shambler,32763,32905,10,600
dworc fleshhunter,32679,32903,10,600
dworc fleshhunter,32676,32906,10,600
dworc fleshhunter,32675,32907,10,600
dworc fleshhunter,32789,32912,10,600
dworc fleshhunter,32791,32913,10,600
dworc fleshhunter,32790,32914,10,600
dworc venomsniper,32673,32912,10,600
dworc venomsniper,32672,32913,10,600
dworc voodoomaster,32759,32910,10,600
dworc voodoomaster,32755,32913,10,600
dworc voodoomaster,32756,32913,10,600
centipede,32665,32916,10,600
centipede,32667,32917,10,600
dworc fleshhunter,32678,32918,10,600
centipede,32681,32920,10,600
centipede,32680,32921,10,600
dworc fleshhunter,32679,32923,10,600
dworc voodoomaster,32787,32920,10,600
dworc voodoomaster,32785,32922,10,600
poison spider,32666,32921,10,600
poison spider,32667,32922,10,600
centipede,32666,32924,10,600
dworc fleshhunter,32674,32918,10,600
dworc fleshhunter,32675,32921,10,600
centipede,32671,32923,10,600
dworc venomsniper,32791,32923,10,600
dworc venomsniper,32791,32924,10,600
centipede,32668,32926,10,600
tarantula,32675,32929,10,600
skeleton,32719,31555,11,600
skeleton,32720,31556,11,600
ghoul,32743,31558,11,600
skeleton,32736,31555,11,600
skeleton,32734,31558,11,600
skeleton,32738,31559,11,600
skeleton,32739,31560,11,600
ghoul,32773,31560,11,600
ghoul,32773,31561,11,600
skeleton,32772,31563,11,600
skeleton,32774,31563,11,600
demon skeleton,32777,31561,11,600
skeleton,32755,31557,11,600
skeleton,32751,31558,11,600
skeleton,32750,31561,11,600
skeleton,32753,31562,11,600
ghoul,32750,31563,11,600
ghoul,32750,31564,11,600
skeleton,32756,31565,11,600
skeleton,32773,31565,11,600
rotworm,32514,31565,11,700
rotworm,32515,31565,11,700
skeleton,32765,31560,11,600
skeleton,32764,31564,11,600
skeleton,32761,31565,11,600
skeleton,32765,31566,11,600
skeleton,32760,31569,11,600
rotworm,32821,31567,11,600
rotworm,32823,31567,11,600
skeleton,32823,31569,11,600
ghoul,32714,31568,11,600
ghoul,32714,31570,11,600
skeleton,32761,31575,11,600
ghoul,32762,31575,11,600
skeleton,32760,31577,11,600
ghoul,32763,31577,11,600
skeleton,32756,31578,11,600
skeleton,32766,31578,11,600
ghoul,32766,31579,11,600
demon skeleton,32755,31580,11,600
skeleton,32761,31580,11,600
ghoul,32754,31578,11,600
ghoul,32753,31580,11,600
ghoul,32769,31579,11,600
dragon,32465,31589,11,800
orc shaman,33250,31593,11,600
demon skeleton,33256,31593,11,600
minotaur mage,33257,31593,11,600
priestess,33252,31594,11,750
demon skeleton,33254,31594,11,600
hunter,32427,31592,11,900
hunter,32425,31593,11,900
hunter,32424,31595,11,900
dragon,33151,31593,11,1000
dragon,33150,31594,11,1000
dragon,33153,31595,11,1000
troll,32641,31597,11,600
troll,32640,31598,11,600
elf arcanist,33250,31598,11,600
beholder,33256,31598,11,600
troll,32647,31613,11,600
troll,32647,31614,11,600
troll,32738,31614,11,600
troll,32738,31615,11,600
slime,32508,31617,11,800
troll,32694,31620,11,600
troll,32695,31620,11,600
troll,32445,31622,11,700
minotaur mage,32446,31622,11,800
troll,32447,31622,11,700
troll,32446,31619,11,700
beholder,32502,31622,11,850
troll,32619,31629,11,600
troll,32621,31629,11,600
bug,32504,31631,11,650
bug,32506,31631,11,650
bug,32499,31633,11,650
bug,32508,31635,11,650
bug,32507,31636,11,650
orc warrior,32438,31640,11,600
orc warrior,32437,31641,11,600
minotaur archer,32436,31643,11,750
monk,32436,31644,11,800
wasp,32403,31645,11,700
wasp,32406,31645,11,700
wasp,32411,31648,11,700
wasp,32407,31649,11,700
wasp,32407,31650,11,700
minotaur archer,32437,31646,11,750
minotaur archer,32436,31649,11,750
troll,32633,31646,11,600
troll,32633,31647,11,600
giant spider,33163,31646,11,600
giant spider,33161,31647,11,600
dragon lord,33081,31647,11,1000
dragon lord,33087,31647,11,1000
fire elemental,33288,31648,11,600
giant spider,32470,31649,11,900
cyclops,33314,31647,11,600
cyclops,33316,31649,11,600
troll,32698,31653,11,600
troll,32699,31654,11,600
dragon lord,33083,31653,11,1000
troll,32721,31653,11,600
troll,32718,31654,11,600
troll,32717,31655,11,600
troll,32719,31658,11,600
cyclops,33271,31656,11,600
cyclops,33272,31656,11,600
cyclops,33271,31659,11,600
troll,32650,31657,11,600
troll,32648,31658,11,600
cyclops,33314,31664,11,700
dwarf soldier,33312,31666,11,550
cyclops,33313,31666,11,700
troll,32690,31665,11,600
troll,32691,31666,11,600
troll,32686,31668,11,600
troll,32687,31669,11,600
cyclops,33306,31666,11,600
cyclops,33305,31667,11,600
cyclops,33321,31666,11,600
cyclops,33324,31666,11,600
cyclops,33319,31668,11,600
troll,32668,31667,11,600
troll,32669,31669,11,600
rotworm,32515,31668,11,700
rotworm,32514,31669,11,700
rotworm,32515,31669,11,700
dwarf soldier,33314,31669,11,550
dwarf soldier,33312,31672,11,550
cyclops,33340,31680,11,600
cyclops,33339,31681,11,600
cyclops,33339,31682,11,600
wild warrior,32472,31681,11,700
wild warrior,32470,31682,11,700
wild warrior,32472,31682,11,700
wolf,32475,31682,11,600
wolf,32473,31684,11,600
wild warrior,32474,31684,11,700
dwarf soldier,33261,31682,11,600
dwarf soldier,33263,31683,11,600
cyclops,33252,31682,11,600
cyclops,33255,31683,11,600
cyclops,33255,31684,11,600
troll,32418,31686,11,600
minotaur archer,32418,31687,11,750
troll,32415,31688,11,600
minotaur archer,32419,31689,11,750
troll,32420,31689,11,600
troll,32422,31687,11,600
troll,32418,31692,11,600
cyclops,33312,31689,11,750
cyclops,33312,31691,11,750
cyclops,33314,31692,11,750
cyclops,33312,31694,11,750
fire elemental,33304,31701,11,700
fire elemental,33302,31703,11,700
fire elemental,33305,31703,11,700
dwarf guard,32403,31721,11,900
dwarf guard,32406,31721,11,900
dwarf guard,32407,31722,11,900
dwarf guard,32408,31723,11,900
minotaur archer,32477,31721,11,600
orc berserker,32480,31721,11,600
minotaur archer,32476,31723,11,600
cyclops,32480,31723,11,600
spider,32514,31727,11,600
spider,32517,31727,11,600
spider,32520,31727,11,600
poison spider,32428,31733,11,700
poison spider,32430,31733,11,700
poison spider,32432,31733,11,700
rotworm,33321,31800,11,500
rotworm,33321,31801,11,500
rotworm,33321,31803,11,500
rat,33137,31810,11,600
rat,33138,31812,11,600
rat,33142,31819,11,600
ghoul,32220,31836,11,600
ghoul,32221,31838,11,600
demon skeleton,32229,31836,11,600
skeleton,32239,31841,11,600
skeleton,32237,31842,11,600
poison spider,33164,31855,11,600
poison spider,33163,31856,11,600
poison spider,33162,31857,11,600
poison spider,33163,31857,11,600
orc shaman,33159,31858,11,600
orc shaman,33160,31859,11,600
orc berserker,33158,31860,11,600
orc shaman,33160,31860,11,600
orc berserker,33156,31859,11,600
orc shaman,33156,31862,11,600
skeleton,32231,31860,11,600
skeleton,32232,31861,11,600
skeleton,32233,31862,11,600
rotworm,33266,31860,11,500
ghoul,32238,31862,11,600
ghoul,32239,31862,11,600
stalker,32262,31861,11,600
mummy,32262,31862,11,9999
demon skeleton,32187,31863,11,600
demon skeleton,32190,31864,11,600
demon skeleton,32191,31864,11,600
demon skeleton,32191,31865,11,600
skeleton,32231,31864,11,600
stalker,32259,31864,11,600
stalker,32260,31864,11,600
demon skeleton,32262,31866,11,600
ghost,32263,31866,11,600
demon skeleton,32262,31867,11,600
demon skeleton,32259,31868,11,600
ghoul,32260,31868,11,600
ghoul,32262,31868,11,600
ghost,32265,31864,11,600
ghost,32265,31865,11,600
demon skeleton,32264,31866,11,600
ghoul,32264,31868,11,600
orc shaman,33186,31865,11,600
orc shaman,33188,31867,11,600
orc shaman,33187,31868,11,600
ghoul,32259,31869,11,600
ghoul,32262,31870,11,600
ghoul,32264,31870,11,600
poison spider,33175,31867,11,600
poison spider,33172,31869,11,600
poison spider,33173,31870,11,600
poison spider,33170,31872,11,600
poison spider,33178,31872,11,600
rotworm,33270,31870,11,500
rotworm,33269,31872,11,500
rotworm,33273,31873,11,500
poison spider,33146,31869,11,600
poison spider,33153,31869,11,600
poison spider,33151,31870,11,600
poison spider,33147,31871,11,600
poison spider,33146,31872,11,600
poison spider,33148,31873,11,600
orc shaman,33169,31877,11,600
orc shaman,33170,31878,11,600
orc leader,33171,31880,11,600
orc leader,33171,31881,11,600
orc shaman,33158,31876,11,600
orc shaman,33158,31877,11,600
poison spider,33159,31877,11,600
orc shaman,33157,31879,11,600
poison spider,33161,31879,11,600
orc leader,33161,31881,11,600
poison spider,33163,31878,11,600
poison spider,33163,31879,11,600
rotworm,33264,31879,11,500
dwarf soldier,32440,31879,11,600
dwarf soldier,32443,31880,11,600
dwarf soldier,32446,31883,11,600
dwarf soldier,32444,31884,11,600
dwarf soldier,32539,31880,11,600
dwarf soldier,32536,31881,11,600
dwarf soldier,32539,31882,11,600
dwarf guard,32511,31881,11,600
dwarf soldier,32520,31879,11,600
dwarf soldier,32522,31882,11,600
dwarf soldier,32523,31882,11,600
dwarf soldier,32492,31879,11,600
dwarf soldier,32494,31883,11,600
dwarf soldier,32494,31884,11,600
dwarf soldier,32496,31884,11,600
dwarf soldier,32493,31886,11,600
dwarf guard,32516,31889,11,600
poison spider,33163,31889,11,600
poison spider,33161,31890,11,600
poison spider,33161,31891,11,600
scorpion,32208,31891,11,600
ghoul,32214,31892,11,600
ghoul,32215,31894,11,600
ghoul,32214,31895,11,600
demon skeleton,32206,31894,11,600
demon skeleton,32205,31895,11,600
dwarf guard,32426,31895,11,600
dwarf guard,32488,31893,11,600
dwarf guard,32489,31895,11,600
scorpion,32213,31897,11,600
dwarf soldier,32460,31895,11,600
dwarf soldier,32460,31898,11,600
dwarf soldier,32461,31899,11,600
dwarf soldier,32459,31901,11,600
dwarf soldier,32467,31898,11,600
dwarf soldier,32468,31898,11,600
dwarf soldier,32469,31898,11,600
dwarf soldier,32468,31899,11,600
dwarf soldier,32423,31899,11,600
dwarf soldier,32422,31900,11,600
dwarf soldier,32422,31902,11,600
poison spider,32293,31901,11,600
poison spider,32296,31901,11,600
poison spider,32294,31904,11,600
dwarf guard,32497,31902,11,600
dwarf soldier,32507,31900,11,600
dwarf soldier,32509,31901,11,600
dwarf soldier,32506,31902,11,600
poison spider,32284,31900,11,600
poison spider,32285,31903,11,600
poison spider,32287,31903,11,600
poison spider,32444,31904,11,600
poison spider,32442,31905,11,600
dwarf guard,32532,31907,11,600
dwarf soldier,32532,31908,11,600
dwarf soldier,32531,31905,11,600
dwarf soldier,32534,31907,11,600
dwarf soldier,32535,31907,11,600
poison spider,32293,31907,11,600
poison spider,32289,31909,11,600
poison spider,32293,31912,11,600
poison spider,32292,31913,11,600
poison spider,32297,31909,11,600
poison spider,32298,31909,11,600
poison spider,32300,31911,11,600
scorpion,32215,31908,11,600
scorpion,32216,31910,11,600
scorpion,32233,31908,11,600
scorpion,32231,31910,11,600
scorpion,32234,31911,11,600
dwarf guard,32513,31912,11,600
poison spider,32465,31913,11,600
poison spider,32465,31914,11,600
orc berserker,33177,31912,11,600
orc berserker,33173,31913,11,600
orc berserker,33177,31914,11,600
orc warrior,33179,31914,11,500
orc berserker,33175,31915,11,600
orc warrior,33181,31915,11,500
scorpion,32226,31913,11,600
scorpion,32226,31915,11,600
orc berserker,33159,31914,11,600
orc berserker,33160,31915,11,600
orc warrior,33157,31917,11,300
orc berserker,33161,31918,11,600
dwarf soldier,32487,31916,11,600
dwarf soldier,32487,31917,11,600
dwarf soldier,32488,31918,11,600
dwarf soldier,32488,31919,11,600
dwarf soldier,32485,31921,11,600
orc berserker,33194,31919,11,600
orc berserker,33195,31919,11,600
orc leader,33197,31919,11,600
scorpion,32239,31920,11,600
scorpion,32237,31923,11,600
scorpion,32242,31923,11,600
scorpion,32241,31925,11,600
scorpion,32243,31925,11,600
dwarf soldier,32496,31920,11,600
dwarf soldier,32497,31921,11,600
scorpion,32212,31919,11,600
scorpion,32212,31921,11,600
scorpion,32213,31924,11,600
dwarf guard,32531,31924,11,600
poison spider,32424,31925,11,600
poison spider,32426,31927,11,600
stalker,32176,31926,11,600
ghoul,32172,31927,11,600
ghoul,32171,31928,11,600
scorpion,32233,31930,11,600
scorpion,32233,31931,11,600
scorpion,32234,31932,11,600
scorpion,32229,31934,11,600
skeleton,32180,31931,11,600
scorpion,32217,31927,11,600
scorpion,32217,31929,11,600
scorpion,32219,31931,11,600
scorpion,32220,31932,11,600
scorpion,32245,31929,11,600
scorpion,32243,31930,11,600
scorpion,32244,31931,11,600
dwarf soldier,32457,31929,11,600
dwarf soldier,32451,31931,11,600
dwarf soldier,32453,31931,11,600
dwarf soldier,32450,31932,11,600
orc warrior,33187,31929,11,600
orc leader,33186,31930,11,600
orc leader,33188,31932,11,600
orc warrior,33188,31935,11,600
dwarf guard,32476,31934,11,600
orc berserker,33180,31931,11,600
orc berserker,33184,31931,11,600
orc berserker,33181,31934,11,600
orc warrior,33183,31935,11,600
orc berserker,33185,31936,11,600
orc warrior,33184,31938,11,600
orc warrior,33187,31937,11,600
orc warrior,33189,31940,11,600
orc berserker,33162,31935,11,600
orc berserker,33162,31936,11,600
orc berserker,33163,31938,11,600
scorpion,32228,31935,11,600
scorpion,32231,31937,11,600
dwarf,32666,31938,11,600
dwarf,32666,31939,11,600
dwarf,32668,31941,11,600
demon skeleton,32169,31939,11,600
ghoul,32178,31939,11,600
dwarf soldier,32426,31935,11,600
dwarf soldier,32422,31939,11,600
dwarf soldier,32421,31943,11,600
dwarf soldier,32423,31943,11,600
dwarf soldier,32516,31939,11,600
dwarf soldier,32514,31941,11,600
poison spider,32532,31940,11,600
poison spider,32534,31941,11,600
poison spider,32533,31942,11,600
dwarf soldier,32465,31940,11,600
dwarf soldier,32466,31941,11,600
dwarf soldier,32464,31943,11,600
dwarf soldier,32463,31945,11,600
dwarf soldier,32491,31943,11,600
dwarf soldier,32492,31944,11,600
dwarf soldier,32493,31947,11,600
dwarf guard,32482,31945,11,600
cave rat,32373,31945,11,600
cave rat,32372,31948,11,600
cave rat,32373,31948,11,600
black knight,32874,31948,11,2000
beholder,32869,31949,11,800
beholder,32880,31949,11,800
dwarf soldier,32451,31948,11,600
dwarf soldier,32447,31949,11,600
dwarf soldier,32450,31950,11,600
scorpion,32874,31950,11,600
scorpion,32874,31952,11,600
scorpion,32875,31952,11,600
dwarf guard,32422,31951,11,600
dwarf soldier,32527,31949,11,600
dwarf soldier,32525,31953,11,600
dwarf soldier,32527,31953,11,600
dwarf soldier,32525,31955,11,600
dwarf soldier,32422,31954,11,600
dwarf soldier,32423,31954,11,600
dwarf soldier,32422,31956,11,600
dwarf soldier,32421,31958,11,600
dwarf soldier,32539,31959,11,600
dwarf soldier,32540,31960,11,600
dwarf soldier,32540,31962,11,600
dwarf soldier,32540,31963,11,600
dwarf soldier,32487,31962,11,600
dwarf soldier,32487,31964,11,600
dwarf soldier,32483,31965,11,600
dwarf soldier,32483,31967,11,600
dwarf guard,32511,31972,11,600
wasp,32737,31972,11,300
wasp,32742,31972,11,300
wasp,32747,31972,11,500
dwarf soldier,32537,31973,11,600
dwarf soldier,32538,31974,11,600
dwarf soldier,32538,31975,11,600
dwarf soldier,32535,31976,11,600
dwarf soldier,32545,31976,11,600
dwarf soldier,32548,31977,11,600
dwarf soldier,32548,31978,11,600
dwarf soldier,32549,31981,11,600
dwarf soldier,32502,31978,11,600
dwarf soldier,32504,31978,11,600
dwarf soldier,32504,31981,11,600
dwarf soldier,32506,31981,11,600
dwarf soldier,32526,31975,11,600
dwarf soldier,32528,31975,11,600
dwarf soldier,32530,31975,11,600
dwarf soldier,32521,31978,11,600
dwarf soldier,32525,31978,11,600
dwarf soldier,32492,31977,11,600
dwarf soldier,32493,31979,11,600
dwarf soldier,32496,31980,11,600
dwarf soldier,32515,31980,11,600
dwarf soldier,32514,31981,11,600
dwarf soldier,32515,31981,11,600
beholder,32877,31980,11,600
wasp,32737,31982,11,300
wasp,32747,31982,11,400
cave rat,32386,31979,11,600
cave rat,32382,31982,11,600
cave rat,32383,31983,11,600
cave rat,32382,31985,11,600
dwarf soldier,32442,31981,11,600
dwarf soldier,32442,31983,11,600
dwarf soldier,32442,31986,11,600
dwarf soldier,32547,31984,11,600
dwarf soldier,32546,31985,11,600
dwarf soldier,32549,31988,11,600
dwarf guard,32433,31985,11,600
beholder,32862,31986,11,1001
dwarf soldier,32431,31986,11,600
dwarf soldier,32428,31988,11,600
dwarf soldier,32426,31989,11,600
dwarf guard,32527,31989,11,600
cave rat,32394,31990,11,600
cave rat,32396,31990,11,600
dwarf soldier,32473,31990,11,600
dwarf soldier,32475,31990,11,600
dwarf soldier,32474,31991,11,600
dwarf soldier,32474,31992,11,600
poison spider,32456,31991,11,600
poison spider,32458,31991,11,600
dwarf soldier,32490,31990,11,600
dwarf soldier,32491,31991,11,600
dwarf soldier,32488,31992,11,600
dwarf guard,32489,31992,11,600
dwarf soldier,32492,31993,11,600
dwarf guard,32551,31994,11,600
beholder,32886,31997,11,1000
beholder,32876,32007,11,888
rotworm,32717,32009,11,500
rotworm,32716,32011,11,500
rotworm,32715,32012,11,500
mummy,32773,32008,11,800
mummy,32775,32009,11,800
mummy,32776,32009,11,800
mummy,32776,32010,11,800
mummy,32774,32012,11,800
poison spider,32433,32015,11,600
poison spider,32431,32017,11,600
poison spider,32430,32018,11,600
cave rat,32372,32018,11,600
cave rat,32372,32019,11,600
cave rat,32374,32019,11,600
cave rat,32400,32018,11,600
cave rat,32402,32022,11,600
cave rat,32404,32023,11,600
cave rat,32403,32024,11,600
orc,32120,32049,11,600
orc,32121,32050,11,600
orc,32122,32051,11,600
skeleton,32076,32051,11,600
poison spider,32442,32049,11,600
poison spider,32440,32051,11,600
poison spider,32380,32052,11,600
poison spider,32379,32053,11,600
poison spider,32379,32055,11,600
skeleton,32083,32054,11,600
skeleton,32082,32055,11,600
minotaur,32122,32057,11,600
minotaur,32124,32058,11,600
orc,32115,32062,11,600
wolf,32118,32063,11,600
wolf,32116,32065,11,600
wolf,32132,32063,11,600
wolf,32134,32063,11,600
orc,32132,32064,11,600
orc,32112,32063,11,600
orc,32113,32064,11,600
orc,32130,32066,11,600
cave rat,32376,32073,11,600
cave rat,32376,32074,11,600
fire devil,32583,32075,11,600
fire devil,32582,32077,11,600
poison spider,32061,32080,11,600
orc warrior,32662,32089,11,800
orc warrior,32664,32090,11,800
orc,32658,32091,11,800
orc warrior,32661,32091,11,800
orc berserker,32663,32093,11,900
fire devil,32590,32089,11,600
fire devil,32591,32090,11,600
orc,32656,32090,11,800
orc,32657,32094,11,800
orc berserker,32662,32095,11,900
poison spider,32066,32094,11,600
bear,32144,32098,11,600
scorpion,32698,32101,11,400
scorpion,32696,32102,11,400
scorpion,32698,32102,11,400
scorpion,32701,32102,11,400
scorpion,32701,32103,11,400
scorpion,32699,32104,11,400
fire devil,32582,32103,11,600
orc,32134,32105,11,600
orc,32134,32106,11,600
orc,32135,32106,11,600
orc,32137,32109,11,600
minotaur,32150,32108,11,600
spider,32633,32115,11,500
spider,32633,32117,11,500
skeleton,32040,32118,11,600
rat,31995,32131,11,300
rat,31996,32131,11,300
rat,31999,32131,11,300
rotworm,32379,32133,11,500
rat,31978,32136,11,600
rat,31978,32137,11,600
rotworm,32373,32138,11,800
rat,32031,32141,11,200
rat,32030,32142,11,200
rat,32015,32143,11,300
rat,32016,32143,11,300
rotworm,32391,32141,11,500
rotworm,32392,32143,11,500
rotworm,32393,32143,11,500
rat,31994,32144,11,350
rat,31995,32145,11,350
rotworm,32379,32145,11,500
rotworm,32378,32147,11,500
skeleton,32176,32144,11,600
skeleton,32174,32146,11,600
rotworm,32174,32147,11,600
ghoul,32169,32147,11,600
minotaur archer,32668,32148,11,600
minotaur archer,32668,32150,11,600
rat,32038,32148,11,200
rat,32037,32149,11,200
minotaur archer,32660,32149,11,600
minotaur archer,32660,32150,11,600
orc berserker,32657,32152,11,600
orc berserker,32662,32152,11,600
rotworm,32350,32146,11,300
rotworm,32351,32150,11,300
rotworm,32348,32151,11,300
rotworm,32354,32151,11,300
rotworm,32350,32154,11,450
rotworm,32356,32157,11,300
rotworm,32358,32157,11,300
rotworm,32349,32158,11,450
orc berserker,32656,32152,11,600
rat,31978,32151,11,200
rat,31977,32153,11,200
rat,31977,32155,11,200
rat,32022,32152,11,200
rat,32024,32153,11,200
rat,32023,32154,11,200
rat,32047,32152,11,200
rat,32045,32154,11,200
rat,32056,32154,11,200
rat,32058,32154,11,200
minotaur guard,32664,32154,11,600
minotaur guard,32666,32154,11,600
minotaur mage,32676,32153,11,600
minotaur mage,32677,32155,11,600
rotworm,32349,32160,11,450
rotworm,32348,32162,11,450
rat,31990,32159,11,300
rat,31988,32160,11,300
rat,32005,32160,11,400
rat,32004,32161,11,400
slime,32405,32160,11,600
poison spider,31952,32163,11,400
poison spider,31953,32163,11,400
poison spider,31953,32164,11,400
poison spider,31955,32167,11,400
poison spider,32390,32163,11,600
poison spider,32389,32165,11,600
rat,31980,32162,11,300
rat,31982,32164,11,300
rat,32014,32165,11,600
slime,32408,32167,11,1300
slime,32407,32168,11,1300
poison spider,32396,32174,11,600
poison spider,32393,32177,11,600
poison spider,32394,32177,11,600
rat,32007,32175,11,300
rat,32008,32177,11,300
rat,32007,32178,11,300
bug,31945,32175,11,600
spider,31946,32175,11,400
spider,31946,32177,11,400
bug,31943,32178,11,600
poison spider,31946,32179,11,600
spider,31943,32180,11,400
bug,31942,32181,11,600
rat,31993,32177,11,600
poison spider,32388,32177,11,600
poison spider,32385,32179,11,600
poison spider,32386,32179,11,600
poison spider,32389,32183,11,600
poison spider,32087,32184,11,600
poison spider,32390,32184,11,600
poison spider,32390,32186,11,600
rat,32012,32187,11,600
poison spider,32049,32190,11,600
poison spider,32049,32192,11,600
poison spider,32052,32192,11,600
poison spider,32053,32194,11,600
demon skeleton,32553,32194,11,600
rotworm,32529,32196,11,600
rotworm,32528,32197,11,600
ghoul,32552,32196,11,600
ghoul,32558,32197,11,600
ghoul,32551,32198,11,600
ghoul,32553,32198,11,600
ghoul,32547,32199,11,600
ghoul,32558,32201,11,600
spider,32057,32199,11,600
spider,32058,32199,11,600
spider,32060,32199,11,600
poison spider,32060,32200,11,600
poison spider,32061,32200,11,600
orc spearman,32397,32199,11,600
orc spearman,32396,32201,11,600
orc spearman,32396,32203,11,600
orc,31998,32203,11,600
rotworm,32425,32204,11,600
rotworm,32425,32206,11,600
ghoul,32551,32206,11,600
ghoul,32550,32208,11,600
ghoul,32550,32209,11,600
ghoul,32559,32209,11,600
ghoul,32557,32210,11,600
orc spearman,32395,32212,11,600
orc spearman,32394,32213,11,600
orc spearman,32391,32216,11,600
orc warrior,32393,32216,11,600
orc warrior,32395,32216,11,600
orc,32399,32210,11,600
orc,32401,32212,11,600
orc,32399,32213,11,600
rotworm,32484,32212,11,600
rotworm,32486,32214,11,600
rotworm,32484,32215,11,600
orc spearman,32376,32218,11,500
orc spearman,32378,32218,11,500
orc warrior,32377,32220,11,680
orc spearman,32378,32220,11,500
orc warrior,32376,32222,11,680
troll,31995,32218,11,600
troll,31994,32220,11,600
orc,31995,32220,11,600
orc,32375,32223,11,350
orc,32370,32222,11,350
orc,32371,32222,11,350
orc,32370,32224,11,350
orc,32372,32224,11,350
orc,32366,32228,11,350
goblin,31990,32225,11,600
goblin,31996,32225,11,600
goblin,31990,32227,11,600
goblin,31996,32227,11,600
goblin,32015,32227,11,600
goblin,31990,32229,11,600
goblin,31996,32229,11,600
goblin,32023,32231,11,600
goblin,32024,32231,11,600
fire devil,32411,32232,11,600
cave rat,32015,32238,11,600
cave rat,32016,32238,11,600
cave rat,32015,32239,11,600
beholder,32440,32239,11,800
beholder,32442,32241,11,800
beholder,32443,32242,11,800
goblin,32012,32249,11,600
goblin,32013,32251,11,600
skeleton,32472,32274,11,600
skeleton,32466,32276,11,600
skeleton,32469,32276,11,600
mummy,33314,32278,11,2000
minotaur mage,33302,32279,11,600
minotaur mage,33299,32280,11,600
minotaur mage,33305,32280,11,600
rotworm,32476,32281,11,1100
rotworm,32478,32284,11,1100
rotworm,32479,32284,11,1100
rotworm,32480,32285,11,1100
rotworm,32462,32281,11,600
rotworm,32464,32282,11,600
rotworm,32462,32284,11,600
fire devil,32774,32284,11,600
minotaur mage,33304,32285,11,600
minotaur mage,33303,32287,11,600
minotaur guard,33313,32287,11,600
minotaur mage,33314,32288,11,600
minotaur guard,33308,32291,11,600
minotaur mage,33309,32291,11,600
minotaur guard,33307,32292,11,600
minotaur mage,33307,32293,11,600
minotaur guard,33314,32290,11,600
minotaur guard,33315,32290,11,600
minotaur guard,33313,32291,11,600
minotaur archer,33304,32293,11,600
minotaur archer,33303,32292,11,600
demon skeleton,32857,32325,11,600
demon skeleton,32855,32327,11,600
demon skeleton,32852,32328,11,600
demon skeleton,32857,32328,11,600
demon skeleton,32883,32366,11,600
demon skeleton,32886,32366,11,600
demon skeleton,32888,32368,11,600
ghoul,33015,32383,11,600
ghoul,33014,32385,11,600
ghoul,33015,32385,11,600
mummy,33004,32397,11,600
mummy,33005,32397,11,600
stalker,33012,32398,11,600
ghoul,33029,32397,11,600
ghoul,33026,32398,11,600
ghoul,33026,32399,11,600
ghoul,32991,32399,11,600
ghoul,32994,32399,11,600
ghoul,32992,32402,11,600
stalker,33043,32398,11,600
ghost,33045,32399,11,600
stalker,33046,32399,11,600
ghost,33047,32399,11,600
stalker,33045,32400,11,600
demon skeleton,32999,32408,11,600
demon skeleton,33000,32408,11,600
demon skeleton,33000,32410,11,600
mummy,33003,32412,11,600
demon skeleton,33035,32411,11,600
demon skeleton,33036,32412,11,600
mummy,33004,32413,11,600
ghoul,33012,32420,11,600
ghoul,33013,32421,11,600
demon skeleton,33015,32422,11,600
demon skeleton,33016,32420,11,600
demon skeleton,33015,32425,11,600
stalker,32989,32427,11,600
mummy,33024,32428,11,600
mummy,33025,32429,11,600
skeleton,33102,32429,11,600
skeleton,33103,32429,11,600
skeleton,33099,32432,11,600
ghoul,32996,32430,11,600
ghoul,32995,32431,11,600
demon skeleton,33040,32434,11,600
demon skeleton,33042,32435,11,600
demon skeleton,33041,32436,11,600
demon skeleton,32986,32437,11,600
demon skeleton,32987,32437,11,600
demon skeleton,32988,32437,11,600
demon skeleton,32991,32437,11,600
skeleton,33095,32444,11,600
skeleton,33093,32445,11,600
demon skeleton,33027,32445,11,600
ghost,33024,32447,11,600
demon skeleton,33025,32447,11,600
ghost,33026,32447,11,600
demon skeleton,33025,32448,11,600
ghost,33026,32450,11,600
demon skeleton,33029,32450,11,600
demon skeleton,33025,32451,11,600
ghost,33069,32456,11,900
ghost,33071,32457,11,900
vampire,33055,32468,11,1000
serpent spawn,32757,32501,11,600
serpent spawn,32752,32503,11,600
serpent spawn,32756,32504,11,600
serpent spawn,32756,32507,11,600
hydra,32798,32510,11,600
hydra,32797,32512,11,600
bonebeast,32797,32513,11,600
scarab,33242,32515,11,600
ancient scarab,33243,32516,11,600
scarab,33245,32517,11,600
scarab,33243,32520,11,600
bonebeast,32798,32516,11,600
bonebeast,32801,32518,11,600
bonebeast,32804,32518,11,600
bonebeast,32800,32522,11,600
scarab,33228,32519,11,600
scarab,33227,32520,11,600
larva,33224,32521,11,600
scarab,33228,32521,11,600
ancient scarab,33231,32521,11,600
scarab,33226,32522,11,600
ancient scarab,33231,32522,11,600
larva,33223,32524,11,600
bonebeast,32827,32519,11,600
bonebeast,32824,32520,11,600
bonebeast,32827,32520,11,600
larva,33221,32519,11,600
ancient scarab,33234,32522,11,600
bonebeast,32754,32525,11,600
bonebeast,32754,32527,11,600
bonebeast,32756,32529,11,600
serpent spawn,32832,32527,11,600
skeleton,33019,32529,11,600
skeleton,33018,32531,11,600
snake,33020,32532,11,600
snake,33022,32532,11,600
snake,33023,32529,11,600
snake,33023,32532,11,600
ancient scarab,33213,32534,11,600
larva,33216,32534,11,600
larva,33217,32534,11,600
hyaena,33070,32533,11,600
hyaena,33068,32534,11,600
hyaena,33067,32535,11,600
hyaena,33069,32537,11,600
hyaena,33067,32539,11,600
scarab,33222,32534,11,600
scarab,33223,32535,11,600
scarab,33225,32535,11,600
ancient scarab,33228,32538,11,600
skeleton,33051,32537,11,600
skeleton,33049,32540,11,600
skeleton,33054,32540,11,600
skeleton,33034,32536,11,600
skeleton,33032,32537,11,600
skeleton,33035,32538,11,600
scarab,33262,32538,11,600
ancient scarab,33265,32538,11,600
scarab,33264,32539,11,600
ancient scarab,33266,32540,11,600
scarab,33264,32541,11,600
bonebeast,32844,32540,11,600
bonebeast,32845,32542,11,600
bonebeast,32844,32543,11,600
scarab,33247,32539,11,600
scarab,33245,32540,11,600
ancient scarab,33268,32539,11,600
hydra,32798,32542,11,600
hydra,32799,32542,11,600
ancient scarab,33251,32543,11,600
larva,33261,32544,11,600
larva,33263,32546,11,600
larva,33264,32547,11,600
cave rat,33011,32543,11,600
cave rat,33008,32545,11,600
poison spider,33007,32548,11,600
cave rat,33008,32548,11,600
poison spider,33009,32549,11,600
larva,33083,32546,11,600
larva,33084,32548,11,600
scarab,33213,32544,11,600
scarab,33213,32545,11,600
scarab,33210,32546,11,600
ancient scarab,33212,32547,11,600
ancient scarab,33213,32548,11,600
ancient scarab,33212,32550,11,600
serpent spawn,32749,32550,11,600
serpent spawn,32746,32552,11,600
serpent spawn,32749,32553,11,600
serpent spawn,32799,32550,11,600
poison spider,33006,32550,11,600
poison spider,33083,32550,11,600
poison spider,33082,32551,11,600
poison spider,33084,32551,11,600
poison spider,33085,32552,11,600
skeleton,33291,32550,11,600
skeleton,33292,32552,11,600
larva,33046,32552,11,600
larva,33045,32554,11,600
hydra,32784,32554,11,600
hydra,32782,32555,11,600
hydra,32785,32555,11,600
ancient scarab,33232,32555,11,600
hydra,32820,32555,11,600
hydra,32817,32557,11,600
hydra,32814,32558,11,600
hydra,32848,32558,11,600
hydra,32849,32558,11,600
hydra,32803,32558,11,600
hydra,32800,32559,11,600
hydra,32799,32561,11,600
hydra,32800,32563,11,600
snake,33011,32561,11,600
snake,33013,32563,11,600
ghoul,33011,32564,11,900
snake,33013,32564,11,600
larva,33077,32561,11,600
larva,33080,32561,11,600
larva,33081,32562,11,600
skeleton,33072,32561,11,600
skeleton,33072,32563,11,600
skeleton,33073,32563,11,600
bonebeast,32874,32564,11,600
bonebeast,32876,32564,11,600
bonebeast,32877,32564,11,600
bonebeast,32881,32565,11,600
skeleton,33034,32563,11,600
skeleton,33031,32564,11,600
skeleton,33034,32564,11,600
larva,33220,32563,11,600
scarab,33223,32566,11,600
scarab,33224,32566,11,600
scarab,33223,32567,11,600
ancient scarab,33225,32568,11,600
larva,33221,32570,11,600
ancient scarab,33223,32570,11,600
larva,33218,32567,11,600
larva,33215,32571,11,600
hydra,32800,32573,11,600
poison spider,32976,32573,11,600
poison spider,32974,32574,11,600
cobra,32977,32574,11,600
poison spider,32975,32576,11,600
poison spider,32983,32574,11,600
cobra,32979,32575,11,600
poison spider,32980,32576,11,600
poison spider,32986,32576,11,600
bonebeast,32838,32583,11,600
bonebeast,32835,32584,11,600
bonebeast,32842,32585,11,600
bonebeast,32841,32587,11,600
larva,33046,32582,11,600
larva,33046,32583,11,600
bonebeast,32752,32583,11,600
bonebeast,32754,32584,11,600
bonebeast,32811,32583,11,600
bonebeast,32812,32586,11,600
bonebeast,32814,32587,11,600
hydra,32843,32589,11,600
hydra,32845,32590,11,600
skeleton,33020,32588,11,600
skeleton,33023,32589,11,600
skeleton,33026,32591,11,600
skeleton,33027,32591,11,600
hydra,32771,32590,11,600
hydra,32773,32591,11,600
giant spider,32884,32587,11,600
giant spider,32879,32589,11,600
giant spider,32882,32590,11,600
giant spider,32886,32592,11,600
skeleton,32949,32589,11,600
skeleton,32950,32591,11,600
skeleton,32990,32592,11,600
skeleton,32991,32592,11,600
skeleton,33005,32589,11,600
skeleton,33005,32592,11,600
skeleton,33005,32595,11,600
snake,32980,32594,11,600
snake,32980,32596,11,600
snake,32982,32596,11,600
snake,32977,32598,11,600
ghoul,33126,32596,11,600
cobra,32962,32598,11,600
poison spider,33128,32597,11,600
poison spider,33125,32598,11,600
poison spider,33125,32601,11,600
skeleton,33043,32597,11,600
snake,33043,32598,11,600
skeleton,33041,32599,11,600
snake,33044,32599,11,600
skeleton,33042,32601,11,600
skeleton,33108,32599,11,600
skeleton,33110,32600,11,600
hyaena,32949,32600,11,600
hyaena,32952,32601,11,600
hyaena,32952,32602,11,600
dwarf,33157,32603,11,600
amazon,33158,32604,11,600
elf,33159,32603,11,600
skeleton,33171,32601,11,600
skeleton,33172,32603,11,600
skeleton,33174,32606,11,600
snake,32999,32604,11,600
snake,32998,32605,11,600
skeleton,32998,32606,11,600
skeleton,32999,32607,11,600
snake,33001,32607,11,600
skeleton,33015,32606,11,600
skeleton,33018,32606,11,600
skeleton,33017,32609,11,600
skeleton,33068,32606,11,600
skeleton,33066,32608,11,600
skeleton,33108,32606,11,600
skeleton,33108,32607,11,600
skeleton,33138,32610,11,600
skeleton,33142,32610,11,600
skeleton,33145,32610,11,600
skeleton,33141,32615,11,600
skeleton,33143,32615,11,600
bonebeast,32781,32609,11,600
bonebeast,32780,32611,11,600
skeleton,33052,32610,11,600
skeleton,33054,32611,11,600
skeleton,33057,32612,11,600
scorpion,33171,32613,11,600
larva,32956,32614,11,600
larva,32954,32617,11,600
larva,32958,32617,11,600
snake,33162,32613,11,600
snake,33162,32614,11,600
snake,33162,32615,11,600
snake,33163,32616,11,600
bonebeast,32878,32614,11,600
bonebeast,32876,32615,11,600
bonebeast,32873,32617,11,600
larva,33017,32615,11,600
skeleton,33109,32615,11,600
skeleton,33108,32617,11,600
serpent spawn,32808,32618,11,600
serpent spawn,32808,32620,11,600
serpent spawn,32811,32620,11,600
poison spider,33020,32618,11,600
poison spider,33023,32618,11,600
poison spider,33019,32621,11,600
serpent spawn,32840,32620,11,600
serpent spawn,32841,32620,11,600
hydra,32846,32620,11,600
poison spider,32988,32620,11,600
poison spider,32987,32621,11,600
skeleton,32986,32622,11,600
skeleton,32988,32622,11,600
hyaena,33002,32622,11,600
hyaena,33005,32622,11,600
skeleton,32999,32623,11,600
hyaena,33004,32623,11,600
skeleton,32999,32625,11,600
skeleton,33130,32621,11,600
skeleton,33130,32622,11,600
hyaena,32961,32624,11,600
hyaena,32958,32625,11,600
hyaena,32960,32626,11,600
skeleton,33037,32626,11,600
skeleton,33034,32627,11,600
skeleton,33034,32628,11,600
skeleton,33174,32626,11,600
skeleton,33177,32628,11,600
skeleton,33180,32630,11,600
skeleton,33173,32631,11,600
snake,32959,32629,11,600
snake,32960,32629,11,600
snake,32961,32629,11,600
hyaena,33018,32628,11,600
hyaena,33020,32628,11,600
hyaena,33018,32630,11,600
hyaena,33021,32634,11,600
hyaena,33124,32628,11,600
hyaena,33124,32629,11,600
hyaena,33127,32630,11,600
skeleton,33154,32628,11,600
skeleton,33155,32630,11,600
ghoul,33158,32630,11,600
serpent spawn,32843,32632,11,600
serpent spawn,32845,32632,11,600
poison spider,33147,32637,11,600
poison spider,33147,32638,11,600
snake,33164,32638,11,600
snake,33165,32638,11,600
snake,33164,32639,11,600
larva,32974,32644,11,600
skeleton,32977,32644,11,600
skeleton,32980,32645,11,600
skeleton,32978,32646,11,600
skeleton,33183,32643,11,600
skeleton,33183,32644,11,600
snake,33182,32645,11,600
snake,33184,32646,11,600
skeleton,33180,32647,11,600
snake,33184,32647,11,600
skeleton,33013,32646,11,600
skeleton,33016,32646,11,600
skeleton,33014,32648,11,600
hydra,32837,32652,11,600
hydra,32839,32652,11,600
serpent spawn,32849,32652,11,600
serpent spawn,32847,32654,11,600
scarab,33058,32652,11,600
scarab,33059,32654,11,600
ancient scarab,33095,32652,11,600
ancient scarab,33095,32653,11,600
scarab,33066,32654,11,600
scarab,33068,32654,11,600
scarab,33067,32657,11,600
hyaena,33003,32655,11,600
hyaena,33003,32656,11,600
skeleton,33002,32658,11,600
skeleton,33004,32659,11,600
snake,33009,32656,11,600
snake,33007,32657,11,600
ghoul,33261,32656,11,600
ghoul,33262,32656,11,600
skeleton,33262,32657,11,600
skeleton,33262,32658,11,600
ancient scarab,33063,32657,11,600
skeleton,33138,32658,11,600
skeleton,33139,32660,11,600
skeleton,33155,32657,11,600
skeleton,33156,32658,11,600
hyaena,33184,32658,11,600
hyaena,33185,32658,11,600
snake,33167,32656,11,600
poison spider,33170,32656,11,600
snake,33169,32657,11,600
snake,33167,32659,11,600
poison spider,33171,32663,11,600
poison spider,33172,32655,11,600
poison spider,33173,32659,11,600
skeleton,33261,32660,11,600
skeleton,33002,32661,11,600
larva,33006,32664,11,600
poison spider,33009,32661,11,600
poison spider,33011,32661,11,600
poison spider,33011,32662,11,600
larva,33008,32663,11,600
scarab,33072,32662,11,600
scarab,33072,32663,11,600
scarab,33074,32664,11,600
ancient scarab,33069,32666,11,600
ancient scarab,33070,32667,11,600
ancient scarab,33051,32664,11,600
ancient scarab,33052,32664,11,600
scarab,33049,32667,11,600
scarab,33052,32667,11,600
scarab,33084,32664,11,600
scarab,33084,32665,11,600
scarab,33086,32665,11,600
ancient scarab,33088,32665,11,600
ancient scarab,33090,32666,11,600
scarab,33066,32665,11,600
scarab,33065,32667,11,600
ancient scarab,33068,32669,11,600
beholder,33227,32666,11,900
scarab,33048,32669,11,600
skeleton,33149,32666,11,600
skeleton,33147,32668,11,600
ancient scarab,33038,32668,11,600
ancient scarab,33037,32670,11,600
scarab,33039,32671,11,600
scarab,33039,32672,11,600
scarab,33038,32675,11,600
larva,33075,32676,11,600
ancient scarab,33078,32676,11,600
larva,33076,32677,11,600
larva,33077,32678,11,600
ancient scarab,33080,32678,11,600
larva,33075,32680,11,600
ancient scarab,33076,32681,11,600
scarab,33078,32682,11,600
scarab,33080,32682,11,600
scarab,33062,32678,11,600
scarab,33062,32680,11,600
ancient scarab,33064,32680,11,600
scarab,33065,32680,11,600
larva,33066,32682,11,600
ancient scarab,33083,32682,11,600
larva,33066,32683,11,600
scarab,33080,32684,11,600
scarab,33095,32680,11,600
ancient scarab,33094,32682,11,600
scarab,33096,32682,11,600
ancient scarab,33095,32684,11,600
ancient scarab,33094,32685,11,600
ghoul,33219,32681,11,600
ghoul,33219,32682,11,600
skeleton,33216,32683,11,600
skeleton,33217,32684,11,600
scarab,33093,32689,11,600
skeleton,33192,32685,11,600
skeleton,33193,32686,11,600
scarab,33093,32690,11,600
skeleton,33197,32689,11,600
skeleton,33197,32690,11,600
ghoul,33257,32689,11,600
ghoul,33258,32690,11,600
ghoul,33259,32691,11,600
skeleton,33255,32694,11,600
skeleton,33256,32694,11,600
skeleton,33244,32692,11,600
skeleton,33244,32694,11,600
skeleton,33193,32693,11,600
skeleton,33193,32694,11,600
scarab,33338,32701,11,800
larva,33335,32700,11,600
larva,33336,32701,11,600
larva,33335,32702,11,600
skeleton,33279,32707,11,600
skeleton,33281,32708,11,600
skeleton,33278,32709,11,600
skeleton,33279,32712,11,600
ghoul,33250,32710,11,600
ghoul,33249,32711,11,600
ghoul,33197,32711,11,600
ghoul,33195,32712,11,600
skeleton,33198,32712,11,600
skeleton,33194,32714,11,600
skeleton,33194,32716,11,600
skeleton,33200,32716,11,600
crypt shambler,33218,32712,11,600
skeleton,33245,32712,11,600
skeleton,33244,32713,11,600
larva,33332,32712,11,600
larva,33334,32713,11,600
larva,33341,32710,11,600
larva,33343,32712,11,600
skeleton,33259,32715,11,600
ghoul,33263,32715,11,600
skeleton,33259,32717,11,600
skeleton,33258,32718,11,600
ghoul,33264,32713,11,600
ghoul,33264,32716,11,600
cave rat,33234,32714,11,600
cave rat,33235,32717,11,600
cave rat,33237,32717,11,600
skeleton,33316,32720,11,600
skeleton,33317,32720,11,600
larva,33314,32722,11,600
skeleton,33314,32723,11,600
larva,33315,32724,11,600
larva,33316,32724,11,600
ghoul,33359,32721,11,900
scarab,33182,32722,11,600
scarab,33183,32722,11,600
scorpion,33185,32722,11,600
scorpion,33187,32721,11,600
skeleton,33337,32720,11,600
skeleton,33337,32722,11,600
poison spider,33340,32725,11,600
poison spider,33342,32723,11,600
skeleton,33359,32723,11,600
skeleton,33361,32724,11,600
larva,33283,32720,11,600
larva,33279,32721,11,600
larva,33279,32724,11,600
larva,33279,32725,11,600
hyaena,33297,32724,11,600
hyaena,33299,32724,11,600
hyaena,33299,32727,11,600
cave rat,33207,32725,11,600
cave rat,33208,32725,11,600
cave rat,33210,32725,11,600
ghoul,33166,32731,11,600
skeleton,33238,32731,11,600
skeleton,33237,32732,11,600
skeleton,33240,32734,11,600
scorpion,33368,32733,11,600
scorpion,33370,32733,11,600
ghoul,33372,32734,11,600
mummy,33162,32734,11,2600
cave rat,33168,32730,11,600
cave rat,33171,32731,11,600
cave rat,33167,32734,11,600
cave rat,33171,32736,11,600
cave rat,33168,32739,11,600
skeleton,33223,32732,11,600
skeleton,33221,32733,11,600
cave rat,33224,32734,11,600
skeleton,33225,32735,11,600
skeleton,33227,32736,11,600
cave rat,33223,32737,11,600
cave rat,33221,32738,11,600
cave rat,33226,32738,11,600
cave rat,33259,32737,11,600
cave rat,33260,32739,11,600
ghoul,33261,32740,11,600
skeleton,33257,32741,11,600
ghoul,33259,32742,11,600
skeleton,33256,32743,11,600
ghoul,33353,32744,11,600
ghoul,33351,32746,11,600
ghoul,33200,32743,11,600
skeleton,33193,32746,11,600
ghoul,33197,32747,11,600
ghoul,33198,32747,11,600
poison spider,33199,32747,11,600
skeleton,33193,32748,11,600
poison spider,33199,32748,11,600
ghoul,33194,32749,11,600
poison spider,33200,32750,11,600
ghoul,33240,32747,11,600
ghoul,33240,32748,11,600
poison spider,33240,32750,11,600
poison spider,33241,32750,11,600
skeleton,33304,32756,11,600
skeleton,33306,32756,11,600
larva,33079,32756,11,600
larva,33081,32756,11,600
scarab,33071,32760,11,600
larva,33076,32760,11,600
larva,33080,32760,11,600
ancient scarab,33071,32761,11,600
scarab,33073,32762,11,600
larva,33076,32762,11,600
larva,33038,32759,11,600
ancient scarab,33038,32760,11,600
ancient scarab,33036,32761,11,600
larva,33038,32762,11,600
ancient scarab,33037,32763,11,600
scarab,33057,32759,11,600
ancient scarab,33054,32761,11,600
ancient scarab,33053,32763,11,600
scarab,33056,32763,11,600
scarab,33058,32761,11,600
larva,33041,32763,11,600
ghoul,33319,32762,11,700
scarab,33055,32771,11,600
scarab,33056,32774,11,600
scarab,33057,32777,11,600
scarab,33058,32778,11,600
scarab,33057,32779,11,600
larva,33031,32773,11,600
ancient scarab,33034,32775,11,600
larva,33036,32775,11,600
ancient scarab,33032,32777,11,600
larva,33033,32777,11,600
scarab,33067,32773,11,600
scarab,33066,32775,11,600
ancient scarab,33065,32778,11,600
ancient scarab,33066,32778,11,600
larva,33078,32774,11,600
larva,33077,32775,11,600
larva,33077,32776,11,600
larva,33079,32776,11,600
ancient scarab,33078,32779,11,600
ancient scarab,33079,32781,11,600
larva,33030,32780,11,600
larva,33252,32785,11,600
larva,33250,32786,11,600
ancient scarab,33246,32787,11,600
larva,33248,32787,11,600
scarab,33254,32789,11,600
ancient scarab,33249,32790,11,600
ancient scarab,33033,32789,11,600
larva,33033,32790,11,600
larva,33034,32790,11,600
ancient scarab,33035,32791,11,600
larva,33039,32787,11,600
larva,33037,32789,11,600
ancient scarab,33078,32790,11,600
ancient scarab,33251,32791,11,600
scarab,33253,32792,11,600
ancient scarab,33045,32792,11,600
ancient scarab,33047,32792,11,600
scarab,33050,32792,11,600
ancient scarab,33047,32794,11,600
larva,33065,32792,11,600
scarab,33061,32793,11,600
larva,33063,32793,11,600
scarab,33062,32794,11,600
scarab,33063,32794,11,600
larva,33065,32794,11,600
ancient scarab,33064,32795,11,600
ancient scarab,33063,32796,11,600
larva,33079,32792,11,600
larva,33080,32792,11,600
scarab,33077,32793,11,600
scarab,33077,32795,11,600
scarab,33079,32795,11,600
scarab,33249,32795,11,600
scarab,33254,32795,11,600
larva,33267,32791,11,600
larva,33269,32792,11,600
ancient scarab,33267,32793,11,600
scarab,33078,32796,11,600
scarab,33266,32796,11,600
scarab,33265,32797,11,600
scarab,33269,32799,11,600
ancient scarab,33235,32804,11,600
larva,33230,32805,11,600
larva,33232,32805,11,600
larva,33233,32808,11,600
larva,33246,32808,11,600
larva,33247,32810,11,600
larva,33249,32811,11,600
scarab,33244,32814,11,600
scarab,33245,32816,11,600
scarab,33246,32817,11,600
ancient scarab,33257,32817,11,600
larva,33262,32815,11,600
larva,33260,32817,11,600
larva,33262,32817,11,600
ancient scarab,33223,32823,11,600
ancient scarab,33224,32823,11,600
larva,33226,32823,11,600
scarab,33268,32824,11,600
scarab,33265,32825,11,600
scarab,33265,32826,11,600
larva,33230,32824,11,600
larva,33228,32825,11,600
larva,33231,32827,11,600
scarab,33235,32824,11,600
scarab,33237,32825,11,600
ancient scarab,33243,32823,11,600
ancient scarab,33243,32825,11,600
ancient scarab,33273,32826,11,600
ancient scarab,33274,32826,11,600
demon skeleton,33146,32832,11,600
skeleton,33041,32835,11,600
skeleton,33040,32837,11,600
larva,33042,32837,11,600
larva,33044,32838,11,600
ancient scarab,33160,32835,11,600
ancient scarab,33144,32836,11,600
demon skeleton,33145,32836,11,600
vampire,33149,32837,11,600
vampire,33151,32837,11,600
lich,33149,32838,11,600
necromancer,33156,32837,11,600
dworc fleshhunter,32666,32835,11,600
dworc fleshhunter,32668,32836,11,600
dworc fleshhunter,32670,32839,11,600
dworc fleshhunter,32672,32840,11,600
dworc fleshhunter,32668,32842,11,600
demon skeleton,33144,32838,11,600
demon skeleton,33144,32839,11,600
necromancer,33144,32843,11,600
snake,33039,32840,11,600
snake,33038,32842,11,600
scarab,33007,32841,11,600
larva,33026,32840,11,600
larva,33028,32841,11,600
larva,33025,32842,11,600
demon skeleton,33157,32842,11,600
demon skeleton,33159,32842,11,600
lich,33161,32843,11,600
dworc venomsniper,32681,32841,11,600
dworc venomsniper,32681,32843,11,600
skeleton,33055,32843,11,600
skeleton,33057,32844,11,600
skeleton,33059,32846,11,600
poison spider,33057,32847,11,600
ghost,33139,32844,11,600
ghost,33140,32845,11,600
vampire,33150,32841,11,600
vampire,33153,32842,11,600
vampire,33153,32844,11,600
ghost,33153,32847,11,600
ghost,33153,32848,11,600
demon skeleton,33157,32848,11,600
dworc venomsniper,32661,32844,11,600
dworc venomsniper,32660,32845,11,600
dworc venomsniper,32660,32847,11,600
ancient scarab,33145,32845,11,600
ancient scarab,33145,32846,11,600
skeleton,33015,32848,11,600
skeleton,33016,32848,11,600
ghoul,33072,32848,11,600
demon skeleton,33158,32848,11,600
ancient scarab,33160,32848,11,600
ancient scarab,33161,32850,11,600
magicthrower,33163,32850,11,60
necromancer,33161,32851,11,600
dworc voodoomaster,32681,32848,11,600
dworc voodoomaster,32681,32849,11,600
dworc fleshhunter,32684,32849,11,600
dworc fleshhunter,32684,32852,11,600
dworc fleshhunter,32687,32848,11,600
dworc fleshhunter,32688,32849,11,600
larva,32982,32849,11,600
poison spider,33072,32850,11,600
poison spider,33072,32851,11,600
poison spider,33072,32854,11,600
dworc fleshhunter,32653,32850,11,600
dworc fleshhunter,32657,32852,11,600
dworc fleshhunter,32655,32853,11,600
dworc fleshhunter,32656,32854,11,600
magicthrower,33163,32852,11,60
ghoul,32978,32853,11,800
vampire,33145,32852,11,600
vampire,33145,32853,11,600
vampire,33147,32853,11,600
necromancer,33159,32853,11,600
skeleton,32982,32854,11,600
skeleton,32983,32855,11,600
skeleton,32980,32857,11,600
skeleton,32984,32858,11,600
larva,32998,32854,11,600
larva,32999,32855,11,600
snake,33089,32858,11,600
ghoul,33092,32858,11,600
snake,33089,32859,11,600
ghoul,33090,32859,11,600
poison spider,33064,32859,11,600
poison spider,33065,32860,11,600
dworc venomsniper,32680,32858,11,600
dworc venomsniper,32681,32860,11,600
dworc venomsniper,32681,32863,11,600
dworc venomsniper,32659,32861,11,600
dworc venomsniper,32659,32862,11,600
snake,33027,32862,11,600
snake,33025,32864,11,600
snake,33028,32864,11,600
dworc fleshhunter,32672,32861,11,600
dworc fleshhunter,32669,32863,11,600
dworc fleshhunter,32669,32865,11,600
dworc fleshhunter,32673,32867,11,600
snake,32999,32862,11,600
snake,32998,32865,11,600
snake,32998,32868,11,600
snake,33001,32868,11,600
flamethrower,33146,32870,11,60
flamethrower,33152,32870,11,60
ghoul,33066,32870,11,600
ghoul,33065,32872,11,600
shredderthrower,33146,32873,11,60
shredderthrower,33152,32873,11,60
dworc fleshhunter,32654,32876,11,600
dworc fleshhunter,32652,32878,11,600
magicthrower,33146,32876,11,60
magicthrower,33152,32876,11,60
tarantula,32650,32875,11,600
tarantula,32648,32877,11,600
poison spider,32679,32878,11,600
poison spider,32679,32880,11,600
centipede,32676,32881,11,600
centipede,32677,32881,11,600
plaguethrower,33146,32879,11,60
plaguethrower,33152,32879,11,60
dworc fleshhunter,32684,32880,11,600
dworc fleshhunter,32684,32881,11,600
dworc fleshhunter,32686,32884,11,600
tarantula,32692,32881,11,600
tarantula,32692,32883,11,600
tarantula,32689,32884,11,600
larva,32985,32882,11,600
larva,32985,32884,11,600
lion,33007,32882,11,600
flamethrower,33146,32882,11,60
flamethrower,33152,32882,11,60
centipede,32655,32880,11,600
centipede,32653,32881,11,600
centipede,32652,32883,11,600
magicthrower,33172,32883,11,60
magicthrower,33185,32883,11,60
crypt shambler,32781,32884,11,600
crypt shambler,32783,32886,11,600
crypt shambler,32778,32887,11,600
dworc voodoomaster,32781,32887,11,600
ghoul,33000,32883,11,600
ghoul,32998,32884,11,600
ashmunrah,33179,32884,11,600
skeleton,33050,32882,11,600
skeleton,33050,32885,11,600
skeleton,33052,32887,11,600
shredderthrower,33146,32885,11,60
shredderthrower,33152,32885,11,60
magicthrower,33172,32885,11,60
magicthrower,33185,32885,11,60
behemoth,33176,32886,11,500
ghost,33180,32882,11,500
ghost,33182,32886,11,500
ghost,33180,32888,11,500
ghost,33179,32889,11,500
dworc fleshhunter,32663,32884,11,600
dworc fleshhunter,32664,32885,11,600
dworc fleshhunter,32666,32887,11,600
dworc fleshhunter,32670,32888,11,600
dworc fleshhunter,32758,32887,11,600
dworc fleshhunter,32760,32887,11,600
dworc fleshhunter,32762,32887,11,600
skeleton,33024,32886,11,600
skeleton,33025,32887,11,600
magicthrower,33146,32888,11,60
magicthrower,33152,32888,11,60
tarantula,32655,32890,11,600
tarantula,32657,32891,11,600
dworc voodoomaster,32783,32890,11,600
dworc voodoomaster,32783,32891,11,600
dworc voodoomaster,32779,32892,11,600
plaguethrower,33146,32891,11,60
plaguethrower,33152,32891,11,60
dworc venomsniper,32754,32892,11,600
dworc venomsniper,32755,32892,11,600
dworc venomsniper,32753,32893,11,600
dworc voodoomaster,32752,32896,11,600
crypt shambler,32765,32892,11,600
crypt shambler,32762,32894,11,600
crypt shambler,32763,32896,11,600
dworc voodoomaster,32765,32896,11,600
dworc voodoomaster,32765,32897,11,600
centipede,32656,32895,11,600
tarantula,32689,32897,11,600
dworc voodoomaster,32764,32900,11,600
dworc venomsniper,32778,32897,11,600
dworc venomsniper,32775,32898,11,600
dworc venomsniper,32778,32898,11,600
dworc fleshhunter,32774,32900,11,600
dworc voodoomaster,32749,32894,11,600
dworc voodoomaster,32750,32898,11,600
dworc voodoomaster,32752,32898,11,600
dworc fleshhunter,32771,32898,11,600
dworc fleshhunter,32773,32901,11,600
tarantula,32693,32901,11,600
dworc fleshhunter,32687,32902,11,600
dworc fleshhunter,32689,32902,11,600
skeleton,33014,32904,11,600
skeleton,33015,32904,11,600
lion,33015,32907,11,600
magicthrower,33164,32904,11,60
magicthrower,33164,32905,11,60
snake,33033,32904,11,600
snake,33032,32905,11,600
skeleton,33039,32903,11,600
ghoul,33039,32904,11,600
ghoul,33037,32905,11,600
skeleton,33041,32905,11,600
magicthrower,33164,32906,11,60
magicthrower,33164,32907,11,60
crypt shambler,32753,32907,11,600
crypt shambler,32756,32907,11,600
crypt shambler,32754,32908,11,600
crypt shambler,32776,32906,11,600
crypt shambler,32777,32907,11,600
crypt shambler,32778,32907,11,600
dworc voodoomaster,32779,32907,11,600
magicthrower,33160,32907,11,60
magicthrower,33160,32908,11,60
magicthrower,33164,32908,11,60
magicthrower,33168,32907,11,60
magicthrower,33168,32908,11,60
magicthrower,33160,32909,11,60
magicthrower,33164,32909,11,60
magicthrower,33168,32909,11,60
magicthrower,33160,32910,11,60
magicthrower,33168,32910,11,60
dworc voodoomaster,32784,32907,11,600
dworc voodoomaster,32782,32910,11,600
magicthrower,33160,32911,11,60
magicthrower,33168,32911,11,60
magicthrower,33160,32912,11,60
magicthrower,33168,32912,11,60
ghoul,32824,31563,12,600
ghoul,32826,31563,12,600
rotworm,32750,31566,12,500
rotworm,32752,31568,12,500
minotaur archer,32434,31571,12,600
minotaur archer,32432,31572,12,600
orc berserker,32435,31572,12,600
troll,32433,31573,12,600
troll,32435,31573,12,600
stone golem,32467,31578,12,850
stone golem,32470,31578,12,850
stone golem,32467,31579,12,850
stone golem,32471,31580,12,850
poison spider,32709,31577,12,600
poison spider,32708,31580,12,600
poison spider,32708,31581,12,600
poison spider,32706,31584,12,600
rotworm,32769,31583,12,500
rotworm,32768,31584,12,500
rotworm,32771,31584,12,500
dwarf soldier,32399,31585,12,800
dwarf soldier,32401,31585,12,800
dwarf,32401,31586,12,700
dwarf soldier,32402,31586,12,800
dwarf,32403,31586,12,700
dwarf,32407,31582,12,700
dwarf,32402,31590,12,700
demon skeleton,33118,31589,12,600
demon skeleton,33116,31591,12,600
beholder,33115,31593,12,600
rotworm,32780,31591,12,500
rotworm,32782,31592,12,500
rotworm,32779,31593,12,500
fire elemental,33252,31591,12,700
fire elemental,33254,31591,12,700
fire elemental,33252,31592,12,700
fire elemental,33251,31593,12,700
fire elemental,33266,31592,12,600
fire elemental,33268,31593,12,600
demon,33284,31592,12,1000
fire elemental,33289,31592,12,600
troll,32695,31598,12,600
troll,32695,31599,12,600
minotaur,32515,31600,12,700
minotaur,32515,31601,12,700
minotaur,32515,31603,12,700
rotworm,32766,31600,12,500
rotworm,32763,31603,12,500
rotworm,32767,31603,12,500
stalker,33195,31600,12,600
stalker,33196,31602,12,600
rotworm,32787,31599,12,500
rotworm,32785,31600,12,500
rotworm,32786,31602,12,500
hero,33141,31602,12,900
monk,33142,31603,12,750
monk,33147,31601,12,750
monk,33144,31602,12,750
troll,32653,31601,12,600
troll,32653,31603,12,600
scorpion,33197,31604,12,600
scorpion,33195,31605,12,600
troll,32681,31605,12,600
troll,32681,31606,12,600
rotworm,32802,31610,12,500
ghoul,32804,31610,12,600
rotworm,32801,31612,12,500
ghoul,32801,31613,12,600
rotworm,32763,31609,12,500
rotworm,32762,31611,12,500
ghoul,32800,31616,12,600
troll,32486,31614,12,600
troll,32486,31615,12,600
troll,32489,31615,12,600
troll,32645,31616,12,600
troll,32647,31616,12,600
troll,32672,31615,12,600
troll,32672,31617,12,600
orc berserker,32469,31623,12,600
minotaur archer,32470,31623,12,600
minotaur archer,32469,31624,12,600
minotaur mage,32469,31625,12,600
troll,32683,31627,12,600
bug,32511,31634,12,600
bug,32510,31635,12,600
bug,32510,31636,12,600
rotworm,32824,31639,12,500
rotworm,32826,31640,12,500
beholder,32454,31641,12,850
skeleton,32401,31649,12,700
skeleton,32404,31651,12,700
skeleton,32405,31653,12,700
troll,32464,31665,12,600
troll,32465,31665,12,600
troll,32464,31669,12,600
minotaur mage,32465,31669,12,800
orc spearman,32466,31669,12,650
minotaur mage,32465,31670,12,800
orc spearman,32466,31671,12,650
troll,32466,31673,12,600
orc berserker,32459,31674,12,800
scorpion,32411,31674,12,800
scorpion,32412,31674,12,800
orc berserker,32462,31676,12,800
cyclops,32459,31677,12,800
cyclops,32461,31677,12,800
orc berserker,32462,31677,12,800
cyclops,32459,31678,12,800
cyclops,32457,31676,12,800
minotaur guard,32501,31681,12,600
orc shaman,32499,31682,12,800
dragon,33306,31694,12,700
fire elemental,33291,31696,12,700
fire elemental,33289,31698,12,700
dragon,33291,31698,12,700
dragon,33293,31698,12,700
poison spider,32800,31701,12,600
poison spider,32801,31701,12,600
ghoul,32802,31703,12,600
poison spider,32804,31703,12,600
poison spider,32800,31704,12,600
poison spider,32803,31706,12,600
poison spider,32801,31707,12,600
snake,32400,31702,12,700
snake,32397,31705,12,700
snake,32400,31705,12,700
snake,32394,31707,12,700
snake,32397,31709,12,700
dragon lord,33292,31715,12,1000
fire elemental,33071,31718,12,300
fire elemental,33067,31719,12,300
fire elemental,33068,31719,12,300
fire elemental,33069,31719,12,300
fire elemental,33068,31720,12,300
fire elemental,33069,31722,12,300
dragon,32520,31729,12,900
dragon,32521,31729,12,900
skeleton,32216,31796,12,600
skeleton,32214,31797,12,600
skeleton,32219,31797,12,600
skeleton,32206,31803,12,600
skeleton,32206,31804,12,600
ghoul,32206,31807,12,600
rotworm,33325,31806,12,500
rotworm,33324,31808,12,500
ghoul,32227,31813,12,600
ghoul,32228,31814,12,600
cave rat,32235,31816,12,600
cave rat,32234,31817,12,600
ghoul,32237,31817,12,600
ghoul,32204,31818,12,600
skeleton,32215,31820,12,600
skeleton,32215,31822,12,600
slime,32184,31822,12,600
cave rat,32225,31821,12,600
cave rat,32224,31822,12,600
demon skeleton,32250,31822,12,600
skeleton,32243,31828,12,600
skeleton,32244,31828,12,600
skeleton,32244,31831,12,600
vampire,32179,31830,12,9999
cave rat,32213,31830,12,600
cave rat,32213,31832,12,600
cave rat,32216,31833,12,600
cave rat,32227,31830,12,600
cave rat,32228,31832,12,600
skeleton,32200,31834,12,600
skeleton,32202,31836,12,600
skeleton,32197,31837,12,600
skeleton,32249,31835,12,600
skeleton,32250,31836,12,600
skeleton,32250,31837,12,600
skeleton,32250,31839,12,600
ghoul,32237,31838,12,600
ghoul,32236,31839,12,600
skeleton,32182,31839,12,600
skeleton,32182,31841,12,600
skeleton,32184,31842,12,600
skeleton,32207,31848,12,600
skeleton,32206,31849,12,600
ghoul,32221,31848,12,600
ghoul,32223,31849,12,600
ghoul,32191,31848,12,600
ghoul,32187,31850,12,600
ghoul,32190,31850,12,600
poison spider,32233,31852,12,600
poison spider,32233,31853,12,600
poison spider,32232,31854,12,600
poison spider,32232,31856,12,600
stalker,32205,31859,12,600
skeleton,32242,31859,12,600
skeleton,32242,31860,12,600
skeleton,32242,31861,12,600
skeleton,32215,31861,12,600
skeleton,32214,31863,12,600
ghoul,32216,31864,12,600
ghoul,32218,31864,12,600
giant spider,33180,31868,12,999
cave rat,32228,31869,12,600
cave rat,32226,31871,12,600
cave rat,32230,31871,12,600
cave rat,32231,31871,12,600
dwarf guard,32472,31878,12,600
dwarf guard,32494,31878,12,600
dwarf guard,32496,31879,12,600
dwarf guard,32452,31879,12,600
dwarf guard,32451,31880,12,600
dwarf guard,32454,31880,12,600
dwarf guard,32466,31883,12,600
dwarf guard,32465,31885,12,600
dwarf guard,32467,31885,12,600
dwarf guard,32506,31887,12,600
dwarf guard,32506,31888,12,600
dwarf guard,32507,31888,12,600
dwarf guard,32507,31892,12,600
beholder,32208,31888,12,600
beholder,32210,31889,12,600
ghoul,32213,31891,12,600
stalker,32207,31892,12,600
stalker,32208,31892,12,600
dwarf guard,32531,31887,12,600
dwarf guard,32527,31889,12,600
dwarf guard,32530,31889,12,600
scorpion,32206,31890,12,600
dwarf guard,32484,31891,12,600
dwarf guard,32483,31892,12,600
dwarf guard,32483,31894,12,600
demon skeleton,32210,31894,12,600
ghoul,32212,31893,12,600
dwarf guard,32473,31891,12,600
dwarf guard,32473,31892,12,600
dwarf guard,32473,31893,12,600
dwarf guard,32428,31898,12,600
dwarf guard,32429,31899,12,600
dwarf guard,32475,31898,12,600
dwarf guard,32477,31898,12,600
dwarf guard,32474,31900,12,600
dwarf guard,32533,31900,12,600
dwarf guard,32535,31900,12,600
dwarf guard,32537,31901,12,600
scorpion,32213,31901,12,600
scorpion,32217,31902,12,600
scorpion,32217,31903,12,600
scorpion,32217,31906,12,600
scorpion,32219,31906,12,600
dwarf guard,32441,31900,12,600
dwarf guard,32442,31903,12,600
dwarf guard,32443,31904,12,600
dwarf guard,32487,31904,12,600
dwarf guard,32489,31904,12,600
dwarf guard,32490,31904,12,600
dwarf guard,32460,31911,12,600
dwarf guard,32458,31912,12,600
dwarf guard,32502,31910,12,600
dwarf guard,32500,31911,12,600
dwarf guard,32502,31912,12,600
dwarf guard,32499,31915,12,600
poison spider,32296,31911,12,600
poison spider,32295,31912,12,600
poison spider,32297,31914,12,600
giant spider,32312,31912,12,800
dwarf guard,32537,31917,12,600
dwarf guard,32538,31919,12,600
dwarf guard,32539,31920,12,600
dwarf guard,32519,31920,12,600
dwarf guard,32521,31921,12,600
dwarf guard,32497,31921,12,600
dwarf guard,32499,31921,12,600
dwarf guard,32498,31923,12,600
dwarf guard,32495,31925,12,600
stalker,32176,31926,12,600
stalker,32178,31926,12,600
demon skeleton,32168,31927,12,600
dwarf guard,32471,31929,12,600
dwarf guard,32471,31930,12,600
dwarf guard,32489,31930,12,600
dwarf guard,32490,31930,12,600
dwarf guard,32490,31933,12,600
ghoul,32168,31931,12,600
dwarf guard,32543,31933,12,600
dwarf guard,32545,31933,12,600
ghoul,32169,31933,12,600
ghoul,32168,31936,12,600
ghoul,32169,31938,12,600
ghoul,32172,31939,12,600
dwarf guard,32437,31936,12,600
dwarf guard,32439,31938,12,600
dwarf guard,32437,31939,12,600
dwarf guard,32525,31934,12,600
dwarf guard,32526,31936,12,600
dwarf guard,32528,31936,12,600
demon skeleton,32178,31937,12,600
demon skeleton,32178,31939,12,600
stalker,32257,31938,12,600
stalker,32258,31939,12,600
stalker,32259,31941,12,600
ghoul,32173,31939,12,600
dwarf soldier,32669,31939,12,600
demon skeleton,32250,31936,12,600
demon skeleton,32248,31939,12,600
demon skeleton,32250,31940,12,600
demon skeleton,32249,31944,12,600
ghost,32253,31945,12,600
dwarf guard,32451,31942,12,600
dwarf guard,32452,31943,12,600
dwarf guard,32450,31945,12,600
dwarf guard,32529,31942,12,600
dwarf guard,32528,31943,12,600
dwarf guard,32527,31945,12,600
dwarf guard,32527,31946,12,600
ghost,32256,31947,12,600
ghost,32256,31948,12,600
beholder,32869,31946,12,900
beholder,32880,31946,12,900
dwarf guard,32509,31945,12,600
dwarf guard,32510,31947,12,600
dwarf guard,32512,31947,12,600
dwarf guard,32430,31950,12,600
dwarf guard,32484,31952,12,600
dwarf guard,32483,31953,12,600
dwarf guard,32482,31954,12,600
dwarf guard,32501,31959,12,600
dwarf guard,32500,31960,12,600
dwarf guard,32504,31960,12,600
skeleton,32873,31962,12,600
dwarf guard,32537,31962,12,600
dwarf guard,32535,31965,12,600
dwarf guard,32536,31967,12,600
dwarf guard,32454,31966,12,600
dwarf guard,32454,31968,12,600
dwarf guard,32553,31968,12,600
dwarf guard,32554,31969,12,600
dwarf guard,32522,31969,12,600
dwarf guard,32521,31970,12,600
dwarf guard,32430,31971,12,600
dwarf guard,32431,31972,12,600
dwarf guard,32485,31974,12,600
dwarf guard,32485,31976,12,600
dwarf guard,32445,31983,12,600
dwarf guard,32444,31985,12,600
dwarf guard,32444,31987,12,600
dwarf guard,32506,31986,12,600
dwarf guard,32508,31986,12,600
dwarf guard,32508,31988,12,600
dwarf guard,32559,31989,12,600
dwarf guard,32561,31989,12,600
orc,32416,32004,12,600
orc,32415,32005,12,600
orc,32415,32006,12,600
orc spearman,32418,32007,12,600
orc,32413,32008,12,600
orc warrior,32418,32008,12,600
orc spearman,32419,32009,12,600
orc spearman,32415,32010,12,600
orc warrior,32418,32010,12,600
troll,32382,32010,12,600
troll,32383,32011,12,600
troll,32381,32012,12,600
orc spearman,32412,32011,12,600
ghoul,32368,32021,12,600
ghoul,32368,32023,12,600
minotaur mage,32115,32051,12,600
wolf,32129,32057,12,600
wolf,32129,32058,12,600
minotaur,32124,32058,12,600
minotaur,32122,32059,12,600
minotaur,32120,32060,12,600
minotaur,32133,32067,12,600
minotaur,32135,32068,12,600
dragon lord,32348,32071,12,7200
dragon lord,32347,32072,12,7200
dragon,32568,32075,12,600
fire devil,32569,32076,12,600
dragon,32565,32077,12,600
dragon,32567,32077,12,600
fire devil,32571,32078,12,600
fire devil,32561,32079,12,600
fire devil,32562,32081,12,600
fire devil,32565,32084,12,600
fire devil,32568,32083,12,600
fire devil,32568,32086,12,600
fire devil,32688,32084,12,750
fire devil,32692,32084,12,750
fire devil,32691,32086,12,750
fire devil,32563,32087,12,600
fire devil,32563,32089,12,600
spider,32647,32089,12,300
spider,32646,32090,12,300
spider,32645,32091,12,300
spider,32648,32091,12,300
spider,32644,32092,12,300
spider,32644,32098,12,300
fire devil,32577,32091,12,600
fire devil,32579,32092,12,600
fire devil,32579,32093,12,600
beholder,32622,32094,12,800
beholder,32620,32096,12,800
fire devil,32571,32100,12,600
fire devil,32573,32102,12,600
fire devil,32581,32100,12,600
slime,32652,32100,12,800
slime,32658,32101,12,800
slime,32655,32103,12,800
fire devil,32585,32104,12,600
banshee,32619,32104,12,600
fire devil,32567,32106,12,600
fire devil,32566,32107,12,600
scorpion,32653,32120,12,800
bug,31979,32124,12,400
bug,31979,32125,12,400
bug,31982,32127,12,400
bug,31986,32127,12,400
bug,31987,32127,12,400
bug,31988,32127,12,400
bug,31983,32131,12,400
bug,31983,32133,12,400
bug,31984,32135,12,400
rat,32620,32139,12,300
rat,32619,32142,12,300
rat,32621,32143,12,300
rat,32622,32144,12,300
rotworm,32635,32143,12,700
rotworm,32638,32144,12,700
rotworm,32638,32145,12,700
bug,31979,32147,12,300
bug,31979,32148,12,300
skeleton,32363,32153,12,600
skeleton,32365,32153,12,600
ghoul,32524,32155,12,500
ghoul,32527,32158,12,500
ghoul,32526,32160,12,500
poison spider,31948,32167,12,600
skeleton,32411,32172,12,600
skeleton,32409,32173,12,600
poison spider,31961,32176,12,400
poison spider,31961,32177,12,400
poison spider,31947,32182,12,300
poison spider,31948,32183,12,300
ghoul,32420,32187,12,600
skeleton,32409,32187,12,600
skeleton,32411,32189,12,600
minotaur archer,32555,32191,12,600
minotaur,32554,32193,12,700
minotaur archer,32556,32193,12,600
minotaur,32555,32195,12,700
poison spider,31953,32194,12,400
poison spider,31953,32195,12,400
poison spider,31954,32197,12,400
skeleton,32416,32193,12,600
skeleton,32417,32195,12,600
minotaur,32560,32191,12,700
minotaur,32552,32197,12,700
minotaur,32557,32197,12,700
minotaur,32555,32198,12,700
orc spearman,32581,32198,12,760
orc,32579,32195,12,600
orc,32582,32200,12,600
orc berserker,32579,32201,12,700
orc warrior,32586,32202,12,600
orc,32578,32203,12,600
orc warrior,32586,32203,12,600
orc,32583,32204,12,600
orc warrior,32589,32203,12,600
poison spider,31953,32204,12,600
poison spider,31954,32205,12,600
poison spider,31955,32205,12,600
orc spearman,32004,32204,12,600
orc,31989,32205,12,600
orc,31988,32206,12,600
wasp,31975,32210,12,600
goblin,31976,32210,12,600
orc spearman,31973,32211,12,600
minotaur,31977,32211,12,600
goblin,31975,32212,12,600
goblin,31977,32213,12,600
orc,31988,32212,12,600
orc spearman,32004,32213,12,600
dragon,32523,32213,12,900
minotaur,31986,32219,12,600
orc,32002,32220,12,600
goblin,31991,32236,12,600
goblin,31980,32237,12,600
goblin,32022,32241,12,600
ghoul,32888,32255,12,600
demon skeleton,32889,32255,12,600
demon skeleton,32887,32256,12,600
ghoul,32885,32257,12,600
ghoul,32887,32258,12,600
demon skeleton,32888,32259,12,600
demon skeleton,32890,32258,12,600
dragon,32372,32262,12,1200
dragon,32370,32263,12,1200
demon skeleton,32824,32259,12,600
demon skeleton,32825,32259,12,600
demon skeleton,32824,32260,12,600
demon skeleton,32826,32264,12,600
demon skeleton,32824,32265,12,600
ghoul,32885,32270,12,600
ghoul,32884,32272,12,600
ghoul,32856,32281,12,600
ghoul,32857,32282,12,600
ghoul,32857,32285,12,600
demon skeleton,32867,32283,12,600
demon skeleton,32865,32285,12,600
ghoul,32867,32285,12,600
ghoul,32868,32285,12,600
demon skeleton,32868,32288,12,600
demon skeleton,32845,32284,12,600
demon skeleton,32849,32288,12,600
demon skeleton,32850,32289,12,600
demon skeleton,32852,32290,12,600
demon skeleton,32892,32291,12,600
demon skeleton,32894,32291,12,600
demon skeleton,32893,32293,12,600
demon skeleton,32893,32295,12,600
dragon lord,32766,32306,12,600
dragon lord,32768,32308,12,600
dragon lord,32767,32309,12,600
dragon,32797,32308,12,600
dragon lord,32795,32309,12,600
dragon,32798,32310,12,600
dragon lord,32795,32311,12,600
demon skeleton,32886,32306,12,600
demon skeleton,32882,32308,12,600
demon skeleton,32883,32309,12,600
demon skeleton,32886,32310,12,600
dragon,32799,32310,12,600
ghoul,32845,32318,12,600
ghoul,32843,32319,12,600
dragon lord,32805,32322,12,600
demon skeleton,32844,32323,12,600
demon skeleton,32843,32324,12,600
dragon lord,32764,32329,12,600
dragon lord,32767,32330,12,600
dragon lord,32764,32333,12,600
dragon lord,32816,32332,12,600
ghoul,32888,32332,12,600
ghoul,32889,32332,12,600
ghoul,32889,32334,12,600
ghoul,32891,32334,12,600
dragon lord,32820,32334,12,600
dragon lord,32791,32334,12,600
dragon lord,32790,32335,12,600
dragon lord,32788,32336,12,600
dragon lord,32786,32338,12,600
dragon lord,32814,32337,12,600
dragon lord,32787,32340,12,600
dragon lord,32817,32339,12,600
demon skeleton,32862,32342,12,600
demon skeleton,32864,32342,12,600
demon skeleton,32851,32344,12,600
ghoul,32852,32345,12,600
demon skeleton,32849,32346,12,600
ghoul,32850,32346,12,600
ghoul,32851,32347,12,600
dragon,32805,32342,12,600
dragon,32800,32344,12,600
dragon,32805,32344,12,600
dragon,32803,32345,12,600
demon skeleton,32847,32350,12,600
ghoul,32849,32351,12,600
demon skeleton,32848,32352,12,600
demon skeleton,32850,32353,12,600
dragon lord,32817,32354,12,600
dragon lord,32814,32356,12,600
dragon lord,32813,32358,12,600
demon skeleton,32891,32356,12,600
demon skeleton,32889,32357,12,600
demon skeleton,32891,32358,12,600
dragon lord,32770,32358,12,600
dragon lord,32772,32360,12,600
dragon lord,32772,32361,12,600
vampire,32976,32394,12,600
vampire,32973,32396,12,600
vampire,32976,32396,12,600
vampire,32973,32397,12,600
vampire,32972,32399,12,600
vampire,32964,32399,12,600
vampire,32966,32399,12,600
vampire,32965,32400,12,600
mummy,32969,32401,12,600
mummy,32970,32403,12,600
vampire,32977,32407,12,600
vampire,32962,32411,12,600
stalker,32964,32411,12,600
stalker,32963,32413,12,600
stalker,32964,32413,12,600
ghoul,32969,32412,12,600
ghoul,32971,32414,12,600
vampire,32979,32415,12,600
vampire,32980,32415,12,600
vampire,32978,32416,12,600
mummy,32981,32416,12,600
mummy,32980,32418,12,600
scorpion,32978,32425,12,600
scorpion,32976,32427,12,600
vampire,32978,32427,12,600
vampire,32979,32429,12,600
demon skeleton,32964,32432,12,600
demon skeleton,32962,32433,12,600
vampire,32982,32438,12,600
demon skeleton,32981,32439,12,600
demon skeleton,32980,32439,12,600
demon skeleton,32976,32440,12,600
ghoul,32969,32441,12,600
ghoul,32969,32442,12,600
ghoul,33000,32446,12,600
ghoul,32999,32449,12,600
demon skeleton,33000,32449,12,600
demon skeleton,32997,32450,12,600
ghoul,33021,32448,12,600
ghoul,33018,32449,12,600
ghoul,33017,32450,12,600
ghoul,33024,32451,12,600
demon skeleton,32999,32451,12,600
ghost,32972,32454,12,600
ghost,32974,32458,12,600
ghost,32978,32459,12,600
ghost,32974,32460,12,600
mummy,33240,32511,12,900
scarab,33259,32511,12,600
scarab,33255,32512,12,600
scarab,33258,32512,12,600
skeleton,33240,32513,12,600
skeleton,33244,32515,12,600
skeleton,33240,32516,12,600
skeleton,33242,32516,12,600
ghoul,33057,32519,12,600
ghoul,33057,32520,12,600
mummy,33071,32521,12,1200
skeleton,33077,32521,12,600
skeleton,33076,32523,12,600
larva,33074,32524,12,600
skeleton,33075,32524,12,600
scorpion,33328,32522,12,600
mummy,33329,32522,12,1200
scorpion,33329,32524,12,600
ghoul,33309,32527,12,600
cave rat,33311,32527,12,600
ghoul,33313,32527,12,600
cave rat,33310,32530,12,600
ghoul,33311,32530,12,600
cave rat,33313,32530,12,600
ghoul,33233,32525,12,700
ghoul,33232,32528,12,700
ghoul,33235,32528,12,700
skeleton,33236,32528,12,600
beholder,33230,32529,12,800
skeleton,33232,32530,12,600
skeleton,33230,32532,12,600
skeleton,33245,32528,12,600
skeleton,33246,32530,12,600
poison spider,33253,32526,12,600
poison spider,33252,32527,12,600
poison spider,33254,32528,12,600
poison spider,33258,32532,12,600
cave rat,33264,32528,12,600
cave rat,33266,32529,12,600
cobra,33263,32530,12,600
cave rat,33260,32532,12,600
cave rat,33268,32532,12,600
skeleton,33230,32533,12,600
ghoul,33325,32534,12,600
ghoul,33327,32535,12,600
ghost,33329,32534,12,1200
stalker,33112,32536,12,600
ghoul,33035,32537,12,600
stalker,33032,32538,12,600
skeleton,33087,32538,12,600
skeleton,33087,32539,12,600
skeleton,33088,32541,12,600
mummy,33112,32539,12,600
mummy,33035,32540,12,1100
skeleton,33290,32540,12,600
skeleton,33293,32541,12,600
skeleton,33289,32543,12,600
skeleton,33037,32540,12,600
skeleton,33037,32541,12,600
skeleton,33038,32541,12,600
ghoul,33111,32541,12,600
ghoul,33111,32543,12,600
ghoul,33063,32544,12,600
skeleton,33068,32544,12,600
skeleton,33067,32545,12,600
skeleton,33066,32547,12,600
larva,33087,32543,12,600
larva,33088,32544,12,600
ghoul,33352,32542,12,600
ghoul,33349,32544,12,600
ghoul,33351,32544,12,600
demon skeleton,33055,32546,12,900
scarab,33228,32548,12,600
scarab,33229,32548,12,600
skeleton,33361,32552,12,600
skeleton,33363,32552,12,600
ghoul,33364,32553,12,600
ghoul,33362,32554,12,600
ghoul,33087,32553,12,600
mummy,33115,32554,12,900
larva,33243,32551,12,600
larva,33247,32554,12,600
larva,33250,32554,12,600
larva,33251,32555,12,600
skeleton,33258,32554,12,600
skeleton,33259,32554,12,600
skeleton,33261,32554,12,600
skeleton,33262,32554,12,600
scarab,33314,32552,12,600
larva,33310,32553,12,600
scarab,33312,32554,12,600
larva,33311,32555,12,600
larva,33311,32556,12,600
larva,33314,32556,12,600
cobra,33337,32554,12,900
cobra,33351,32551,12,600
cobra,33350,32554,12,600
cobra,33353,32554,12,600
slime,33228,32559,12,900
slime,33227,32561,12,900
mummy,33350,32564,12,1200
skeleton,33046,32564,12,600
skeleton,33044,32566,12,600
skeleton,33041,32569,12,600
skeleton,33042,32569,12,600
skeleton,33078,32564,12,600
skeleton,33081,32567,12,600
skeleton,33078,32569,12,600
ghoul,33331,32567,12,600
ghoul,33329,32568,12,600
larva,33110,32566,12,600
larva,33111,32569,12,600
larva,33111,32571,12,600
cobra,33020,32573,12,600
larva,33017,32574,12,600
cobra,33018,32574,12,600
larva,33020,32576,12,600
larva,33021,32579,12,600
skeleton,33301,32576,12,600
skeleton,33302,32576,12,600
mummy,33254,32582,12,900
skeleton,33311,32585,12,600
skeleton,33313,32585,12,600
skeleton,33311,32587,12,600
cobra,33072,32586,12,600
stalker,33088,32586,12,600
skeleton,33250,32586,12,600
skeleton,33254,32586,12,600
skeleton,33252,32587,12,600
skeleton,33249,32588,12,600
mummy,33254,32590,12,1800
skeleton,33278,32583,12,600
skeleton,33278,32586,12,600
skeleton,33279,32587,12,600
skeleton,33327,32583,12,600
skeleton,33328,32583,12,600
skeleton,33330,32585,12,600
skeleton,33335,32585,12,600
skeleton,33331,32586,12,600
ghoul,33349,32583,12,600
ghoul,33349,32586,12,600
ghoul,33352,32587,12,600
larva,33033,32591,12,600
larva,33033,32592,12,600
larva,33033,32593,12,600
skeleton,33049,32589,12,600
skeleton,33049,32591,12,600
skeleton,33052,32592,12,600
larva,33055,32591,12,600
larva,33054,32592,12,600
scorpion,33316,32594,12,600
ghoul,33178,32595,12,600
ghoul,33176,32597,12,600
snake,33182,32597,12,600
snake,33183,32598,12,600
skeleton,33098,32600,12,600
skeleton,33101,32600,12,600
skeleton,33097,32603,12,600
skeleton,33104,32604,12,600
crypt shambler,33294,32603,12,600
skeleton,33051,32606,12,600
skeleton,33053,32608,12,600
snake,33179,32608,12,600
snake,33179,32609,12,600
skeleton,33034,32608,12,600
skeleton,33039,32608,12,600
skeleton,33037,32609,12,600
skeleton,33037,32613,12,600
cobra,33082,32610,12,600
scarab,33051,32611,12,600
snake,33090,32608,12,600
snake,33087,32611,12,600
snake,33084,32612,12,600
ghoul,33085,32615,12,600
skeleton,33325,32610,12,600
skeleton,33326,32612,12,600
skeleton,33324,32613,12,600
stalker,33326,32614,12,600
stalker,33328,32614,12,600
skeleton,33161,32614,12,600
skeleton,33162,32614,12,600
skeleton,33166,32614,12,600
skeleton,33165,32615,12,600
cobra,33165,32619,12,600
skeleton,33291,32616,12,600
skeleton,33289,32617,12,600
skeleton,33290,32617,12,600
ghoul,33295,32617,12,600
ghoul,33299,32614,12,600
ghoul,33296,32616,12,600
skeleton,33144,32619,12,600
skeleton,33146,32621,12,600
ghoul,33142,32623,12,600
skeleton,33146,32623,12,600
ghoul,33142,32624,12,600
ghoul,33282,32621,12,600
ghoul,33284,32621,12,600
ghoul,33283,32624,12,600
ghoul,33286,32626,12,600
beholder,33305,32624,12,800
larva,33078,32626,12,600
larva,33076,32627,12,600
scarab,33073,32628,12,600
larva,33079,32628,12,600
snake,33187,32628,12,600
snake,33186,32629,12,600
snake,33187,32629,12,600
snake,33155,32628,12,600
snake,33156,32629,12,600
ghoul,33169,32633,12,600
ghoul,33170,32634,12,600
stalker,33148,32639,12,600
stalker,33150,32640,12,600
ghoul,33235,32640,12,600
ghoul,33233,32643,12,600
ghoul,33234,32644,12,600
ghoul,33197,32644,12,600
ghoul,33196,32645,12,600
skeleton,33215,32644,12,600
skeleton,33213,32645,12,600
skeleton,33215,32645,12,600
skeleton,33218,32646,12,600
skeleton,33205,32642,12,600
skeleton,33206,32645,12,600
skeleton,33206,32647,12,600
skeleton,33225,32643,12,600
skeleton,33224,32645,12,600
skeleton,33222,32646,12,600
snake,33165,32646,12,600
snake,33167,32646,12,600
snake,33167,32647,12,600
ghoul,33204,32656,12,600
ghoul,33204,32657,12,600
cobra,33220,32656,12,600
ghoul,33222,32656,12,600
cobra,33221,32657,12,600
cobra,33223,32657,12,600
ghoul,33236,32656,12,600
ghoul,33234,32657,12,600
scorpion,33240,32657,12,600
scorpion,33241,32658,12,600
mummy,33240,32660,12,900
ghost,33282,32658,12,900
ghost,33291,32658,12,900
snake,33190,32659,12,600
snake,33188,32661,12,600
snake,33189,32662,12,600
snake,33188,32663,12,600
scarab,33239,32662,12,600
scarab,33240,32663,12,600
ghoul,33158,32664,12,600
ghoul,33156,32665,12,600
mummy,33155,32667,12,1200
stalker,33157,32667,12,600
scarab,33204,32663,12,600
scarab,33204,32664,12,600
scarab,33219,32664,12,600
skeleton,33223,32662,12,600
skeleton,33221,32663,12,600
skeleton,33222,32664,12,600
ghoul,33236,32664,12,600
ghoul,33234,32665,12,600
stalker,33159,32669,12,600
ghoul,33285,32668,12,600
ghoul,33286,32668,12,600
ghoul,33287,32669,12,600
ghoul,33215,32671,12,600
ghoul,33215,32672,12,600
mummy,33215,32674,12,900
mummy,33253,32672,12,1500
cobra,33254,32672,12,600
cobra,33255,32672,12,600
scarab,33266,32672,12,600
scarab,33267,32672,12,600
mummy,33268,32672,12,1500
ghoul,33207,32672,12,600
ghoul,33204,32673,12,600
ghoul,33203,32675,12,600
ghoul,33143,32680,12,600
ghoul,33142,32682,12,600
mummy,33141,32683,12,1200
ghoul,33257,32678,12,600
ghoul,33258,32680,12,600
ghoul,33260,32680,12,600
scorpion,33262,32680,12,600
scorpion,33263,32680,12,600
slime,33167,32681,12,600
slime,33168,32681,12,600
stalker,33187,32682,12,600
stalker,33185,32684,12,600
mummy,33242,32682,12,1500
ghoul,33240,32683,12,600
crypt shambler,33244,32683,12,600
ghoul,33239,32685,12,600
ghoul,33242,32685,12,600
scarab,33203,32684,12,600
mummy,33205,32685,12,900
scarab,33203,32686,12,600
scarab,33279,32682,12,600
larva,33278,32684,12,600
larva,33277,32685,12,600
scarab,33280,32685,12,600
larva,33281,32686,12,600
scarab,33281,32687,12,600
skeleton,33143,32685,12,600
skeleton,33143,32686,12,600
skeleton,33145,32687,12,600
skeleton,33219,32691,12,600
ghoul,33223,32692,12,600
ghoul,33222,32693,12,600
ghoul,33224,32693,12,600
skeleton,33221,32694,12,600
crypt shambler,33303,32693,12,600
skeleton,33218,32691,12,600
skeleton,33240,32694,12,600
skeleton,33242,32694,12,600
skeleton,33253,32694,12,600
skeleton,33254,32694,12,600
scarab,33155,32694,12,600
scorpion,33153,32695,12,600
scorpion,33155,32695,12,600
scorpion,33156,32695,12,600
scarab,33157,32696,12,600
mummy,33305,32695,12,1200
skeleton,33270,32695,12,600
skeleton,33270,32697,12,600
stalker,33208,32700,12,600
stalker,33208,32701,12,600
crypt shambler,33384,32702,12,700
skeleton,33286,32701,12,600
skeleton,33284,32704,12,600
skeleton,33285,32704,12,600
skeleton,33286,32706,12,600
ghoul,33384,32705,12,600
ghoul,33383,32706,12,600
ghoul,33367,32706,12,600
ghoul,33368,32707,12,600
ghoul,33368,32708,12,600
skeleton,33260,32708,12,600
ghoul,33262,32708,12,600
skeleton,33259,32709,12,600
ghoul,33263,32709,12,600
stalker,33262,32710,12,900
ghoul,33263,32710,12,600
mummy,33191,32710,12,900
ghoul,33194,32710,12,600
mummy,33190,32712,12,900
ghoul,33196,32707,12,600
ghoul,33197,32709,12,600
slime,33345,32711,12,700
mummy,33357,32712,12,1600
ghoul,33228,32713,12,600
ghoul,33229,32713,12,600
skeleton,33247,32713,12,600
skeleton,33247,32714,12,600
ghoul,33250,32714,12,600
ghoul,33249,32715,12,600
mummy,33322,32713,12,1900
ghoul,33326,32710,12,600
ghoul,33329,32712,12,600
ghoul,33327,32713,12,600
ghoul,33331,32715,12,600
crypt shambler,33355,32714,12,600
scarab,33359,32714,12,600
scarab,33358,32715,12,600
ghoul,33247,32718,12,600
scarab,33208,32721,12,600
scarab,33207,32723,12,600
crypt shambler,33209,32723,12,600
ghoul,33398,32720,12,600
ghoul,33398,32721,12,600
ghoul,33400,32723,12,600
ghoul,33355,32723,12,600
ghoul,33356,32725,12,600
stalker,33356,32727,12,600
ghoul,33232,32726,12,600
ghoul,33232,32727,12,600
ghost,33234,32728,12,900
ghoul,33234,32730,12,600
stalker,33354,32729,12,600
ghoul,33324,32727,12,600
ghoul,33322,32728,12,600
ghoul,33320,32729,12,600
ghoul,33401,32740,12,900
ghoul,33399,32742,12,900
ghoul,33329,32740,12,600
ghoul,33329,32741,12,600
cobra,33330,32742,12,1600
skeleton,33357,32743,12,600
skeleton,33356,32744,12,600
ghoul,33355,32746,12,600
skeleton,33358,32746,12,600
scarab,33384,32752,12,600
scarab,33386,32752,12,600
scarab,33326,32753,12,600
scarab,33327,32753,12,600
ghoul,33387,32758,12,600
ghoul,33386,32759,12,600
ghoul,33379,32771,12,600
ghoul,33381,32771,12,600
skeleton,33381,32776,12,600
skeleton,33380,32777,12,600
skeleton,33383,32777,12,600
ghoul,33335,32778,12,600
ghoul,33338,32779,12,600
skeleton,33334,32780,12,600
ghoul,33336,32781,12,600
mummy,33382,32781,12,2700
skeleton,33334,32783,12,600
skeleton,33335,32783,12,600
scarab,33352,32790,12,600
ghoul,33354,32790,12,600
scorpion,33356,32790,12,600
ghoul,33354,32791,12,600
ghoul,33236,32811,12,600
mummy,33026,32813,12,1200
crypt shambler,33035,32813,12,600
crypt shambler,33037,32813,12,600
skeleton,33238,32813,12,600
skeleton,33240,32814,12,600
skeleton,33239,32816,12,600
scarab,33091,32815,12,600
ghoul,33174,32815,12,600
ghoul,33176,32815,12,600
skeleton,33182,32815,12,600
skeleton,33181,32816,12,600
scarab,33172,32817,12,600
scarab,33173,32819,12,600
stalker,33299,32821,12,1300
slime,33032,32826,12,600
slime,33033,32826,12,600
crypt shambler,33091,32827,12,600
lion,33092,32829,12,600
crypt shambler,33093,32829,12,600
tarantula,32671,32828,12,1200
tarantula,32673,32828,12,1200
tarantula,32669,32829,12,1200
tarantula,32671,32833,12,1200
ghoul,33147,32829,12,600
scorpion,33165,32830,12,600
lion,33091,32831,12,600
skeleton,33160,32829,12,600
skeleton,33161,32830,12,600
skeleton,33161,32831,12,600
larva,33202,32829,12,600
larva,33204,32829,12,600
larva,33206,32829,12,600
larva,33205,32831,12,600
larva,33208,32835,12,600
snake,33256,32832,12,600
snake,33256,32833,12,600
snake,33254,32836,12,600
ghoul,33255,32836,12,600
ghoul,33252,32837,12,600
scarab,33316,32833,12,600
scarab,33317,32834,12,600
poison spider,33283,32835,12,600
poison spider,33285,32835,12,600
skeleton,33286,32835,12,900
skeleton,33280,32836,12,900
skeleton,33282,32836,12,900
poison spider,33283,32836,12,600
skeleton,33286,32837,12,900
poison spider,33288,32838,12,600
larva,33296,32834,12,600
scarab,33298,32835,12,600
scarab,33299,32835,12,600
larva,33301,32836,12,600
larva,33298,32838,12,600
larva,33299,32838,12,600
ghoul,33253,32839,12,600
larva,33313,32838,12,600
larva,33315,32838,12,600
skeleton,33146,32836,12,600
skeleton,33143,32838,12,600
skeleton,33145,32839,12,600
skeleton,33143,32842,12,600
skeleton,32999,32841,12,600
ghoul,33004,32840,12,600
ghoul,33002,32841,12,600
ghoul,33003,32841,12,600
ghoul,33040,32839,12,600
ghoul,33041,32841,12,600
skeleton,33059,32844,12,600
skeleton,33057,32845,12,600
scorpion,33072,32844,12,600
lion,33074,32844,12,600
scorpion,33072,32845,12,600
ghoul,33020,32845,12,600
scorpion,33019,32848,12,600
scorpion,33019,32849,12,600
cave rat,33243,32848,12,600
cave rat,33244,32848,12,600
cave rat,33242,32851,12,600
cave rat,33245,32851,12,600
snake,33007,32850,12,600
snake,33008,32850,12,600
skeleton,33007,32852,12,600
skeleton,33007,32853,12,600
tarantula,32690,32850,12,1200
tarantula,32690,32851,12,1200
tarantula,32694,32852,12,1200
tarantula,32686,32855,12,1200
scorpion,33091,32851,12,600
scorpion,33092,32851,12,600
scorpion,33089,32852,12,600
mummy,33147,32851,12,900
mummy,33146,32852,12,900
larva,33278,32852,12,600
larva,33275,32853,12,600
poison spider,33278,32855,12,600
larva,33281,32855,12,600
poison spider,33278,32856,12,600
poison spider,33280,32856,12,600
tarantula,32650,32851,12,1200
tarantula,32648,32853,12,1200
tarantula,32649,32853,12,1200
skeleton,33297,32849,12,600
skeleton,33295,32851,12,600
skeleton,33299,32853,12,600
skeleton,33302,32853,12,600
larva,33319,32850,12,600
larva,33320,32850,12,600
larva,33319,32853,12,600
larva,33323,32854,12,600
larva,33315,32855,12,600
scarab,33055,32857,12,600
crypt shambler,32974,32858,12,600
crypt shambler,32972,32860,12,600
crypt shambler,32973,32861,12,600
skeleton,33169,32858,12,600
skeleton,33171,32860,12,600
skeleton,33173,32860,12,600
ghoul,33168,32864,12,600
skeleton,33042,32861,12,600
skeleton,33043,32861,12,600
skeleton,33045,32861,12,600
poison spider,33227,32859,12,600
poison spider,33230,32861,12,600
poison spider,33231,32861,12,600
poison spider,33228,32863,12,600
poison spider,33233,32866,12,600
scorpion,33074,32862,12,600
scorpion,33076,32863,12,600
larva,33055,32865,12,600
ghoul,33165,32865,12,600
ghoul,33165,32866,12,600
larva,32988,32865,12,600
larva,32987,32866,12,600
mummy,33266,32867,12,800
mummy,33267,32867,12,800
larva,33297,32864,12,600
larva,33295,32865,12,600
scarab,33303,32866,12,600
larva,33297,32867,12,600
larva,33298,32867,12,600
scarab,33302,32867,12,600
ghoul,33090,32866,12,600
ghoul,33092,32868,12,600
scarab,33092,32871,12,600
ghoul,33194,32865,12,600
ghoul,33195,32868,12,600
ghoul,33196,32869,12,600
beholder,33193,32870,12,600
skeleton,33252,32866,12,600
skeleton,33254,32867,12,600
skeleton,33255,32868,12,600
larva,33010,32869,12,600
larva,33012,32871,12,600
tarantula,32671,32874,12,1200
tarantula,32667,32876,12,1200
tarantula,32667,32877,12,1200
tarantula,32672,32878,12,1200
mummy,33165,32874,12,2600
ghoul,33076,32875,12,600
larva,33028,32876,12,600
larva,33029,32877,12,600
skeleton,33042,32876,12,600
skeleton,33043,32877,12,600
skeleton,33042,32880,12,600
slime,32960,32878,12,600
slime,32962,32878,12,600
lion,32960,32881,12,600
slime,33205,32878,12,900
larva,33007,32880,12,600
larva,33005,32881,12,600
ghoul,33212,32880,12,600
ghoul,33213,32882,12,600
ghoul,33213,32883,12,600
skeleton,33242,32881,12,600
skeleton,33242,32883,12,600
poison spider,33245,32883,12,600
poison spider,33244,32884,12,600
larva,33067,32882,12,600
larva,33065,32884,12,600
larva,33064,32887,12,600
poison spider,33246,32882,12,600
mummy,32973,32887,12,1200
scorpion,33090,32889,12,600
scorpion,33091,32889,12,600
mummy,33093,32891,12,900
ghoul,33090,32892,12,600
skeleton,33030,32891,12,600
skeleton,33030,32892,12,600
lion,33032,32892,12,600
lion,33031,32894,12,600
ghoul,33091,32894,12,600
scarab,33065,32895,12,600
scarab,33063,32897,12,600
mummy,32980,32896,12,2400
mummy,32980,32897,12,2400
mummy,32981,32899,12,2400
stone golem,33007,32899,12,1200
cobra,33096,32905,12,600
cobra,33095,32907,12,600
mummy,33098,32907,12,900
scarab,33080,32906,12,600
ghoul,33082,32906,12,600
ghoul,33083,32906,12,600
scarab,33065,32907,12,600
larva,33065,32905,12,600
larva,33067,32907,12,600
larva,33064,32909,12,600
mummy,32987,32908,12,900
crypt shambler,32993,32907,12,600
crypt shambler,32995,32908,12,600
scarab,33096,32909,12,600
lion,33022,32910,12,600
lion,33022,32911,12,600
scorpion,33033,32911,12,600
scorpion,33031,32912,12,600
mummy,33028,32913,12,1200
rotworm,32766,31565,13,500
rotworm,32766,31567,13,500
rotworm,32767,31568,13,500
monk,32409,31571,13,800
monk,32404,31575,13,800
monk,32403,31576,13,800
monk,32407,31576,13,800
monk,32408,31576,13,800
poison spider,32713,31576,13,600
poison spider,32710,31578,13,600
poison spider,32711,31579,13,600
giant spider,32693,31581,13,600
demon skeleton,33140,31591,13,600
demon skeleton,33141,31591,13,600
hunter,33139,31592,13,600
wild warrior,33143,31592,13,600
minotaur mage,33141,31593,13,600
hunter,33138,31594,13,600
wild warrior,33141,31594,13,600
stalker,33146,31591,13,600
stalker,33147,31592,13,600
stalker,33147,31593,13,600
slime,32829,31592,13,700
slime,32828,31593,13,700
wild warrior,33140,31595,13,600
demon,33298,31588,13,600
demon,33300,31589,13,600
demon,33297,31592,13,600
demon,33293,31593,13,600
demon,33299,31596,13,600
slime,32752,31593,13,600
giant spider,32489,31594,13,850
demon skeleton,32805,31600,13,500
monk,33109,31599,13,700
monk,33110,31600,13,700
priestess,33109,31602,13,850
priestess,33108,31603,13,850
poison spider,32821,31597,13,600
poison spider,32820,31599,13,600
poison spider,32821,31601,13,600
poison spider,32820,31605,13,600
wild warrior,33107,31605,13,600
priestess,33148,31600,13,800
wild warrior,33146,31602,13,600
priestess,33148,31602,13,800
wild warrior,33144,31603,13,600
wild warrior,33146,31603,13,600
priestess,33149,31603,13,800
ghoul,32794,31603,13,600
ghoul,32796,31603,13,600
fire elemental,33213,31602,13,500
fire elemental,33215,31603,13,500
fire elemental,33218,31603,13,500
wild warrior,33107,31606,13,600
wild warrior,33106,31609,13,600
skeleton,32771,31609,13,800
skeleton,32767,31612,13,800
skeleton,32769,31612,13,800
demon skeleton,32766,31613,13,600
fire elemental,33211,31613,13,600
fire elemental,33211,31614,13,600
skeleton,32742,31613,13,600
skeleton,32745,31615,13,600
skeleton,32742,31616,13,600
demon skeleton,32689,31614,13,600
demon skeleton,32690,31615,13,600
demon skeleton,32691,31615,13,600
demon skeleton,32691,31616,13,600
ghoul,32686,31620,13,600
cyclops,32434,31619,13,600
spider,32826,31617,13,600
spider,32824,31618,13,600
spider,32825,31619,13,600
ghoul,32685,31619,13,600
ghoul,32689,31623,13,600
ghoul,32687,31624,13,600
orc shaman,32434,31621,13,900
orc shaman,32432,31622,13,900
minotaur guard,32435,31623,13,700
orc shaman,32429,31624,13,900
wild warrior,33146,31624,13,600
wild warrior,33146,31625,13,600
monk,33146,31627,13,600
wild warrior,33145,31628,13,600
monk,33147,31628,13,600
slime,32796,31631,13,600
demon skeleton,32798,31631,13,600
slime,32798,31632,13,600
minotaur guard,33190,31629,13,600
priestess,33188,31632,13,700
minotaur guard,33192,31632,13,600
minotaur guard,33194,31633,13,600
priestess,33189,31634,13,700
minotaur guard,33189,31635,13,600
fire elemental,33211,31631,13,700
fire elemental,33211,31636,13,700
fire elemental,33212,31637,13,700
fire elemental,33206,31641,13,700
fire elemental,33208,31641,13,700
skeleton,32714,31643,13,800
skeleton,32716,31643,13,800
ghoul,32713,31644,13,600
ghoul,32710,31646,13,600
ghoul,32714,31647,13,600
ghoul,32819,31646,13,600
ghoul,32820,31647,13,600
monk,33192,31646,13,900
monk,33191,31648,13,900
goblin,32397,31649,13,600
goblin,32398,31649,13,600
orc leader,32397,31650,13,800
goblin,32399,31650,13,600
slime,32798,31656,13,600
demon skeleton,32801,31656,13,500
hunter,33211,31656,13,600
hunter,33210,31658,13,600
priestess,33296,31659,13,1200
monk,33111,31660,13,700
monk,33109,31661,13,700
demon skeleton,32714,31663,13,600
demon skeleton,32715,31663,13,600
demon skeleton,32717,31666,13,600
dragon,33293,31663,13,800
behemoth,33294,31664,13,700
behemoth,33295,31663,13,700
behemoth,33297,31663,13,700
behemoth,33298,31664,13,700
dragon,33300,31663,13,800
poison spider,32697,31664,13,600
poison spider,32696,31665,13,600
poison spider,32700,31665,13,600
poison spider,32696,31668,13,600
demon skeleton,32764,31665,13,600
demon skeleton,32765,31665,13,600
priestess,33134,31666,13,700
priestess,33106,31672,13,700
orc shaman,33113,31672,13,600
hero,33108,31673,13,600
demon skeleton,33111,31673,13,600
demon skeleton,33109,31674,13,600
hero,33110,31675,13,600
slime,33195,31676,13,600
scorpion,32820,31678,13,300
demon skeleton,32817,31679,13,600
scorpion,32819,31679,13,300
demon skeleton,32819,31681,13,600
demon skeleton,32739,31686,13,999
cyclops,33299,31691,13,700
dwarf soldier,33300,31691,13,500
cyclops,33299,31693,13,700
dwarf soldier,33303,31693,13,500
cyclops,33296,31694,13,700
cyclops,33301,31697,13,700
dwarf soldier,33306,31695,13,500
ghoul,32825,31694,13,600
ghoul,32826,31694,13,600
ghoul,32827,31695,13,600
fire elemental,33307,31704,13,600
fire elemental,33306,31705,13,600
fire elemental,33294,31707,13,600
fire elemental,33294,31709,13,600
dragon lord,32398,31717,13,900
ghoul,32519,31720,13,800
ghoul,32523,31720,13,800
ghoul,32521,31721,13,800
ghoul,32523,31721,13,800
dragon,32455,31729,13,800
skeleton,33354,31741,13,900
skeleton,33354,31742,13,900
skeleton,33345,31762,13,900
skeleton,33347,31763,13,900
skeleton,33347,31764,13,900
skeleton,33331,31788,13,800
scorpion,32226,31853,13,600
scorpion,32228,31855,13,600
dwarf soldier,32606,31874,13,600
dwarf soldier,32605,31876,13,600
dwarf soldier,32604,31877,13,600
slime,32442,31875,13,600
dwarf,32564,31875,13,600
dwarf,32564,31876,13,600
dwarf,32565,31878,13,600
rotworm,32583,31874,13,500
rotworm,32583,31875,13,500
dwarf,32626,31873,13,600
dwarf,32627,31875,13,600
ghost,32268,31877,13,600
dwarf guard,32459,31876,13,600
dwarf guard,32459,31877,13,600
dwarf guard,32461,31877,13,600
dwarf guard,32458,31878,13,600
dwarf guard,32458,31879,13,600
ghost,32247,31879,13,600
ghost,32248,31880,13,600
dwarf soldier,32583,31879,13,600
dwarf soldier,32583,31881,13,600
dwarf guard,32503,31881,13,600
dwarf guard,32505,31881,13,600
dwarf guard,32501,31882,13,600
dwarf guard,32499,31885,13,600
dwarf guard,32501,31885,13,600
dwarf guard,32503,31885,13,600
dwarf guard,32526,31878,13,600
dwarf guard,32527,31880,13,600
dwarf guard,32527,31881,13,600
dwarf guard,32527,31882,13,600
dwarf guard,32529,31882,13,600
dwarf,32609,31881,13,600
dwarf,32610,31881,13,600
dwarf,32609,31884,13,600
ghost,32227,31884,13,600
ghost,32230,31885,13,600
ghost,32230,31886,13,600
dwarf guard,32502,31887,13,600
dwarf guard,32503,31889,13,600
slime,32436,31891,13,600
slime,32434,31893,13,600
dwarf guard,32470,31891,13,600
dwarf guard,32473,31891,13,600
dwarf guard,32469,31892,13,600
dwarf guard,32470,31893,13,600
dwarf guard,32470,31895,13,600
dwarf,32575,31889,13,600
dwarf,32576,31890,13,600
dwarf,32575,31891,13,600
dwarf,32578,31893,13,600
dwarf guard,32515,31891,13,600
dwarf guard,32515,31892,13,600
dwarf guard,32518,31893,13,600
dwarf soldier,32669,31892,13,600
dwarf soldier,32668,31893,13,600
dwarf soldier,32669,31894,13,600
rotworm,32668,31896,13,500
rotworm,32668,31897,13,500
rotworm,32599,31892,13,500
rotworm,32600,31895,13,500
rotworm,32600,31896,13,500
slime,32457,31900,13,600
slime,32458,31900,13,600
rotworm,32556,31900,13,500
rotworm,32558,31901,13,500
rotworm,32558,31904,13,500
dwarf soldier,32584,31901,13,600
dwarf soldier,32586,31901,13,600
dwarf soldier,32587,31903,13,600
dwarf soldier,32581,31904,13,600
dwarf soldier,32583,31904,13,600
dwarf,32600,31907,13,600
dwarf,32602,31908,13,600
dwarf,32603,31908,13,600
ghost,32223,31908,13,600
ghost,32224,31909,13,600
slime,32437,31910,13,600
poison spider,32312,31911,13,600
poison spider,32311,31912,13,600
poison spider,32312,31912,13,600
dwarf,32572,31910,13,600
dwarf soldier,32576,31910,13,600
dwarf,32577,31912,13,600
dwarf,32574,31913,13,600
dwarf soldier,32575,31913,13,600
dwarf soldier,32575,31916,13,600
dwarf soldier,32604,31914,13,600
dwarf soldier,32608,31916,13,600
dwarf soldier,32605,31917,13,600
dwarf soldier,32606,31918,13,600
rotworm,32607,31919,13,500
rotworm,32608,31919,13,500
dwarf guard,32481,31915,13,600
dwarf guard,32482,31915,13,600
dwarf guard,32478,31916,13,600
dwarf guard,32478,31917,13,600
demon skeleton,32155,31917,13,600
demon skeleton,32168,31917,13,600
demon skeleton,32169,31917,13,600
demon skeleton,32168,31918,13,600
ghoul,32156,31919,13,600
ghoul,32155,31920,13,600
dwarf soldier,32553,31919,13,600
rotworm,32555,31919,13,500
dwarf soldier,32552,31920,13,600
rotworm,32554,31920,13,500
dwarf soldier,32555,31922,13,600
rotworm,32555,31923,13,500
dwarf soldier,32624,31917,13,600
dwarf soldier,32621,31919,13,600
dwarf soldier,32620,31920,13,600
dwarf soldier,32619,31923,13,600
rotworm,32666,31918,13,500
rotworm,32667,31918,13,500
rotworm,32665,31919,13,500
dwarf guard,32523,31918,13,600
dwarf guard,32525,31920,13,600
dwarf guard,32526,31921,13,600
slime,32450,31922,13,600
stalker,32177,31924,13,600
stalker,32176,31925,13,600
ghoul,32168,31923,13,600
ghoul,32168,31925,13,600
ghoul,32169,31925,13,600
dwarf guard,32493,31925,13,600
dwarf guard,32495,31925,13,600
dwarf guard,32492,31926,13,600
dwarf guard,32493,31926,13,600
dwarf guard,32518,31920,13,600
dwarf guard,32515,31923,13,600
dwarf guard,32515,31924,13,600
dwarf guard,32513,31925,13,600
dwarf guard,32517,31929,13,600
demon skeleton,32154,31928,13,600
demon skeleton,32155,31928,13,600
monk,32173,31928,13,600
slime,32456,31928,13,600
slime,32462,31931,13,600
slime,32464,31933,13,600
scorpion,32275,31932,13,600
scorpion,32276,31932,13,600
scorpion,32278,31933,13,600
ghost,32287,31930,13,600
demon skeleton,32291,31931,13,600
ghost,32287,31932,13,600
ghost,32288,31932,13,600
demon skeleton,32290,31934,13,600
demon skeleton,32305,31931,13,600
demon skeleton,32306,31933,13,600
demon skeleton,32307,31933,13,600
demon skeleton,32307,31936,13,600
stalker,32164,31934,13,600
stalker,32165,31934,13,600
ghoul,32182,31932,13,600
ghoul,32181,31934,13,600
demon skeleton,32292,31934,13,600
rotworm,32646,31936,13,500
dwarf guard,32501,31934,13,600
dwarf guard,32502,31938,13,600
dwarf guard,32502,31940,13,600
dwarf guard,32505,31940,13,600
dwarf soldier,32669,31938,13,600
dwarf soldier,32668,31940,13,600
dwarf soldier,32668,31941,13,600
dwarf,32665,31942,13,600
demon skeleton,32156,31939,13,600
demon skeleton,32156,31940,13,600
demon skeleton,32166,31939,13,600
demon skeleton,32164,31941,13,600
dwarf,32632,31934,13,600
dwarf,32634,31936,13,600
dwarf,32629,31939,13,600
dwarf,32631,31939,13,600
dwarf,32630,31940,13,600
ghost,32278,31940,13,600
ghost,32279,31941,13,600
dwarf,32664,31940,13,600
dwarf,32665,31943,13,600
scorpion,32250,31941,13,600
scorpion,32249,31943,13,600
scorpion,32251,31943,13,600
scorpion,32254,31944,13,600
monk,32162,31942,13,600
demon skeleton,32177,31943,13,600
dwarf guard,32437,31942,13,600
dwarf guard,32437,31943,13,600
dwarf guard,32438,31943,13,600
dwarf guard,32440,31945,13,600
dwarf guard,32441,31947,13,600
scorpion,32256,31943,13,600
scorpion,32255,31945,13,600
scorpion,32253,31946,13,600
scorpion,32266,31945,13,600
scorpion,32267,31945,13,600
scorpion,32267,31948,13,600
ghost,32291,31943,13,600
ghost,32294,31946,13,600
ghost,32292,31948,13,600
demon skeleton,32308,31945,13,600
demon skeleton,32307,31947,13,600
ghoul,32155,31948,13,600
ghoul,32155,31950,13,600
ghoul,32166,31949,13,600
stalker,32169,31950,13,600
ghost,32287,31949,13,600
ghost,32288,31950,13,600
ghost,32290,31951,13,600
dwarf guard,32502,31951,13,600
dwarf guard,32503,31953,13,600
dwarf guard,32502,31954,13,600
dwarf guard,32506,31954,13,600
dwarf soldier,32664,31951,13,600
dwarf soldier,32665,31951,13,600
dwarf soldier,32663,31953,13,600
dwarf soldier,32663,31955,13,600
scorpion,32268,31955,13,600
demon skeleton,32271,31956,13,600
demon skeleton,32268,31957,13,600
demon skeleton,32271,31957,13,600
scorpion,32267,31958,13,600
scorpion,32268,31961,13,600
scorpion,32280,31956,13,600
scorpion,32282,31957,13,600
demon skeleton,32311,31957,13,600
demon skeleton,32311,31960,13,600
demon skeleton,32312,31960,13,600
stalker,32264,31959,13,600
stalker,32263,31960,13,600
stalker,32266,31962,13,600
scorpion,32267,31962,13,600
dwarf guard,32455,31956,13,600
dwarf guard,32455,31957,13,600
dwarf guard,32461,31957,13,600
dwarf guard,32456,31958,13,600
dwarf guard,32462,31958,13,600
dwarf guard,32454,31960,13,600
dwarf guard,32465,31955,13,600
dwarf guard,32463,31959,13,600
ghost,32256,31956,13,600
ghost,32258,31957,13,600
ghost,32258,31959,13,600
demon skeleton,32292,31958,13,600
demon skeleton,32292,31960,13,600
dwarf guard,32602,31961,13,600
stalker,32267,31965,13,600
stalker,32283,31963,13,600
stalker,32284,31965,13,600
dwarf guard,32510,31965,13,600
dwarf guard,32512,31965,13,600
dwarf guard,32514,31965,13,600
dwarf guard,32514,31969,13,600
demon skeleton,32310,31968,13,600
demon skeleton,32310,31970,13,600
dwarf guard,32480,31968,13,600
dwarf guard,32479,31969,13,600
dwarf guard,32480,31969,13,600
dwarf guard,32478,31970,13,600
dwarf guard,32477,31971,13,600
dwarf guard,32479,31971,13,600
rotworm,32663,31969,13,600
rotworm,32664,31969,13,600
dwarf soldier,32662,31970,13,600
dwarf soldier,32663,31971,13,600
dwarf soldier,32664,31972,13,600
slime,32290,31971,13,600
slime,32292,31971,13,600
slime,32291,31973,13,600
slime,32293,31973,13,600
dwarf guard,32515,31975,13,600
dwarf guard,32518,31975,13,600
dwarf guard,32513,31976,13,600
dwarf guard,32518,31976,13,600
dwarf guard,32513,31979,13,600
dwarf guard,32514,31979,13,600
dwarf guard,32513,31980,13,600
dwarf soldier,32662,31979,13,600
dwarf,32663,31980,13,600
dwarf soldier,32661,31981,13,600
dwarf,32665,31981,13,600
dwarf soldier,32662,31982,13,600
witch,32556,31985,13,600
dwarf guard,32557,31986,13,600
dwarf,32650,31984,13,600
dwarf,32648,31985,13,600
dwarf guard,32560,31984,13,600
dwarf guard,32559,31986,13,600
dwarf guard,32558,31987,13,600
dwarf guard,32558,31991,13,600
dwarf guard,32561,31991,13,600
dwarf guard,32558,31992,13,600
dwarf guard,32459,31986,13,600
dwarf guard,32458,31987,13,600
dwarf guard,32456,31988,13,600
dwarf guard,32457,31988,13,600
dwarf guard,32452,31991,13,600
dwarf guard,32525,31989,13,600
dwarf guard,32526,31992,13,600
dwarf guard,32527,31992,13,600
dwarf guard,32527,31995,13,600
rotworm,32651,31993,13,500
rotworm,32649,31994,13,500
dwarf guard,32496,31994,13,600
dwarf guard,32491,31995,13,600
dwarf guard,32492,31996,13,600
dwarf guard,32493,31996,13,600
dwarf guard,32452,32006,13,8000
dwarf guard,32451,32007,13,8000
dwarf geomancer,32454,32007,13,8000
fire elemental,32372,32008,13,600
skeleton,32039,32120,13,600
skeleton,32039,32122,13,600
bug,31983,32138,13,400
bug,31984,32138,13,400
rotworm,32500,32168,13,500
rotworm,32499,32169,13,500
rotworm,32498,32170,13,500
skeleton,32499,32172,13,400
skeleton,32510,32171,13,500
skeleton,32511,32172,13,500
skeleton,32510,32174,13,500
skeleton,32501,32175,13,400
skeleton,32502,32175,13,400
poison spider,32570,32173,13,300
poison spider,32572,32177,13,300
poison spider,32575,32177,13,300
poison spider,32577,32180,13,300
poison spider,32580,32180,13,300
poison spider,32572,32181,13,300
troll,32596,32187,13,600
troll,32598,32189,13,600
troll,32594,32190,13,600
troll,32595,32190,13,600
troll,32592,32194,13,600
troll,32594,32194,13,600
rotworm,31953,32200,13,500
minotaur,32586,32202,13,500
minotaur guard,32589,32202,13,500
minotaur,32586,32203,13,500
minotaur guard,32588,32204,13,500
minotaur,32590,32204,13,500
minotaur,32590,32205,13,500
minotaur,32592,32207,13,500
poison spider,32506,32210,13,800
poison spider,32505,32211,13,800
minotaur,32584,32208,13,500
minotaur,32586,32210,13,500
minotaur,32520,32216,13,400
minotaur,32519,32218,13,400
minotaur,32517,32221,13,400
goblin,31974,32223,13,600
goblin,31971,32225,13,600
goblin,31977,32225,13,600
goblin,31975,32230,13,600
goblin,31978,32231,13,600
demon skeleton,32840,32314,13,600
demon skeleton,32842,32316,13,600
ghoul,32844,32318,13,600
demon skeleton,32783,32318,13,600
demon skeleton,32786,32318,13,600
demon skeleton,32787,32321,13,600
demon skeleton,32789,32321,13,600
ghoul,32843,32320,13,600
demon skeleton,32823,32320,13,600
demon skeleton,32821,32322,13,600
demon skeleton,32821,32323,13,600
ghoul,32847,32333,13,600
ghoul,32849,32333,13,600
ghoul,32846,32334,13,600
demon skeleton,32846,32335,13,600
dragon lord,32808,32338,13,600
ghoul,32883,32338,13,600
demon skeleton,32881,32339,13,600
ghoul,32883,32339,13,600
demon skeleton,32881,32340,13,600
demon skeleton,32882,32340,13,600
demon skeleton,32872,32339,13,600
demon skeleton,32872,32341,13,600
slime,32826,32345,13,600
demon skeleton,32890,32342,13,600
demon skeleton,32892,32345,13,600
demon skeleton,32890,32348,13,600
giant spider,32794,32346,13,600
giant spider,32793,32348,13,600
demon skeleton,32818,32350,13,600
demon skeleton,32818,32351,13,600
ghoul,32877,32350,13,600
ghoul,32877,32351,13,600
ghoul,32877,32352,13,600
demon skeleton,32873,32354,13,600
dragon lord,32794,32354,13,600
demon skeleton,32872,32353,13,600
demon skeleton,32872,32357,13,600
ghoul,32847,32354,13,600
ghoul,32845,32355,13,600
ghoul,32846,32355,13,600
dragon lord,32808,32361,13,600
dragon lord,32810,32361,13,600
demon skeleton,32839,32359,13,600
demon skeleton,32839,32362,13,600
demon skeleton,32838,32363,13,600
priestess,33055,32489,13,600
mummy,33058,32487,13,600
mummy,33058,32490,13,600
mummy,33056,32492,13,600
vampire,33051,32491,13,600
vampire,33052,32492,13,600
vampire,33128,32493,13,600
ghost,33132,32493,13,600
ghost,33131,32494,13,600
mummy,33070,32504,13,600
mummy,33070,32505,13,600
mummy,33067,32506,13,600
demon skeleton,33074,32507,13,600
ghost,33050,32505,13,600
ghost,33050,32506,13,600
mummy,33052,32506,13,600
mummy,33051,32508,13,600
stalker,33059,32505,13,600
vampire,33057,32506,13,600
stalker,33059,32506,13,600
vampire,33059,32508,13,600
ghoul,33132,32503,13,600
ghoul,33132,32505,13,600
mummy,33130,32506,13,600
mummy,33129,32507,13,600
vampire,33038,32506,13,600
vampire,33040,32507,13,600
vampire,33037,32508,13,600
gargoyle,33037,32509,13,600
mummy,33128,32509,13,600
mummy,33129,32509,13,600
demon skeleton,33055,32507,13,600
mummy,33266,32505,13,1200
mummy,33267,32507,13,1200
mummy,33051,32511,13,600
vampire,33071,32510,13,600
vampire,33069,32511,13,600
ghost,33091,32513,13,600
ghost,33088,32515,13,600
demon skeleton,33088,32516,13,600
ghost,33093,32516,13,600
ghost,33094,32517,13,600
stalker,33101,32514,13,600
stalker,33099,32516,13,600
vampire,33104,32516,13,600
stalker,33099,32517,13,600
stalker,33101,32518,13,600
vampire,33102,32518,13,600
scarab,33281,32517,13,600
scarab,33282,32517,13,600
mummy,33252,32517,13,1200
mummy,33254,32518,13,1200
cobra,33266,32517,13,600
cobra,33267,32518,13,600
cobra,33271,32518,13,600
slime,33271,32519,13,600
cobra,33265,32521,13,600
slime,33269,32521,13,600
gargoyle,33053,32520,13,600
beholder,33058,32520,13,600
slime,33076,32527,13,600
slime,33074,32528,13,600
slime,33076,32530,13,600
ghoul,33147,32525,13,600
vampire,33145,32528,13,600
ghoul,33148,32528,13,600
ghoul,33145,32530,13,600
vampire,33146,32531,13,600
stalker,33264,32528,13,700
cobra,33265,32528,13,600
cobra,33267,32528,13,600
stalker,33268,32528,13,700
stalker,33267,32531,13,700
ghoul,33253,32529,13,600
mummy,33253,32530,13,1200
mummy,33251,32531,13,1200
scarab,33067,32530,13,600
scarab,33067,32531,13,600
scarab,33066,32532,13,600
stalker,33068,32534,13,600
mummy,33288,32528,13,1200
mummy,33289,32530,13,1200
ghost,33289,32533,13,1200
vampire,33145,32533,13,600
stalker,33271,32533,13,700
mummy,33094,32529,13,600
mummy,33096,32532,13,600
mummy,33096,32535,13,600
ghost,33287,32534,13,1200
beholder,33028,32535,13,600
beholder,33030,32535,13,600
beholder,33027,32538,13,600
stalker,33067,32535,13,600
stalker,33067,32536,13,600
vampire,33131,32541,13,600
cobra,33321,32540,13,600
cobra,33323,32541,13,600
mummy,33320,32542,13,900
ghost,33128,32538,13,600
ghost,33129,32541,13,600
ghost,33128,32542,13,600
ghost,33129,32542,13,600
mummy,33304,32542,13,1600
ghoul,33302,32544,13,600
ghoul,33303,32544,13,600
mummy,33304,32544,13,1600
ghoul,33301,32545,13,600
stalker,33109,32546,13,600
vampire,33030,32546,13,600
vampire,33027,32547,13,600
vampire,33025,32549,13,600
demon skeleton,33028,32550,13,600
ghost,33047,32547,13,600
magicthrower,33090,32549,13,60
magicthrower,33092,32549,13,60
magicthrower,33094,32549,13,60
mummy,33063,32547,13,600
mummy,33065,32550,13,600
stalker,33065,32551,13,600
stalker,33063,32552,13,600
stalker,33065,32554,13,600
slime,33048,32550,13,600
slime,33046,32551,13,600
stalker,33047,32554,13,600
vampire,33083,32551,13,600
scarab,33290,32551,13,600
scarab,33292,32553,13,600
ghoul,33322,32550,13,600
ghoul,33318,32552,13,600
ghoul,33320,32552,13,600
scarab,33321,32556,13,600
stalker,33025,32554,13,600
stalker,33026,32554,13,600
stalker,33049,32555,13,600
magicthrower,33090,32554,13,60
magicthrower,33092,32554,13,60
magicthrower,33094,32554,13,60
skeleton,33281,32553,13,600
skeleton,33279,32554,13,600
stalker,33335,32552,13,600
ghoul,33334,32554,13,600
stalker,33336,32554,13,600
stalker,33338,32554,13,600
ghoul,33331,32555,13,600
ghoul,33337,32555,13,600
fire elemental,33238,32555,13,900
slime,33255,32555,13,600
scarab,33320,32557,13,600
skeleton,33269,32560,13,600
skeleton,33268,32561,13,600
cobra,33255,32560,13,600
cobra,33254,32561,13,600
ghost,33013,32562,13,600
vampire,33015,32562,13,600
ghost,33011,32564,13,600
vampire,33018,32564,13,600
vampire,33013,32565,13,600
vampire,33015,32565,13,600
ghost,33010,32567,13,600
ghoul,33303,32560,13,600
ghoul,33305,32563,13,600
ghoul,33306,32564,13,600
mummy,33303,32566,13,900
demon skeleton,33007,32564,13,600
ghoul,33320,32564,13,600
ghoul,33319,32566,13,600
vampire,33322,32567,13,1600
mummy,33078,32567,13,600
mummy,33080,32567,13,600
stalker,33080,32570,13,600
ghost,33084,32566,13,600
ghost,33085,32567,13,600
beholder,33120,32567,13,600
ghoul,33124,32565,13,600
ghoul,33126,32566,13,600
ghoul,33125,32567,13,600
ghoul,33123,32568,13,600
stalker,33122,32569,13,600
stalker,33122,32570,13,600
stalker,33082,32572,13,600
ghoul,33273,32568,13,600
ghoul,33274,32571,13,600
ghoul,33272,32574,13,600
stalker,33272,32575,13,600
ghost,33026,32571,13,600
ghost,33025,32573,13,600
ghost,33026,32574,13,600
vampire,33028,32575,13,600
vampire,33027,32576,13,600
vampire,33030,32573,13,600
mummy,33259,32573,13,1200
mummy,33261,32575,13,1200
mummy,33261,32578,13,1200
ghost,33132,32576,13,600
stalker,33273,32577,13,600
stalker,33270,32578,13,600
stalker,33113,32578,13,600
stalker,33115,32578,13,600
mummy,33328,32580,13,900
mummy,33329,32580,13,900
ghoul,33303,32581,13,600
ghoul,33302,32582,13,600
ghoul,33304,32585,13,600
ghoul,33317,32580,13,600
ghoul,33314,32582,13,600
ghoul,33316,32584,13,600
ghoul,33079,32581,13,600
ghoul,33078,32583,13,600
ghoul,33082,32583,13,600
ghoul,33080,32584,13,600
ghoul,33328,32584,13,600
ghoul,33330,32585,13,600
necromancer,33026,32585,13,600
beholder,33029,32585,13,600
ghost,33283,32594,13,1200
ghost,33282,32595,13,1200
ghost,33284,32597,13,1200
mummy,33120,32594,13,600
mummy,33121,32595,13,600
mummy,33122,32596,13,600
lich,33125,32596,13,600
stalker,33122,32597,13,600
stalker,33123,32598,13,600
vampire,33217,32613,13,600
mummy,33218,32614,13,600
gargoyle,33220,32615,13,600
mummy,33216,32616,13,600
gargoyle,33218,32616,13,600
mummy,33217,32617,13,600
gargoyle,33218,32617,13,600
stone golem,33213,32620,13,600
bonebeast,33220,32620,13,900
stone golem,33212,32621,13,600
gargoyle,33190,32621,13,600
gargoyle,33193,32621,13,600
gargoyle,33194,32623,13,600
stone golem,33196,32623,13,600
gargoyle,33197,32623,13,600
stone golem,33196,32624,13,600
vampire,33174,32634,13,600
crypt shambler,33176,32633,13,600
crypt shambler,33178,32634,13,600
crypt shambler,33316,32633,13,600
crypt shambler,33318,32635,13,600
crypt shambler,33320,32637,13,600
stone golem,33173,32639,13,600
stone golem,33174,32641,13,600
ghoul,33209,32639,13,600
ghoul,33210,32641,13,600
crypt shambler,33274,32644,13,600
crypt shambler,33273,32646,13,600
mummy,33280,32642,13,600
mummy,33283,32644,13,600
mummy,33283,32646,13,600
mummy,33284,32648,13,600
mummy,33078,32646,13,600
mummy,33079,32647,13,600
mummy,33080,32647,13,600
vampire,33079,32648,13,600
mummy,33081,32648,13,600
stalker,33078,32649,13,600
stalker,33083,32650,13,600
lich,33088,32646,13,600
vampire,33126,32646,13,600
ghost,33104,32646,13,600
vampire,33105,32646,13,600
vampire,33102,32647,13,600
vampire,33105,32648,13,600
ghost,33109,32647,13,600
ghost,33109,32648,13,600
ghost,33105,32652,13,600
ghost,33108,32652,13,600
crypt shambler,33334,32646,13,600
mummy,33338,32646,13,600
crypt shambler,33335,32647,13,600
mummy,33337,32647,13,600
demon skeleton,33333,32648,13,600
stalker,33123,32645,13,600
stalker,33122,32648,13,600
stalker,33121,32649,13,600
stalker,33123,32649,13,600
ghost,33128,32646,13,600
ghost,33128,32648,13,600
ghost,33130,32649,13,600
ghost,33130,32652,13,600
stalker,33086,32647,13,600
stalker,33086,32653,13,600
stalker,33086,32655,13,600
gargoyle,33198,32652,13,600
gargoyle,33196,32653,13,600
gargoyle,33197,32653,13,600
ghoul,33274,32653,13,600
ghoul,33276,32654,13,600
ghoul,33272,32655,13,600
ghoul,33278,32656,13,600
stalker,33283,32653,13,600
stalker,33285,32654,13,600
ghoul,33176,32654,13,600
ghoul,33176,32655,13,600
ghoul,33173,32657,13,600
mummy,33248,32655,13,600
crypt shambler,33246,32654,13,600
crypt shambler,33246,32657,13,600
crypt shambler,33248,32658,13,600
crypt shambler,33247,32659,13,600
crypt shambler,33339,32659,13,600
crypt shambler,33342,32661,13,600
crypt shambler,33339,32662,13,600
vampire,33057,32659,13,600
vampire,33056,32660,13,600
vampire,33271,32660,13,600
vampire,33270,32662,13,600
beholder,33052,32662,13,600
beholder,33052,32663,13,600
bonebeast,33176,32663,13,999
lich,33057,32664,13,600
gargoyle,33192,32663,13,600
gargoyle,33190,32664,13,600
mummy,33188,32666,13,600
demon skeleton,33206,32664,13,600
demon skeleton,33207,32665,13,600
stone golem,33173,32666,13,600
gargoyle,33180,32665,13,600
gargoyle,33180,32666,13,600
gargoyle,33181,32666,13,600
mummy,33189,32668,13,600
mummy,33187,32669,13,600
crypt shambler,33339,32666,13,600
crypt shambler,33337,32668,13,600
slime,33338,32668,13,600
crypt shambler,33338,32669,13,600
vampire,33354,32668,13,600
mummy,33355,32668,13,600
mummy,33353,32666,13,600
mummy,33352,32669,13,600
mummy,33292,32670,13,600
mummy,33095,32669,13,600
mummy,33098,32671,13,600
mummy,33096,32673,13,600
gargoyle,33094,32674,13,600
gargoyle,33097,32674,13,600
ghost,33207,32671,13,600
crypt shambler,33213,32670,13,600
crypt shambler,33214,32671,13,600
deathslicer,33254,32671,13,60
vampire,33090,32672,13,600
vampire,33089,32673,13,600
stalker,33124,32671,13,600
stalker,33126,32672,13,600
crypt shambler,33031,32673,13,600
crypt shambler,33029,32674,13,600
crypt shambler,33029,32675,13,600
gargoyle,33092,32677,13,600
demon skeleton,33159,32674,13,600
mummy,33074,32676,13,600
mummy,33075,32677,13,600
demon skeleton,33190,32676,13,600
vampire,33282,32676,13,600
vampire,33283,32678,13,600
ghoul,33324,32674,13,600
ghoul,33325,32676,13,600
ghoul,33321,32677,13,600
demon skeleton,33324,32678,13,600
ghoul,33325,32678,13,600
mummy,33158,32678,13,600
crypt shambler,33163,32677,13,600
crypt shambler,33161,32678,13,600
mummy,33338,32677,13,600
mummy,33338,32678,13,600
mummy,33339,32678,13,600
deathslicer,33254,32679,13,60
ghoul,33125,32679,13,600
ghoul,33129,32680,13,600
ghoul,33125,32681,13,600
ghoul,33132,32683,13,600
mummy,33192,32680,13,600
mummy,33192,32681,13,600
mummy,33190,32683,13,600
vampire,33307,32680,13,600
vampire,33307,32682,13,600
bonebeast,33311,32681,13,600
gargoyle,33160,32682,13,600
gargoyle,33161,32683,13,600
mummy,33002,32680,13,600
crypt shambler,33003,32681,13,600
mummy,33003,32683,13,600
crypt shambler,33006,32684,13,600
mummy,33005,32686,13,600
mummy,33115,32683,13,600
mummy,33118,32683,13,600
mummy,33113,32684,13,600
vampire,33138,32680,13,600
vampire,33138,32683,13,600
vampire,33138,32684,13,600
vampire,33204,32683,13,600
mummy,33213,32683,13,600
ghoul,33222,32681,13,600
ghoul,33223,32683,13,600
ghoul,33222,32685,13,600
ghoul,33222,32686,13,600
crypt shambler,33293,32680,13,600
crypt shambler,33292,32683,13,600
crypt shambler,33294,32683,13,600
crypt shambler,33009,32683,13,600
gargoyle,33209,32684,13,600
gargoyle,33211,32685,13,600
scarab,33397,32687,13,600
scarab,33395,32688,13,600
mummy,33398,32688,13,600
cobra,33398,32689,13,600
cobra,33394,32690,13,600
mummy,33400,32686,13,600
slime,33401,32688,13,600
slime,33400,32689,13,600
crypt shambler,33400,32690,13,600
slime,33399,32691,13,600
crypt shambler,33400,32691,13,600
deathslicer,33265,32689,13,60
crypt shambler,33323,32689,13,600
crypt shambler,33324,32689,13,600
crypt shambler,33323,32691,13,600
ghost,33099,32690,13,600
ghost,33098,32691,13,600
ghost,33099,32692,13,600
ghost,33101,32692,13,600
beholder,33101,32693,13,600
mummy,33332,32688,13,600
mummy,33334,32688,13,600
mummy,33334,32690,13,600
mummy,33332,32692,13,600
necromancer,33344,32690,13,600
ghoul,33167,32691,13,600
ghoul,33169,32691,13,600
vampire,33167,32692,13,600
mummy,33167,32694,13,600
ghoul,33175,32689,13,600
ghoul,33176,32691,13,600
cobra,33395,32692,13,600
cobra,33394,32693,13,600
scarab,33395,32693,13,600
scarab,33398,32695,13,600
scarab,33397,32696,13,600
beholder,33053,32694,13,600
crypt shambler,33055,32695,13,600
beholder,33053,32696,13,600
crypt shambler,33053,32697,13,600
mummy,33080,32694,13,600
mummy,33081,32694,13,600
mummy,33079,32695,13,600
mummy,33078,32696,13,600
green djinn,33080,32699,13,600
vampire,33308,32693,13,600
vampire,33309,32694,13,600
mummy,33311,32694,13,600
mummy,33378,32693,13,600
mummy,33379,32694,13,600
scarab,33380,32695,13,600
scarab,33379,32696,13,600
vampire,33379,32697,13,600
ghost,33124,32695,13,600
ghost,33125,32695,13,600
ghost,33127,32698,13,600
mummy,33193,32695,13,600
ghoul,33300,32694,13,600
ghoul,33300,32695,13,600
ghoul,33298,32696,13,600
vampire,33018,32694,13,600
vampire,33016,32696,13,600
demon skeleton,33049,32696,13,600
deathslicer,33255,32696,13,60
bonebeast,33285,32696,13,600
crypt shambler,33319,32701,13,600
crypt shambler,33321,32701,13,600
crypt shambler,33320,32703,13,600
deathslicer,33264,32704,13,60
mummy,33157,32702,13,600
mummy,33157,32705,13,600
mummy,33156,32707,13,600
gargoyle,33160,32707,13,600
gargoyle,33158,32708,13,600
ghoul,33385,32705,13,600
ghoul,33384,32706,13,600
mummy,33121,32705,13,600
mummy,33121,32706,13,600
mummy,33121,32709,13,600
gargoyle,33194,32707,13,600
gargoyle,33195,32709,13,600
gargoyle,33202,32706,13,600
gargoyle,33202,32707,13,600
ghoul,33232,32707,13,600
ghoul,33231,32708,13,600
ghoul,33233,32708,13,600
vampire,33234,32710,13,600
crypt shambler,33159,32710,13,600
crypt shambler,33160,32711,13,600
gargoyle,33161,32711,13,600
vampire,33157,32712,13,600
demon skeleton,33299,32707,13,600
demon skeleton,33299,32708,13,600
beholder,33029,32709,13,600
mummy,33198,32710,13,600
scorpion,33091,32711,13,600
scorpion,33091,32712,13,600
scorpion,33090,32713,13,600
scorpion,33091,32714,13,600
mummy,33111,32710,13,600
ghost,33111,32711,13,600
ghost,33112,32711,13,600
mummy,33110,32712,13,600
mummy,33107,32712,13,600
demon skeleton,33363,32712,13,600
ghoul,33130,32712,13,600
ghoul,33130,32713,13,600
ghoul,33131,32713,13,600
ghoul,33131,32717,13,600
crypt shambler,33398,32713,13,600
crypt shambler,33398,32714,13,600
mummy,33396,32715,13,600
mummy,33398,32715,13,600
slime,33395,32716,13,600
scarab,33363,32715,13,600
scarab,33365,32716,13,600
ghoul,33360,32717,13,600
ghoul,33360,32718,13,600
slime,33396,32717,13,600
beholder,33078,32714,13,600
beholder,33079,32716,13,600
beholder,33080,32716,13,600
mummy,33071,32714,13,600
mummy,33073,32717,13,600
mummy,33073,32719,13,600
mummy,33074,32720,13,600
ghoul,33217,32716,13,600
ghoul,33218,32717,13,600
crypt shambler,33220,32717,13,600
demon skeleton,33220,32719,13,600
crypt shambler,33222,32717,13,600
ghost,33018,32718,13,600
ghost,33019,32719,13,600
ghost,33021,32720,13,600
green djinn,33016,32721,13,600
ghost,33121,32718,13,600
vampire,33172,32718,13,600
crypt shambler,33347,32718,13,600
scarab,33344,32719,13,600
ghoul,33345,32719,13,600
crypt shambler,33347,32719,13,600
slime,33346,32720,13,600
ghoul,33347,32720,13,600
scarab,33387,32718,13,600
scarab,33388,32718,13,600
scarab,33342,32720,13,600
slime,33346,32722,13,600
cobra,33348,32722,13,600
slime,33346,32723,13,600
cobra,33350,32723,13,600
mummy,33167,32721,13,600
mummy,33167,32724,13,600
mummy,33170,32724,13,600
mummy,33175,32718,13,600
mummy,33177,32719,13,600
mummy,33177,32721,13,600
demon skeleton,33173,32723,13,600
green djinn,33044,32724,13,600
scarab,33267,32724,13,600
scarab,33268,32724,13,600
mummy,33267,32725,13,600
ghoul,33270,32725,13,600
ghoul,33271,32725,13,600
mummy,33267,32727,13,600
stalker,33044,32721,13,600
stalker,33045,32721,13,600
stalker,33048,32725,13,600
beholder,33048,32726,13,600
stalker,33045,32727,13,600
beholder,33048,32727,13,600
beholder,33045,32729,13,600
cobra,33102,32723,13,600
cobra,33107,32724,13,600
cobra,33103,32727,13,600
cobra,33102,32729,13,600
beholder,33393,32727,13,600
slime,33392,32729,13,600
slime,33393,32729,13,600
scarab,33342,32730,13,600
scarab,33342,32731,13,600
cobra,33363,32731,13,600
cobra,33363,32732,13,600
cobra,33380,32729,13,600
cobra,33380,32731,13,600
slime,33131,32732,13,600
scarab,33388,32732,13,600
scarab,33390,32733,13,600
crypt shambler,33390,32735,13,600
mummy,33119,32731,13,600
mummy,33120,32733,13,600
mummy,33121,32734,13,600
mummy,33125,32734,13,600
crypt shambler,33242,32736,13,600
slime,33273,32735,13,600
slime,33274,32737,13,600
mummy,33374,32736,13,600
vampire,33374,32737,13,600
mummy,33373,32738,13,600
crypt shambler,33392,32737,13,600
crypt shambler,33371,32738,13,600
crypt shambler,33371,32739,13,600
mummy,33355,32737,13,600
mummy,33355,32739,13,600
ghost,33029,32740,13,600
green djinn,33151,32738,13,600
green djinn,33152,32740,13,600
beholder,33149,32741,13,600
scorpion,33303,32739,13,600
scorpion,33303,32740,13,600
scorpion,33303,32741,13,600
scorpion,33303,32744,13,600
scorpion,33303,32745,13,600
scarab,33320,32740,13,600
scarab,33317,32741,13,600
scarab,33318,32741,13,600
cobra,33320,32741,13,600
cobra,33319,32742,13,600
scarab,33316,32744,13,600
crypt shambler,33330,32740,13,600
slime,33327,32741,13,600
slime,33327,32742,13,600
crypt shambler,33332,32741,13,600
mummy,33113,32742,13,600
mummy,33112,32744,13,600
vampire,33114,32744,13,600
mummy,33113,32745,13,600
vampire,33113,32746,13,600
crypt shambler,33340,32742,13,600
crypt shambler,33342,32742,13,600
ghost,33013,32742,13,600
ghost,33011,32743,13,600
ghost,33013,32745,13,600
vampire,33010,32747,13,600
stalker,33081,32743,13,600
stalker,33084,32743,13,600
beholder,33081,32745,13,600
beholder,33082,32745,13,600
stalker,33084,32745,13,600
stalker,33084,32747,13,600
scorpion,33096,32744,13,600
scorpion,33093,32745,13,600
scorpion,33099,32745,13,600
vampire,33114,32747,13,600
mummy,33039,32742,13,600
mummy,33036,32745,13,600
mummy,33039,32745,13,600
mummy,33037,32746,13,600
mummy,33267,32747,13,600
ghoul,33263,32747,13,600
ghoul,33264,32748,13,600
mummy,33340,32748,13,600
mummy,33342,32748,13,600
vampire,33011,32748,13,600
vampire,33011,32749,13,600
scarab,33259,32748,13,600
scarab,33257,32749,13,600
scarab,33255,32750,13,600
crypt shambler,33254,32753,13,600
poison spider,33286,32748,13,600
ghoul,33290,32748,13,600
ghoul,33288,32749,13,600
ghoul,33289,32749,13,600
poison spider,33291,32749,13,600
poison spider,33291,32750,13,600
poison spider,33296,32748,13,600
poison spider,33296,32750,13,600
vampire,33129,32746,13,600
ghost,33131,32749,13,600
vampire,33129,32750,13,600
ghost,33130,32750,13,600
ghost,33134,32750,13,600
vampire,33126,32751,13,600
vampire,33133,32752,13,600
ghost,33136,32751,13,600
scarab,33242,32750,13,600
scarab,33242,32752,13,600
scarab,33243,32753,13,600
crypt shambler,33255,32755,13,600
slime,33263,32753,13,600
slime,33262,32755,13,600
vampire,33362,32754,13,600
cobra,33224,32755,13,600
cobra,33224,32757,13,600
cobra,33223,32758,13,600
scarab,33383,32755,13,600
slime,33384,32755,13,600
scorpion,33380,32756,13,600
slime,33387,32756,13,600
crypt shambler,33380,32757,13,600
scarab,33382,32757,13,600
scarab,33383,32757,13,600
slime,33387,32758,13,600
scorpion,33379,32759,13,600
ghost,33056,32751,13,600
ghost,33052,32755,13,600
ghost,33053,32756,13,600
beholder,33058,32758,13,600
stalker,33059,32758,13,600
ghost,33054,32759,13,600
beholder,33057,32759,13,600
ghost,33053,32760,13,600
vampire,33056,32760,13,600
vampire,33057,32761,13,600
vampire,33058,32761,13,600
vampire,33056,32762,13,600
crypt shambler,33359,32754,13,600
crypt shambler,33359,32756,13,600
mummy,33360,32757,13,600
mummy,33362,32759,13,600
stalker,33063,32757,13,600
stalker,33064,32757,13,600
stalker,33061,32760,13,600
stalker,33060,32762,13,600
cobra,33259,32757,13,600
cobra,33261,32757,13,600
cobra,33258,32758,13,600
ghoul,33265,32758,13,600
ghoul,33266,32758,13,600
mummy,33266,32760,13,600
scorpion,33334,32757,13,600
scorpion,33333,32758,13,600
demon skeleton,33307,32759,13,600
ghoul,33351,32759,13,600
ghoul,33351,32760,13,600
mummy,33365,32758,13,600
scorpion,33382,32762,13,600
slime,33205,32758,13,600
slime,33204,32759,13,600
mummy,33205,32760,13,600
slime,33206,32760,13,600
mummy,33204,32761,13,600
vampire,33307,32761,13,600
vampire,33309,32763,13,600
vampire,33306,32765,13,600
vampire,33310,32765,13,600
poison spider,33238,32765,13,600
poison spider,33238,32766,13,600
poison spider,33238,32767,13,600
poison spider,33238,32768,13,600
cobra,33330,32765,13,600
scarab,33327,32766,13,600
scarab,33329,32767,13,600
cobra,33332,32769,13,600
scorpion,33352,32768,13,600
scorpion,33353,32768,13,600
scorpion,33355,32768,13,600
beholder,33084,32768,13,600
beholder,33085,32769,13,600
beholder,33087,32769,13,600
slime,33087,32771,13,600
slime,33085,32773,13,600
vampire,33117,32767,13,600
ghost,33121,32768,13,600
vampire,33120,32769,13,600
ghost,33123,32770,13,600
vampire,33123,32772,13,600
crypt shambler,33221,32769,13,600
cobra,33333,32771,13,600
ghoul,33328,32772,13,600
cobra,33332,32772,13,600
ghoul,33329,32773,13,600
slime,33325,32770,13,600
slime,33326,32771,13,600
crypt shambler,33103,32771,13,600
scarab,33223,32770,13,600
ghoul,33224,32771,13,600
ghoul,33226,32771,13,600
scarab,33220,32772,13,600
ghoul,33225,32772,13,600
cobra,33228,32772,13,600
scarab,33222,32773,13,600
cobra,33228,32773,13,600
slime,33338,32771,13,600
slime,33340,32771,13,600
scarab,33343,32771,13,600
scarab,33342,32772,13,600
cobra,33229,32773,13,600
stalker,33122,32774,13,600
stalker,33123,32774,13,600
beholder,33121,32777,13,600
scarab,33279,32774,13,600
scarab,33281,32775,13,600
mummy,33295,32774,13,600
mummy,33293,32775,13,600
scarab,33293,32777,13,600
vampire,33297,32777,13,600
beholder,33119,32776,13,600
beholder,33284,32776,13,600
slime,33372,32776,13,600
crypt shambler,33373,32776,13,600
slime,33374,32776,13,600
crypt shambler,33371,32778,13,600
slime,33372,32779,13,600
scarab,33293,32779,13,600
mummy,33294,32780,13,600
vampire,33298,32778,13,600
mummy,33317,32777,13,600
mummy,33318,32777,13,600
slime,33260,32776,13,600
slime,33260,32778,13,600
slime,33279,32778,13,600
slime,33281,32780,13,600
scarab,33381,32775,13,600
scarab,33381,32778,13,600
scarab,33378,32781,13,600
slime,33393,32775,13,600
slime,33396,32778,13,600
slime,33393,32779,13,600
scarab,33395,32779,13,600
scarab,33392,32780,13,600
crypt shambler,33400,32780,13,600
mummy,33296,32781,13,600
scarab,33395,32783,13,600
crypt shambler,33401,32781,13,600
ghoul,33244,32781,13,600
ghoul,33246,32782,13,600
crypt shambler,33250,32780,13,600
crypt shambler,33251,32781,13,600
mummy,33253,32781,13,600
vampire,33255,32781,13,600
crypt shambler,33253,32782,13,600
mummy,33250,32783,13,600
mummy,33252,32785,13,600
mummy,33256,32779,13,600
poison spider,33334,32782,13,600
poison spider,33335,32782,13,600
scarab,33340,32780,13,600
scarab,33342,32782,13,600
scarab,33362,32782,13,600
scarab,33364,32783,13,600
scarab,33260,32784,13,600
scarab,33260,32785,13,600
vampire,33304,32789,13,600
mummy,33312,32787,13,600
mummy,33309,32788,13,600
mummy,33311,32789,13,600
scarab,33308,32793,13,600
larva,33364,32792,13,600
larva,33365,32792,13,600
larva,33365,32793,13,600
scarab,33306,32792,13,600
crypt shambler,33322,32793,13,600
scarab,33323,32793,13,600
scarab,33320,32795,13,600
mummy,33324,32795,13,600
mummy,33326,32793,13,600
cobra,33335,32795,13,600
cobra,33334,32796,13,600
cobra,33347,32794,13,600
cobra,33347,32796,13,600
cobra,33392,32797,13,600
cobra,33391,32799,13,600
slime,33371,32805,13,600
slime,33370,32806,13,600
mummy,33377,32805,13,600
mummy,33376,32806,13,600
crypt shambler,33374,32809,13,600
scarab,33377,32809,13,600
scarab,33376,32801,13,600
scarab,33382,32802,13,600
scarab,33381,32806,13,600
scarab,33378,32810,13,600
crypt shambler,33376,32811,13,600
scarab,33216,32808,13,600
scarab,33214,32809,13,600
vampire,33238,32809,13,600
ghoul,33232,32809,13,600
ghoul,33231,32810,13,600
crypt shambler,33234,32810,13,600
ghoul,33230,32813,13,600
crypt shambler,33235,32813,13,600
crypt shambler,33236,32810,13,600
scarab,33249,32810,13,600
scarab,33250,32812,13,600
ghoul,33253,32811,13,600
ghoul,33254,32813,13,600
ghoul,33253,32814,13,600
crypt shambler,33335,32811,13,600
crypt shambler,33356,32810,13,600
crypt shambler,33354,32811,13,600
slime,33362,32808,13,600
slime,33358,32810,13,600
slime,33360,32811,13,600
vampire,33357,32815,13,600
scarab,33338,32813,13,600
scarab,33337,32815,13,600
slime,33394,32812,13,600
slime,33393,32813,13,600
mummy,33396,32815,13,600
mummy,33396,32816,13,600
crypt shambler,33398,32812,13,600
crypt shambler,33399,32813,13,600
mummy,33400,32813,13,600
mummy,33397,32816,13,600
scarab,33332,32812,13,600
scarab,33331,32814,13,600
mummy,33335,32817,13,600
stalker,33122,32818,13,600
stalker,33124,32818,13,600
vampire,33124,32819,13,600
vampire,33125,32819,13,600
stalker,33121,32820,13,600
vampire,33124,32820,13,600
stalker,33123,32823,13,600
crypt shambler,33375,32822,13,600
crypt shambler,33376,32822,13,600
slime,33378,32824,13,600
stalker,33119,32822,13,600
demon skeleton,33126,32826,13,600
demon skeleton,33128,32826,13,600
ghoul,33196,32822,13,600
ghoul,33196,32823,13,600
ghost,33072,32824,13,600
ghost,33070,32825,13,600
mummy,33069,32826,13,600
ghost,33070,32826,13,600
mummy,33071,32826,13,600
mummy,33072,32827,13,600
stalker,33073,32827,13,600
stalker,33073,32828,13,600
ghoul,33372,32825,13,600
mummy,33373,32827,13,600
ghoul,33374,32827,13,600
vampire,33065,32829,13,600
stalker,33071,32829,13,600
vampire,33067,32830,13,600
ghost,33091,32826,13,600
ghost,33092,32826,13,600
stalker,33091,32829,13,600
stalker,33092,32829,13,600
stalker,33094,32829,13,600
fire devil,33258,32826,13,600
fire devil,33257,32827,13,600
mummy,33379,32826,13,600
slime,33380,32826,13,600
slime,33353,32827,13,600
slime,33351,32828,13,600
stalker,33070,32831,13,600
vampire,33068,32833,13,600
stalker,33092,32831,13,600
scorpion,33192,32827,13,600
scorpion,33193,32829,13,600
mummy,33376,32829,13,600
ghoul,33273,32830,13,600
ghoul,33273,32831,13,600
ghoul,33276,32832,13,600
crypt shambler,33358,32828,13,600
crypt shambler,33358,32829,13,600
crypt shambler,33359,32830,13,600
vampire,33355,32831,13,600
mummy,33359,32833,13,600
mummy,33360,32834,13,600
mummy,33361,32834,13,600
ghoul,33226,32831,13,600
ghoul,33225,32832,13,600
ghost,33229,32832,13,1300
scorpion,33232,32831,13,600
scorpion,33232,32833,13,600
vampire,33353,32832,13,600
scorpion,33334,32829,13,600
scorpion,33335,32829,13,600
scorpion,33337,32832,13,600
fire devil,33257,32836,13,600
fire devil,33258,32837,13,600
skeleton,33220,32842,13,600
skeleton,33222,32842,13,600
ghoul,33218,32843,13,600
ghoul,33218,32844,13,600
ghost,33109,32843,13,600
ghost,33109,32844,13,600
stalker,33123,32842,13,600
ghost,33124,32842,13,600
ghost,33120,32844,13,600
stalker,33124,32844,13,600
stalker,33122,32845,13,600
stalker,33127,32845,13,600
ghost,33122,32846,13,600
vampire,33125,32846,13,600
ghost,33123,32847,13,600
vampire,33126,32847,13,600
stalker,33121,32848,13,600
scorpion,33339,32841,13,600
scorpion,33338,32842,13,600
mummy,33338,32843,13,600
scorpion,33336,32844,13,600
mummy,33337,32846,13,600
mummy,33339,32846,13,600
fire elemental,33257,32845,13,600
ghost,33053,32847,13,600
ghost,33054,32848,13,600
skeleton,33229,32848,13,600
skeleton,33231,32849,13,600
vampire,33046,32846,13,600
vampire,33045,32849,13,600
vampire,33047,32849,13,600
stalker,33051,32851,13,600
stalker,33047,32852,13,600
crypt shambler,33284,32848,13,600
crypt shambler,33285,32849,13,600
ghoul,33288,32850,13,600
ghoul,33286,32851,13,600
ghost,33072,32850,13,600
ghost,33070,32851,13,600
mummy,33090,32850,13,600
mummy,33093,32851,13,600
mummy,33096,32851,13,600
stalker,33134,32851,13,600
ghost,33136,32851,13,600
ghost,33134,32852,13,600
stalker,33136,32854,13,600
mummy,33138,32854,13,600
crypt shambler,33194,32851,13,600
crypt shambler,33197,32851,13,600
crypt shambler,33196,32852,13,600
crypt shambler,33201,32852,13,600
crypt shambler,33196,32855,13,600
mummy,33141,32850,13,600
mummy,33140,32853,13,600
mummy,33141,32853,13,600
stalker,33136,32856,13,600
stalker,33138,32857,13,600
stalker,33052,32852,13,600
stalker,33049,32854,13,600
scorpion,33125,32857,13,600
scorpion,33124,32859,13,600
scarab,33257,32858,13,600
scarab,33257,32860,13,600
scarab,33257,32861,13,600
scarab,33254,32862,13,600
fire devil,33302,32860,13,900
scarab,33270,32861,13,600
scarab,33271,32861,13,600
larva,33272,32861,13,600
larva,33273,32861,13,600
larva,33274,32863,13,600
skeleton,33293,32858,13,600
skeleton,33294,32860,13,600
skeleton,33293,32861,13,600
stalker,33095,32862,13,600
ghost,33092,32863,13,600
vampire,33094,32864,13,600
ghost,33092,32865,13,600
stalker,33095,32865,13,600
stalker,33096,32865,13,600
vampire,33092,32866,13,600
ghost,33095,32866,13,600
larva,33276,32863,13,600
mummy,33070,32868,13,600
mummy,33071,32868,13,600
mummy,33074,32869,13,600
ghost,33119,32870,13,600
stalker,33115,32872,13,600
ghost,33116,32872,13,600
stalker,33117,32873,13,600
ghost,33118,32873,13,600
stalker,33113,32876,13,600
ghost,33119,32876,13,600
stalker,33117,32877,13,600
ghoul,33283,32873,13,600
skeleton,33284,32873,13,600
ghoul,33285,32873,13,600
skeleton,33288,32871,13,600
skeleton,33287,32874,13,600
vampire,33151,32874,13,600
ghost,33152,32874,13,600
ghost,33153,32874,13,600
ghost,33154,32875,13,600
mummy,33149,32876,13,600
vampire,33155,32876,13,600
stalker,33152,32877,13,600
stalker,33156,32877,13,600
vampire,33153,32878,13,600
ghost,33156,32879,13,600
ghoul,33271,32875,13,600
ghoul,33268,32877,13,600
mummy,33272,32877,13,2600
stalker,33274,32877,13,600
ghoul,33271,32878,13,600
demon skeleton,33116,32878,13,600
stalker,33276,32876,13,600
beholder,33053,32878,13,600
mummy,33147,32875,13,600
mummy,33148,32878,13,600
stalker,33150,32881,13,600
stalker,33155,32881,13,600
stalker,33157,32882,13,600
ghoul,33221,32878,13,600
ghoul,33222,32878,13,600
ghoul,33221,32879,13,600
ghoul,33221,32880,13,600
mummy,33052,32876,13,600
mummy,33048,32879,13,600
stalker,33049,32879,13,600
mummy,33049,32880,13,600
crypt shambler,33048,32882,13,600
stalker,33052,32882,13,600
mummy,33045,32883,13,600
crypt shambler,33046,32884,13,600
stalker,33053,32884,13,600
larva,33198,32876,13,600
larva,33201,32876,13,600
larva,33201,32878,13,600
larva,33202,32879,13,600
ghoul,33197,32880,13,600
crypt shambler,33236,32879,13,600
crypt shambler,33240,32879,13,600
ghoul,33239,32880,13,900
mummy,33237,32881,13,900
crypt shambler,33238,32881,13,600
ghoul,33238,32882,13,900
crypt shambler,33240,32882,13,600
mummy,33237,32883,13,900
ghoul,33196,32879,13,600
stalker,33055,32882,13,600
stalker,33079,32882,13,600
stalker,33079,32884,13,600
stalker,33077,32885,13,600
vampire,33083,32886,13,600
vampire,33082,32887,13,600
stalker,33078,32888,13,600
gargoyle,33079,32888,13,600
gargoyle,33077,32889,13,600
stalker,33101,32885,13,600
stalker,33100,32887,13,600
stalker,33101,32887,13,600
scorpion,33126,32885,13,600
scorpion,33125,32886,13,600
vampire,33085,32886,13,600
vampire,33079,32890,13,600
ghost,33234,32896,13,900
slime,33141,32897,13,600
slime,33140,32899,13,600
slime,33141,32899,13,600
stalker,33209,32897,13,600
ghoul,33219,32894,13,600
ghoul,33222,32895,13,600
scorpion,33224,32896,13,600
ghoul,33221,32897,13,600
scorpion,33223,32897,13,600
stalker,33109,32898,13,600
stalker,33111,32898,13,600
stalker,33113,32899,13,600
vampire,33115,32900,13,600
ghost,33110,32902,13,600
stalker,33114,32902,13,600
ghost,33110,32903,13,600
ghost,33111,32903,13,600
vampire,33114,32903,13,600
vampire,33115,32903,13,600
mummy,33144,32902,13,600
mummy,33144,32903,13,600
mummy,33145,32904,13,600
stalker,33138,32902,13,600
stalker,33139,32903,13,600
stalker,33139,32904,13,600
demon skeleton,33065,32907,13,600
stalker,33095,32907,13,600
stalker,33097,32907,13,600
stalker,33098,32907,13,600
stalker,33094,32909,13,600
stalker,33069,32907,13,600
stalker,33069,32910,13,600
stalker,33069,32911,13,600
stalker,33066,32914,13,600
mummy,33065,32916,13,600
fire devil,33218,32911,13,900
fire elemental,33224,32911,13,900
ghost,33062,32912,13,600
ghost,33063,32912,13,600
ghost,33061,32915,13,600
stalker,33127,32909,13,600
stalker,33124,32912,13,600
stalker,33126,32912,13,600
mummy,33127,32912,13,600
ghost,33128,32913,13,600
stalker,33128,32914,13,600
vampire,33129,32914,13,600
mummy,33125,32915,13,600
vampire,33128,32915,13,600
ghost,33126,32916,13,600
ghost,33129,32916,13,600
mummy,33128,32917,13,600
vampire,33131,32913,13,600
ghost,33130,32917,13,600
ghost,33087,32914,13,600
ghost,33088,32915,13,600
mummy,33062,32917,13,600
mummy,33063,32918,13,600
scorpion,33105,32922,13,600
scorpion,33104,32923,13,600
scorpion,33104,32925,13,600
crypt shambler,33109,32930,13,600
stalker,33124,32927,13,600
stalker,33122,32930,13,600
stalker,33122,32933,13,600
stalker,33122,32934,13,600
gargoyle,33140,32934,13,600
gargoyle,33142,32935,13,600
stalker,33138,32936,13,600
ghost,33088,32936,13,600
ghost,33091,32936,13,600
crypt shambler,33086,32937,13,600
ghost,33085,32938,13,600
crypt shambler,33087,32939,13,600
stalker,33094,32939,13,600
stalker,33096,32940,13,600
stalker,33096,32941,13,600
stalker,33095,32943,13,600
scorpion,33117,32938,13,600
scorpion,33116,32939,13,600
stalker,33137,32939,13,600
bonebeast,33141,32939,13,700
stalker,33140,32940,13,600
stalker,33137,32941,13,600
gargoyle,33139,32943,13,600
gargoyle,33139,32944,13,600
stalker,33083,32936,13,600
stalker,33081,32938,13,600
stalker,33082,32940,13,600
stalker,33080,32943,13,600
vampire,33085,32945,13,600
vampire,33088,32943,13,600
vampire,33091,32945,13,600
scarab,33088,32947,13,600
scarab,33087,32948,13,600
demon skeleton,33088,32949,13,600
scorpion,33136,32952,13,600
scorpion,33134,32953,13,600
scorpion,33135,32954,13,600
slime,33149,32959,13,600
stalker,33153,32959,13,600
slime,33148,32960,13,600
slime,33148,32961,13,600
stalker,33156,32957,13,600
vampire,33162,32957,13,600
vampire,33161,32960,13,600
vampire,33158,32961,13,600
stalker,33158,32962,13,600
vampire,33163,32962,13,600
bonebeast,33161,32964,13,600
stalker,33154,32959,13,600
stalker,33155,32962,13,600
ghost,33149,32964,13,600
ghost,33152,32967,13,600
mummy,33160,32967,13,600
ghost,33149,32968,13,600
ghost,33150,32968,13,600
ghost,33118,32961,13,600
stalker,33118,32962,13,600
ghost,33119,32963,13,600
stalker,33116,32965,13,600
stalker,33115,32961,13,600
vampire,33112,32964,13,600
vampire,33115,32964,13,600
stalker,33113,32965,13,600
vampire,33111,32966,13,600
vampire,33114,32967,13,600
demon skeleton,33116,32968,13,600
stalker,33118,32967,13,600
mummy,33160,32969,13,600
mummy,33157,32970,13,600
mummy,33162,32970,13,600
poison spider,32700,31571,14,600
poison spider,32702,31571,14,600
poison spider,32704,31575,14,600
poison spider,32702,31577,14,600
poison spider,32704,31577,14,600
poison spider,32703,31579,14,600
warlock,32509,31582,14,1000
warlock,32509,31583,14,1000
elder beholder,32803,31585,14,600
beholder,32800,31588,14,600
beholder,32802,31588,14,600
warlock,32427,31592,14,900
demon,33298,31591,14,800
demon,33298,31592,14,800
fire elemental,33300,31592,14,600
fire elemental,33302,31592,14,600
demon,33319,31591,14,700
demon,33320,31592,14,700
fire elemental,33327,31592,14,600
fire elemental,33328,31592,14,600
elf scout,32688,31598,14,600
ghoul,32806,31598,14,600
ghoul,32807,31598,14,600
ghoul,32808,31598,14,600
beholder,32805,31600,14,800
demon skeleton,32807,31601,14,400
stone golem,33158,31598,14,600
stone golem,33159,31600,14,600
stone golem,33157,31603,14,600
elf,32681,31597,14,600
elf,32679,31601,14,600
elf,32683,31601,14,600
elf,32686,31603,14,600
demon skeleton,32807,31603,14,400
fire elemental,33224,31601,14,600
fire elemental,33226,31600,14,600
fire elemental,33227,31601,14,600
fire elemental,33229,31603,14,600
fire elemental,33231,31601,14,600
fire elemental,33234,31601,14,600
fire elemental,33231,31603,14,600
monk,33139,31601,14,600
monk,33137,31602,14,600
fire elemental,33224,31605,14,600
fire elemental,33225,31606,14,600
fire elemental,33227,31605,14,600
fire elemental,33230,31606,14,600
fire elemental,33231,31605,14,600
fire elemental,33234,31605,14,600
demon skeleton,32805,31611,14,600
demon skeleton,32766,31612,14,400
beholder,32767,31613,14,800
demon skeleton,32769,31611,14,400
demon skeleton,32769,31613,14,400
slime,32798,31615,14,600
monk,33154,31622,14,600
monk,33154,31624,14,600
ghoul,32779,31623,14,600
ghoul,32781,31624,14,600
ghoul,32784,31626,14,600
monk,33136,31624,14,500
monk,33132,31628,14,500
monk,33134,31628,14,500
monk,33132,31632,14,500
demon skeleton,32797,31631,14,300
ghoul,32790,31630,14,600
ghoul,32795,31631,14,600
ghoul,32795,31632,14,600
beholder,32799,31632,14,900
ghoul,32800,31634,14,600
ghoul,32798,31635,14,600
demon skeleton,32751,31635,14,600
demon skeleton,32755,31638,14,600
demon skeleton,32752,31639,14,600
demon skeleton,32754,31639,14,600
ghoul,32754,31642,14,600
ghoul,32754,31643,14,600
ghoul,32754,31644,14,600
beholder,32715,31641,14,800
demon skeleton,32718,31641,14,400
demon skeleton,32716,31642,14,400
beholder,32715,31643,14,800
ghoul,32713,31645,14,600
ghoul,32787,31642,14,600
ghoul,32788,31645,14,600
ghoul,32789,31645,14,600
ghoul,32808,31642,14,500
behemoth,33301,31641,14,900
behemoth,33301,31642,14,900
behemoth,33302,31642,14,900
behemoth,33300,31643,14,900
ghoul,32712,31644,14,600
demon,33230,31643,14,999
ghoul,32713,31647,14,600
ghoul,32750,31647,14,600
beholder,32820,31647,14,700
slime,32822,31647,14,800
demon skeleton,32818,31649,14,600
demon skeleton,32819,31649,14,600
beholder,32822,31649,14,700
beholder,32711,31654,14,600
warlock,32479,31655,14,1000
elder beholder,32740,31656,14,600
demon skeleton,32797,31654,14,700
demon skeleton,32797,31656,14,700
ghoul,32797,31657,14,600
beholder,32801,31657,14,700
demon skeleton,32797,31658,14,700
ghoul,32799,31658,14,600
demon skeleton,32801,31658,14,700
demon skeleton,32800,31661,14,700
elf arcanist,32455,31658,14,800
stone golem,32503,31658,14,800
stone golem,32505,31659,14,800
stone golem,32501,31660,14,800
warlock,32506,31660,14,1000
stone golem,32506,31661,14,800
demon skeleton,32764,31658,14,600
demon skeleton,32762,31660,14,600
demon skeleton,32765,31660,14,600
beholder,32764,31662,14,600
beholder,32765,31662,14,600
ghoul,32772,31658,14,600
ghoul,32772,31659,14,600
slime,32771,31661,14,800
demon skeleton,32739,31660,14,600
demon skeleton,32738,31661,14,600
ghoul,32736,31664,14,600
demon skeleton,32738,31664,14,600
slime,32771,31662,14,800
ghoul,32714,31661,14,600
demon skeleton,32713,31662,14,400
beholder,32715,31662,14,800
beholder,32714,31663,14,800
demon skeleton,32713,31664,14,400
ghoul,32717,31662,14,600
ghoul,32718,31664,14,600
beholder,32767,31664,14,600
elder beholder,32763,31666,14,600
stone golem,32503,31663,14,800
behemoth,33258,31662,14,900
behemoth,33258,31665,14,900
behemoth,33261,31666,14,900
ghoul,32733,31665,14,600
ghoul,32733,31666,14,600
beholder,32787,31667,14,600
beholder,32788,31668,14,600
stalker,33192,31668,14,500
demon skeleton,33192,31669,14,600
ghoul,32666,31669,14,600
ghoul,32667,31669,14,600
demon skeleton,32668,31672,14,600
slime,32809,31669,14,600
slime,32810,31669,14,600
demon skeleton,33131,31669,14,600
demon skeleton,33190,31668,14,600
monk,33188,31670,14,700
demon skeleton,33193,31670,14,600
hero,33195,31670,14,700
elf arcanist,32479,31670,14,800
monk,33185,31671,14,700
monk,33185,31672,14,700
priestess,33187,31673,14,800
hero,33197,31671,14,700
hunter,33198,31671,14,600
demon skeleton,32794,31670,14,600
demon skeleton,32793,31672,14,600
priestess,33185,31675,14,800
beholder,32730,31674,14,600
beholder,32776,31674,14,600
hunter,33199,31673,14,600
hunter,33197,31674,14,600
orc shaman,33197,31678,14,750
ghoul,32706,31675,14,600
ghoul,32706,31677,14,600
ghoul,32738,31675,14,600
ghoul,32735,31676,14,600
ghoul,32736,31677,14,600
ghoul,32713,31676,14,600
ghoul,32715,31676,14,600
warlock,32468,31676,14,1000
warlock,32467,31677,14,1000
warlock,32487,31677,14,1000
warlock,32488,31677,14,1000
ghoul,32810,31676,14,600
ghoul,32808,31677,14,600
ghoul,32819,31676,14,600
beholder,32819,31677,14,800
beholder,32820,31677,14,800
ghoul,32770,31678,14,600
ghoul,32767,31679,14,600
ghoul,32769,31681,14,600
witch,33187,31678,14,700
witch,33188,31678,14,700
ghoul,32816,31679,14,600
ghoul,32811,31681,14,600
ghoul,32811,31682,14,600
demon skeleton,32818,31682,14,600
demon skeleton,32820,31682,14,600
ghoul,32812,31684,14,600
behemoth,33343,31679,14,900
behemoth,33341,31680,14,900
behemoth,33342,31682,14,900
behemoth,33340,31683,14,900
warlock,33192,31681,14,1200
cyclops,33297,31684,14,900
cyclops,33297,31686,14,900
elder beholder,32789,31684,14,600
elder beholder,32790,31685,14,600
beholder,32790,31687,14,600
demon skeleton,32788,31688,14,600
demon skeleton,32786,31687,14,600
beholder,32790,31689,14,600
demon skeleton,32786,31690,14,600
ghoul,32685,31688,14,400
beholder,32736,31696,14,600
ghoul,32735,31697,14,600
ghoul,32735,31698,14,600
ghoul,32737,31698,14,600
fire elemental,33143,31700,14,600
skeleton,32780,31705,14,600
skeleton,32781,31705,14,600
skeleton,32779,31707,14,600
ghoul,32821,31705,14,600
ghoul,32822,31705,14,600
cyclops,33306,31705,14,750
cyclops,33307,31705,14,750
cyclops,33295,31706,14,750
cyclops,33293,31707,14,750
ghoul,32741,31705,14,600
ghoul,32745,31705,14,600
ghoul,32744,31707,14,600
behemoth,33349,31710,14,900
behemoth,33350,31711,14,900
behemoth,33349,31712,14,900
behemoth,33262,31717,14,900
behemoth,33254,31718,14,900
behemoth,33261,31718,14,900
behemoth,33258,31721,14,900
fire elemental,33120,31723,14,600
demon skeleton,33372,31738,14,900
ghoul,33364,31737,14,900
ghoul,33370,31738,14,900
ghoul,33366,31739,14,900
ghoul,33362,31741,14,900
behemoth,33297,31747,14,900
behemoth,33300,31748,14,900
behemoth,33299,31751,14,900
demon,32215,31844,14,600
banshee,32253,31858,14,600
banshee,32254,31859,14,600
ghost,32257,31859,14,600
mummy,32257,31862,14,800
ghost,32258,31859,14,600
stalker,32249,31861,14,600
stalker,32247,31862,14,600
stalker,32249,31862,14,600
banshee,32253,31865,14,600
mummy,32258,31863,14,800
banshee,32254,31866,14,600
slime,32456,31874,14,600
slime,32456,31875,14,600
dwarf guard,32628,31874,14,600
dwarf guard,32629,31874,14,600
dwarf guard,32630,31875,14,600
slime,32471,31881,14,600
slime,32471,31882,14,600
ghoul,32152,31883,14,600
ghoul,32149,31886,14,600
ghoul,32151,31886,14,600
slime,32443,31884,14,600
slime,32441,31885,14,600
giant spider,32209,31888,14,900
slime,32454,31889,14,600
slime,32455,31889,14,600
slime,32462,31887,14,600
slime,32460,31889,14,600
slime,32667,31890,14,600
ghost,32246,31890,14,600
ghost,32247,31891,14,600
stalker,32245,31892,14,600
stalker,32244,31894,14,600
demon skeleton,32164,31893,14,600
demon skeleton,32165,31893,14,600
ghoul,32148,31894,14,600
ghoul,32147,31895,14,600
ghoul,32151,31895,14,600
demon skeleton,32147,31896,14,600
demon skeleton,32149,31897,14,600
witch,32185,31894,14,600
demon skeleton,32183,31896,14,600
demon skeleton,32184,31896,14,600
demon skeleton,32187,31897,14,600
demon skeleton,32182,31900,14,600
dwarf guard,32552,31896,14,600
giant spider,32207,31898,14,900
scorpion,32174,31901,14,600
scorpion,32176,31903,14,600
ghost,32245,31902,14,600
ghost,32244,31904,14,600
monk,32164,31903,14,600
monk,32162,31905,14,600
monk,32161,31906,14,600
monk,32189,31904,14,600
ghost,32190,31904,14,900
monk,32189,31905,14,600
ghost,32191,31906,14,900
demon skeleton,32250,31903,14,600
demon skeleton,32251,31905,14,600
ghost,32248,31908,14,600
orc spearman,32597,31902,14,600
orc spearman,32600,31905,14,600
orc shaman,32598,31906,14,600
orc berserker,32601,31907,14,600
orc warrior,32603,31907,14,600
orc warrior,32604,31907,14,600
orc spearman,32603,31908,14,600
demon skeleton,32154,31907,14,600
demon skeleton,32155,31908,14,600
demon skeleton,32240,31908,14,600
demon skeleton,32239,31909,14,600
ghost,32241,31911,14,600
ghost,32246,31909,14,600
ghost,32140,31909,14,999
demon skeleton,32142,31909,14,600
stalker,32140,31911,14,600
monk,32144,31912,14,600
ghost,32240,31912,14,600
ghoul,32165,31913,14,600
ghoul,32167,31913,14,600
demon skeleton,32132,31914,14,600
demon skeleton,32134,31915,14,600
cyclops,32623,31914,14,600
cyclops,32624,31916,14,600
demon skeleton,32184,31915,14,600
scorpion,32181,31917,14,600
demon skeleton,32186,31917,14,600
ghost,32244,31913,14,600
ghost,32245,31915,14,600
demon skeleton,32247,31915,14,600
demon skeleton,32246,31916,14,600
ghost,32251,31915,14,600
ghost,32253,31916,14,600
scorpion,32183,31919,14,600
mummy,32114,31921,14,6000
monk,32116,31920,14,600
monk,32116,31921,14,600
demon skeleton,32116,31922,14,600
demon skeleton,32118,31924,14,600
demon skeleton,32210,31921,14,600
stalker,32212,31921,14,600
demon skeleton,32208,31922,14,600
ghost,32213,31924,14,600
stalker,32214,31921,14,600
ghost,32216,31922,14,600
ghost,32270,31921,14,600
ghost,32271,31921,14,600
ghost,32268,31922,14,600
ghost,32206,31922,14,600
ghost,32247,31922,14,600
ghost,32246,31923,14,600
monk,32174,31923,14,600
stalker,32175,31923,14,600
monk,32174,31924,14,600
stalker,32177,31925,14,600
demon skeleton,32240,31923,14,600
demon skeleton,32240,31924,14,600
dwarf guard,32553,31925,14,600
ghoul,32150,31925,14,600
monk,32149,31926,14,600
stalker,32205,31926,14,600
stalker,32207,31926,14,600
ghost,32206,31929,14,600
dwarf,32597,31925,14,600
dwarf,32598,31926,14,600
dwarf soldier,32596,31927,14,600
dwarf,32597,31927,14,600
dwarf guard,32601,31928,14,600
dwarf guard,32603,31929,14,600
dwarf,32598,31930,14,600
dwarf soldier,32600,31930,14,600
dwarf soldier,32598,31931,14,600
dwarf,32601,31932,14,600
ghoul,32139,31927,14,600
ghoul,32138,31928,14,600
ghoul,32136,31931,14,600
ghoul,32148,31928,14,600
ghoul,32150,31929,14,600
ghost,32215,31929,14,600
stalker,32125,31930,14,600
stalker,32126,31930,14,600
stalker,32212,31929,14,600
stalker,32211,31930,14,600
giant spider,32455,31930,14,600
giant spider,32457,31932,14,600
dwarf soldier,32596,31934,14,600
scorpion,32278,31931,14,600
scorpion,32278,31932,14,600
scorpion,32277,31934,14,600
slime,32169,31932,14,600
slime,32171,31933,14,600
ghoul,32169,31934,14,600
ghoul,32168,31935,14,600
ghost,32265,31931,14,600
ghost,32266,31933,14,600
demon skeleton,32148,31935,14,600
demon skeleton,32148,31937,14,600
demon skeleton,32148,31939,14,600
minotaur,32610,31933,14,600
minotaur,32611,31933,14,600
minotaur,32617,31936,14,600
minotaur,32614,31938,14,600
minotaur archer,32615,31939,14,600
minotaur mage,32614,31940,14,600
minotaur,32615,31940,14,600
banshee,32236,31940,14,600
banshee,32233,31943,14,600
banshee,32238,31943,14,600
banshee,32235,31944,14,600
mummy,32239,31945,14,700
giant spider,32426,31940,14,600
beholder,32164,31941,14,600
banshee,32258,31941,14,600
banshee,32258,31942,14,600
dwarf geomancer,32500,31940,14,600
dwarf geomancer,32499,31941,14,600
dwarf soldier,32500,31943,14,600
dwarf guard,32498,31944,14,600
demon skeleton,32161,31942,14,600
demon skeleton,32162,31943,14,600
dwarf soldier,32498,31945,14,600
dwarf guard,32499,31945,14,600
dwarf soldier,32500,31945,14,600
dwarf guard,32501,31945,14,600
dwarf guard,32495,31948,14,600
mummy,32239,31947,14,700
stalker,32158,31949,14,600
stalker,32152,31950,14,600
stalker,32155,31951,14,600
troll,32624,31950,14,600
troll,32627,31952,14,600
troll,32624,31953,14,600
troll,32624,31954,14,600
dwarf guard,32492,31949,14,600
dwarf soldier,32490,31951,14,600
dwarf guard,32494,31952,14,600
dwarf guard,32493,31953,14,600
dwarf guard,32500,31954,14,600
dwarf soldier,32494,31955,14,600
dwarf soldier,32495,31956,14,600
dwarf soldier,32493,31957,14,600
dwarf guard,32496,31957,14,600
dwarf guard,32500,31957,14,600
dwarf guard,32493,31958,14,600
dwarf guard,32496,31958,14,600
giant spider,32164,31954,14,6000
dwarf guard,32503,31954,14,600
ghost,32221,31955,14,600
ghost,32233,31955,14,600
dwarf guard,32519,31953,14,600
dwarf guard,32518,31955,14,600
dwarf guard,32521,31957,14,600
dwarf soldier,32519,31958,14,600
dwarf soldier,32517,31959,14,600
dwarf guard,32519,31959,14,600
dwarf geomancer,32521,31959,14,600
dwarf soldier,32519,31960,14,600
banshee,32217,31957,14,600
banshee,32219,31957,14,600
banshee,32237,31956,14,600
banshee,32236,31957,14,600
stalker,32238,31958,14,600
stalker,32236,31960,14,600
dwarf geomancer,32520,31961,14,600
giant spider,32453,31964,14,600
dwarf guard,32506,31960,14,600
dwarf soldier,32507,31961,14,600
dwarf guard,32506,31962,14,600
dwarf soldier,32513,31962,14,600
dwarf soldier,32512,31963,14,600
dwarf guard,32505,31964,14,600
dwarf geomancer,32507,31964,14,600
dwarf soldier,32511,31964,14,600
dwarf soldier,32505,31965,14,600
dwarf guard,32506,31965,14,600
dwarf geomancer,32509,31966,14,600
dwarf guard,32511,31967,14,600
dwarf soldier,32513,31969,14,600
dwarf soldier,32514,31969,14,600
dwarf soldier,32515,31969,14,600
dwarf soldier,32502,31966,14,600
dwarf soldier,32500,31968,14,600
dwarf geomancer,32503,31968,14,600
dwarf geomancer,32502,31971,14,600
dwarf soldier,32503,31971,14,600
dwarf soldier,32499,31965,14,600
dwarf geomancer,32484,31969,14,600
dwarf guard,32485,31969,14,600
dwarf guard,32484,31970,14,600
dwarf geomancer,32485,31971,14,600
dwarf guard,32486,31971,14,600
dwarf guard,32487,31971,14,600
dwarf guard,32489,31971,14,600
dwarf soldier,32488,31972,14,600
dwarf soldier,32488,31973,14,600
dwarf guard,32489,31973,14,600
dwarf soldier,32490,31973,14,600
dwarf guard,32500,31973,14,600
dwarf soldier,32504,31973,14,600
dwarf guard,32500,31974,14,600
dwarf soldier,32515,31973,14,600
dwarf guard,32516,31974,14,600
dwarf guard,32516,31975,14,600
dwarf guard,32516,31976,14,600
dwarf soldier,32516,31977,14,600
dwarf guard,32520,31978,14,600
dwarf soldier,32502,31976,14,600
dwarf soldier,32498,31977,14,600
dwarf soldier,32504,31977,14,600
dwarf soldier,32496,31980,14,600
dwarf guard,32514,31979,14,600
dwarf guard,32511,31980,14,600
giant spider,32439,31985,14,19200
dwarf guard,32646,31986,14,600
dwarf soldier,32494,31983,14,600
dwarf soldier,32493,31985,14,600
dwarf soldier,32494,31985,14,600
dwarf soldier,32496,31988,14,600
dwarf geomancer,32498,31988,14,600
dwarf guard,32496,31989,14,600
dwarf geomancer,32498,31989,14,600
dwarf guard,32499,31989,14,600
dwarf guard,32500,31989,14,600
dwarf soldier,32495,31990,14,600
dwarf guard,32557,31987,14,600
dwarf guard,32562,31987,14,600
dwarf guard,32560,31988,14,600
spider,32510,32088,14,600
spider,32512,32090,14,600
spider,32511,32091,14,600
cyclops,32593,32097,14,600
cyclops,32597,32098,14,600
cyclops,32600,32098,14,600
cyclops,32598,32099,14,600
cyclops,32598,32104,14,600
minotaur archer,32441,32101,14,600
minotaur,32442,32104,14,500
minotaur,32444,32104,14,500
deer,32524,32117,14,2000
minotaur mage,32425,32131,14,600
minotaur,32434,32128,14,600
minotaur,32430,32129,14,600
minotaur guard,32428,32131,14,700
minotaur,32431,32131,14,600
minotaur,32428,32133,14,600
minotaur guard,32430,32133,14,700
minotaur guard,32429,32134,14,700
minotaur guard,32429,32135,14,700
minotaur archer,32426,32139,14,600
minotaur archer,32428,32141,14,600
minotaur mage,32417,32140,14,900
dragon,32462,32144,14,500
minotaur archer,32535,32158,14,600
minotaur archer,32534,32159,14,600
minotaur,32536,32161,14,600
minotaur,32537,32161,14,600
rat,32515,32158,14,2000
rat,32515,32160,14,2000
minotaur,32538,32159,14,600
minotaur,32532,32164,14,600
minotaur guard,32537,32165,14,800
minotaur guard,32537,32166,14,800
dragon,32433,32169,14,1000
poison spider,32484,32172,14,600
poison spider,32485,32172,14,600
poison spider,32485,32173,14,600
poison spider,32483,32174,14,600
poison spider,32486,32174,14,600
dog,32421,32174,14,600
minotaur archer,32420,32176,14,900
ghoul,32504,32174,14,400
ghoul,32505,32176,14,400
ghoul,32508,32176,14,400
poison spider,32571,32175,14,500
poison spider,32571,32176,14,500
poison spider,32569,32178,14,500
poison spider,32572,32178,14,500
poison spider,32576,32178,14,500
cyclops,32583,32179,14,900
cyclops,32583,32180,14,900
minotaur,32421,32192,14,600
minotaur,32422,32193,14,600
minotaur guard,32426,32193,14,900
minotaur guard,32428,32193,14,900
minotaur,32426,32195,14,600
minotaur,32426,32196,14,600
demon skeleton,32572,32197,14,800
demon skeleton,32572,32198,14,800
cyclops,32572,32209,14,600
cyclops,32570,32211,14,600
cyclops,32571,32212,14,600
minotaur,32419,32245,14,700
minotaur,32421,32245,14,700
minotaur,32420,32246,14,700
giant spider,32762,32285,14,600
fire devil,32759,32287,14,600
giant spider,32764,32287,14,600
fire devil,32765,32287,14,600
giant spider,32757,32290,14,600
giant spider,32757,32292,14,600
fire devil,32759,32293,14,600
giant spider,32767,32290,14,600
giant spider,32766,32291,14,600
fire devil,32765,32293,14,600
giant spider,32762,32294,14,600
giant spider,32762,32295,14,600
demon skeleton,32884,32301,14,600
ghoul,32886,32301,14,600
demon skeleton,32885,32302,14,600
ghoul,32883,32303,14,600
ghoul,32881,32301,14,600
demon skeleton,32870,32313,14,600
demon skeleton,32862,32316,14,600
demon skeleton,32862,32317,14,600
ghoul,32891,32318,14,600
ghoul,32892,32319,14,600
demon skeleton,32815,32320,14,600
demon skeleton,32816,32320,14,600
demon skeleton,32819,32323,14,600
ghoul,32849,32320,14,600
ghoul,32852,32322,14,600
ghoul,32853,32323,14,600
demon skeleton,32883,32324,14,600
demon skeleton,32883,32325,14,600
slime,32807,32326,14,600
slime,32808,32327,14,600
demon skeleton,32822,32326,14,600
demon skeleton,32823,32329,14,600
demon skeleton,32823,32330,14,600
giant spider,32811,32334,14,600
dragon lord,32819,32336,14,600
ghoul,32879,32337,14,600
ghoul,32881,32340,14,600
ghoul,32882,32341,14,600
demon skeleton,32890,32342,14,600
demon skeleton,32806,32344,14,600
demon skeleton,32805,32345,14,600
demon skeleton,32808,32345,14,600
ghoul,32859,32341,14,600
ghoul,32856,32344,14,600
ghoul,32856,32345,14,600
demon skeleton,32844,32348,14,600
demon skeleton,32843,32349,14,600
giant spider,32797,32349,14,600
demon skeleton,32882,32356,14,600
demon skeleton,32880,32358,14,600
slime,32813,32357,14,600
dragon lord,32802,32362,14,600
banshee,33257,32490,14,600
stalker,33256,32491,14,600
stalker,33258,32491,14,600
stalker,33253,32492,14,600
stalker,33252,32495,14,600
stalker,33261,32493,14,600
stalker,33262,32494,14,600
vampire,33270,32511,14,600
mummy,33268,32512,14,600
mummy,33268,32513,14,600
vampire,33232,32520,14,600
ghost,33238,32520,14,600
ghost,33239,32520,14,600
ghost,33240,32521,14,600
mummy,33236,32523,14,600
stalker,33242,32523,14,600
stalker,33257,32521,14,600
stalker,33259,32521,14,600
demon skeleton,33232,32525,14,600
mummy,33237,32525,14,600
mummy,33239,32526,14,600
stalker,33246,32520,14,600
stalker,33245,32522,14,600
stalker,33244,32524,14,600
priestess,33108,32529,14,600
demon skeleton,33079,32531,14,600
demon skeleton,33080,32531,14,600
lich,33083,32531,14,600
demon skeleton,33083,32532,14,600
demon skeleton,33106,32531,14,600
demon skeleton,33105,32532,14,600
demon skeleton,33108,32532,14,600
demon skeleton,33108,32533,14,600
lich,33214,32532,14,700
ghoul,33257,32533,14,600
ghoul,33257,32535,14,600
stalker,33284,32533,14,600
stalker,33286,32534,14,600
mummy,33288,32534,14,600
stalker,33281,32535,14,600
vampire,33287,32535,14,600
mummy,33287,32537,14,600
mummy,33215,32535,14,600
mummy,33214,32536,14,600
mummy,33214,32538,14,600
mummy,33288,32540,14,600
priestess,33128,32539,14,600
ghost,33108,32541,14,600
ghost,33109,32543,14,600
ghost,33108,32544,14,600
demon skeleton,33122,32538,14,600
demon skeleton,33125,32541,14,600
necromancer,33128,32542,14,600
vampire,33121,32543,14,600
demon skeleton,33122,32543,14,600
ghost,33215,32541,14,600
ghost,33213,32543,14,600
vampire,33243,32541,14,600
vampire,33081,32542,14,600
gargoyle,33246,32542,14,600
gargoyle,33246,32543,14,600
demon skeleton,33067,32543,14,600
demon skeleton,33068,32545,14,600
demon skeleton,33066,32546,14,600
vampire,33090,32543,14,600
vampire,33088,32544,14,600
vampire,33093,32545,14,600
vampire,33120,32541,14,600
beholder,33229,32542,14,600
beholder,33230,32543,14,600
vampire,33227,32544,14,600
ghost,33240,32543,14,600
ghost,33241,32543,14,600
demon skeleton,33080,32544,14,600
vampire,33225,32542,14,600
stalker,33196,32548,14,600
stalker,33197,32548,14,600
mummy,33202,32550,14,600
stalker,33195,32551,14,600
stalker,33200,32552,14,600
mummy,33201,32553,14,600
mummy,33145,32550,14,600
mummy,33148,32550,14,600
beholder,33144,32551,14,600
mummy,33148,32551,14,600
mummy,33147,32552,14,600
lich,33148,32552,14,600
stalker,33144,32553,14,600
beholder,33145,32553,14,600
priestess,33147,32554,14,600
stalker,33141,32556,14,600
stalker,33143,32556,14,600
beholder,33146,32556,14,600
stalker,33145,32557,14,600
banshee,33191,32553,14,900
mummy,33205,32553,14,600
mummy,33203,32555,14,600
ghost,33201,32557,14,600
ghost,33197,32558,14,600
cobra,33221,32552,14,600
cobra,33223,32553,14,600
slime,33099,32554,14,600
beholder,33118,32554,14,600
demon skeleton,33083,32554,14,600
demon skeleton,33080,32556,14,600
demon skeleton,33082,32556,14,600
bonebeast,33086,32556,14,600
bonebeast,33086,32557,14,600
mummy,33064,32557,14,600
mummy,33065,32557,14,600
priestess,33061,32558,14,600
vampire,33064,32558,14,600
mummy,33067,32559,14,600
vampire,33063,32560,14,600
ghost,33195,32557,14,600
ghost,33193,32558,14,600
vampire,33114,32563,14,600
vampire,33114,32564,14,600
vampire,33115,32564,14,600
vampire,33112,32565,14,600
vampire,33255,32564,14,600
stalker,33252,32565,14,600
stalker,33253,32565,14,600
vampire,33255,32566,14,600
stalker,33250,32565,14,600
mummy,33254,32568,14,600
scorpion,33215,32565,14,600
scorpion,33218,32567,14,600
stalker,33215,32569,14,600
stalker,33215,32570,14,600
scorpion,33217,32570,14,600
bonebeast,33081,32568,14,600
slime,33211,32565,14,600
slime,33212,32567,14,600
slime,33211,32568,14,600
mummy,33183,32570,14,600
demon skeleton,33183,32571,14,600
mummy,33184,32571,14,600
mummy,33181,32572,14,600
demon skeleton,33182,32572,14,600
mummy,33180,32573,14,600
stalker,33212,32573,14,600
ghost,33281,32569,14,600
ghost,33284,32569,14,600
ghost,33283,32570,14,600
gargoyle,33280,32572,14,600
demon skeleton,33283,32574,14,600
gargoyle,33278,32573,14,600
demon skeleton,33105,32573,14,600
priestess,33062,32574,14,600
necromancer,33066,32574,14,600
vampire,33101,32572,14,600
vampire,33100,32574,14,600
vampire,33101,32574,14,600
slime,33126,32576,14,600
slime,33128,32576,14,600
ghost,33127,32577,14,600
ghost,33126,32578,14,600
ghost,33127,32578,14,600
crypt shambler,33183,32576,14,600
crypt shambler,33183,32578,14,600
stalker,33114,32576,14,600
stalker,33115,32578,14,600
ghost,33123,32577,14,600
ghost,33214,32579,14,600
scorpion,33082,32578,14,600
scorpion,33083,32580,14,600
demon skeleton,33164,32580,14,600
mummy,33168,32580,14,600
mummy,33170,32580,14,600
demon skeleton,33164,32581,14,600
stone golem,33165,32581,14,600
vampire,33162,32582,14,600
stone golem,33164,32582,14,600
mummy,33167,32582,14,600
stone golem,33166,32583,14,600
stone golem,33164,32584,14,600
demon skeleton,33165,32584,14,600
demon skeleton,33210,32581,14,600
vampire,33218,32581,14,600
stalker,33280,32582,14,600
stalker,33280,32583,14,600
ghost,33064,32584,14,600
mummy,33057,32585,14,600
mummy,33057,32587,14,600
slime,33272,32585,14,600
slime,33274,32585,14,600
ghost,33275,32587,14,600
demon skeleton,33115,32586,14,600
demon skeleton,33116,32586,14,600
gargoyle,33115,32589,14,600
gargoyle,33184,32585,14,600
gargoyle,33183,32586,14,600
ghost,33252,32587,14,600
ghost,33254,32587,14,600
demon skeleton,33252,32589,14,600
ghost,33251,32590,14,600
ghost,33278,32588,14,600
ghost,33274,32589,14,600
ghost,33276,32590,14,600
gargoyle,33115,32590,14,600
vampire,33047,32591,14,600
vampire,33048,32592,14,600
vampire,33050,32592,14,600
demon skeleton,33045,32593,14,600
demon skeleton,33046,32594,14,600
demon skeleton,33049,32595,14,600
ghost,33070,32590,14,600
ghost,33070,32591,14,600
mummy,33069,32593,14,600
mummy,33067,32594,14,600
ghost,33069,32594,14,600
mummy,33066,32595,14,600
mummy,33068,32595,14,600
mummy,33196,32592,14,600
stone golem,33192,32593,14,600
demon skeleton,33194,32593,14,600
demon skeleton,33195,32593,14,600
mummy,33193,32595,14,600
mummy,33195,32595,14,600
demon skeleton,33196,32595,14,600
stone golem,33190,32593,14,600
stone golem,33166,32596,14,600
demon skeleton,33167,32596,14,600
ghost,33225,32596,14,600
ghost,33227,32596,14,600
ghost,33230,32597,14,600
bonebeast,33225,32599,14,600
stalker,33230,32599,14,600
stone golem,33168,32598,14,600
slime,33254,32599,14,600
bonebeast,33057,32600,14,600
ghost,33099,32600,14,600
ghost,33101,32600,14,600
necromancer,33105,32601,14,600
ghost,33101,32603,14,600
priestess,33103,32603,14,600
ghost,33125,32599,14,600
green djinn,33124,32600,14,600
ghost,33128,32600,14,600
green djinn,33126,32601,14,600
ghost,33127,32601,14,600
necromancer,33107,32602,14,600
stalker,33226,32602,14,600
stalker,33228,32603,14,600
stalker,33229,32604,14,600
stone golem,33151,32601,14,600
stone golem,33152,32604,14,600
demon skeleton,33150,32605,14,600
stone golem,33154,32606,14,600
demon skeleton,33148,32607,14,600
mummy,33150,32607,14,600
ghost,33291,32603,14,600
ghost,33288,32604,14,600
ghost,33289,32604,14,600
mummy,33290,32606,14,600
mummy,33289,32607,14,600
gargoyle,33173,32604,14,600
gargoyle,33171,32605,14,600
vampire,33196,32606,14,600
vampire,33194,32608,14,600
gargoyle,33056,32613,14,600
gargoyle,33056,32614,14,600
ghost,33058,32614,14,600
ghost,33060,32610,14,600
ghost,33060,32613,14,600
demon skeleton,33064,32616,14,600
mummy,33256,32612,14,600
mummy,33254,32613,14,600
mummy,33255,32613,14,600
stalker,33252,32614,14,600
mummy,33256,32614,14,600
ghost,33260,32614,14,600
stalker,33251,32615,14,600
ghost,33260,32615,14,600
ghost,33259,32616,14,600
stalker,33250,32618,14,600
gargoyle,33202,32615,14,600
gargoyle,33202,32616,14,600
vampire,33051,32613,14,600
vampire,33050,32615,14,600
vampire,33050,32617,14,600
vampire,33051,32617,14,600
necromancer,33056,32621,14,600
necromancer,33055,32622,14,600
stone golem,33216,32615,14,600
mummy,33219,32616,14,600
mummy,33222,32616,14,600
mummy,33219,32618,14,600
stone golem,33217,32619,14,600
mummy,33218,32619,14,600
stone golem,33216,32620,14,600
vampire,33220,32620,14,600
vampire,33219,32621,14,600
stone golem,33220,32622,14,600
demon skeleton,33064,32619,14,600
demon skeleton,33062,32622,14,600
vampire,33161,32619,14,600
demon skeleton,33160,32617,14,600
demon skeleton,33163,32619,14,600
demon skeleton,33164,32622,14,600
mummy,33273,32619,14,600
ghost,33275,32619,14,600
mummy,33276,32619,14,600
mummy,33275,32621,14,600
stalker,33059,32619,14,600
stalker,33057,32620,14,600
behemoth,33139,32620,14,600
stone golem,33141,32620,14,600
stone golem,33141,32622,14,600
necromancer,33057,32624,14,600
beholder,33054,32627,14,600
priestess,33059,32628,14,600
lich,33060,32628,14,600
vampire,33250,32624,14,600
vampire,33260,32624,14,600
crypt shambler,33189,32625,14,600
crypt shambler,33190,32626,14,600
beholder,33052,32626,14,600
beholder,33056,32630,14,600
priestess,33057,32631,14,600
priestess,33057,32634,14,600
gargoyle,33149,32630,14,600
gargoyle,33151,32631,14,600
gargoyle,33152,32631,14,600
mummy,33231,32640,14,600
mummy,33233,32640,14,600
gargoyle,33202,32641,14,600
gargoyle,33202,32643,14,600
gargoyle,33201,32644,14,600
mummy,33157,32642,14,600
mummy,33160,32643,14,600
mummy,33160,32644,14,600
stone golem,33161,32646,14,600
stone golem,33157,32647,14,600
stone golem,33159,32647,14,600
vampire,33158,32648,14,600
bonebeast,33221,32644,14,600
demon skeleton,33227,32642,14,600
demon skeleton,33226,32644,14,600
stone golem,33228,32644,14,600
demon skeleton,33226,32646,14,600
stone golem,33231,32644,14,600
behemoth,33234,32644,14,600
behemoth,33235,32644,14,600
vampire,33231,32647,14,600
vampire,33233,32647,14,600
stone golem,33232,32648,14,600
stone golem,33234,32648,14,600
stone golem,33185,32644,14,600
crypt shambler,33185,32645,14,600
stone golem,33187,32645,14,600
demon skeleton,33189,32647,14,600
vampire,33189,32648,14,600
stone golem,33116,32642,14,600
vampire,33115,32645,14,600
stone golem,33119,32646,14,600
vampire,33116,32647,14,600
stone golem,33117,32647,14,600
bonebeast,33123,32647,14,600
stone golem,33119,32648,14,600
mummy,33117,32649,14,600
gargoyle,33136,32647,14,600
vampire,33160,32651,14,600
crypt shambler,33183,32647,14,600
demon skeleton,33185,32650,14,600
demon skeleton,33186,32650,14,600
vampire,33187,32649,14,600
demon skeleton,33190,32650,14,600
vampire,33158,32652,14,600
lich,33008,32653,14,600
necromancer,33011,32653,14,600
crypt shambler,33331,32654,14,600
slime,33335,32654,14,600
mummy,33333,32656,14,600
slime,33333,32657,14,600
slime,33336,32657,14,600
scarab,33331,32658,14,600
vampire,33370,32654,14,600
scarab,33372,32652,14,600
ghost,33372,32654,14,600
ghost,33375,32654,14,600
ghost,33377,32655,14,600
scarab,33370,32656,14,600
ghost,33374,32656,14,600
crypt shambler,33373,32657,14,600
crypt shambler,33375,32657,14,600
ghost,33373,32659,14,600
scarab,33374,32659,14,600
demon skeleton,33219,32654,14,600
stone golem,33221,32655,14,600
demon skeleton,33220,32657,14,600
stone golem,33222,32657,14,600
stalker,33364,32654,14,600
stalker,33367,32654,14,600
stalker,33365,32655,14,600
scarab,33366,32656,14,600
vampire,33008,32656,14,600
vampire,33007,32657,14,600
vampire,33008,32659,14,600
beholder,33010,32659,14,600
vampire,33011,32660,14,600
beholder,33012,32660,14,600
crypt shambler,33137,32654,14,600
demon skeleton,33136,32656,14,600
demon skeleton,33137,32656,14,600
crypt shambler,33138,32656,14,600
demon skeleton,33139,32659,14,600
scarab,33330,32658,14,600
bonebeast,33213,32658,14,900
demon skeleton,33217,32658,14,600
demon skeleton,33214,32661,14,600
vampire,33219,32661,14,600
vampire,33221,32661,14,600
demon skeleton,33139,32660,14,600
ghost,33051,32661,14,600
ghost,33049,32664,14,600
ghost,33048,32666,14,600
scarab,33334,32664,14,600
crypt shambler,33395,32664,14,600
crypt shambler,33395,32665,14,600
demon skeleton,33172,32666,14,600
mummy,33169,32667,14,600
mummy,33170,32667,14,600
demon skeleton,33173,32668,14,600
demon skeleton,33174,32669,14,600
mummy,33173,32670,14,600
mummy,33332,32666,14,600
demon skeleton,33068,32666,14,600
demon skeleton,33070,32667,14,600
demon skeleton,33071,32667,14,600
necromancer,33069,32668,14,600
bonebeast,33167,32667,14,600
beholder,33028,32668,14,600
mummy,33029,32669,14,600
mummy,33030,32669,14,600
mummy,33028,32671,14,600
mummy,33169,32671,14,600
mummy,33170,32671,14,600
mummy,33174,32672,14,600
behemoth,33168,32673,14,600
behemoth,33177,32674,14,600
vampire,33173,32675,14,600
mummy,33403,32673,14,600
mummy,33404,32675,14,600
scarab,33374,32674,14,600
scarab,33375,32674,14,600
scarab,33374,32676,14,600
mummy,33353,32676,14,600
mummy,33356,32677,14,600
mummy,33355,32678,14,600
giant spider,33353,32680,14,700
ghoul,33052,32677,14,600
ghoul,33050,32679,14,600
ghoul,33048,32682,14,600
scarab,33322,32678,14,600
scarab,33324,32678,14,600
scarab,33325,32679,14,600
crypt shambler,33329,32679,14,600
vampire,33322,32681,14,600
crypt shambler,33328,32681,14,600
vampire,33322,32682,14,600
crypt shambler,33326,32683,14,600
demon skeleton,33325,32685,14,600
green djinn,33037,32682,14,600
beholder,33000,32683,14,600
beholder,33001,32684,14,600
necromancer,32999,32686,14,600
vampire,33004,32686,14,600
vampire,33002,32687,14,600
mummy,33352,32682,14,600
crypt shambler,33355,32683,14,600
mummy,33351,32684,14,600
bonebeast,33355,32684,14,600
mummy,33354,32685,14,600
crypt shambler,33358,32682,14,600
crypt shambler,33359,32684,14,600
crypt shambler,33357,32685,14,600
demon skeleton,33323,32686,14,600
vampire,33386,32685,14,600
slime,33383,32686,14,600
slime,33384,32687,14,600
vampire,33386,32687,14,600
slime,33387,32687,14,600
beholder,33058,32686,14,600
beholder,33058,32687,14,600
beholder,33061,32688,14,600
ghost,33064,32686,14,600
ghost,33065,32688,14,600
ghost,33063,32689,14,600
green djinn,33099,32685,14,600
green djinn,33102,32686,14,600
green djinn,33105,32688,14,600
demon skeleton,33381,32686,14,600
lich,32999,32689,14,600
demon skeleton,33109,32686,14,600
demon skeleton,33111,32687,14,600
demon skeleton,33114,32687,14,600
mummy,33107,32688,14,600
demon skeleton,33107,32689,14,600
necromancer,33108,32690,14,600
warlock,33116,32690,14,900
crypt shambler,33381,32689,14,600
crypt shambler,33382,32689,14,600
ghost,33203,32688,14,600
ghost,33221,32688,14,600
mummy,33079,32688,14,600
mummy,33078,32690,14,600
mummy,33078,32691,14,600
gargoyle,33095,32687,14,600
gargoyle,33096,32690,14,600
gargoyle,33093,32694,14,600
gargoyle,33097,32694,14,600
mummy,33117,32690,14,600
green djinn,33000,32691,14,600
green djinn,33001,32691,14,600
shredderthrower,33164,32691,14,60
shredderthrower,33169,32691,14,60
necromancer,33104,32693,14,600
necromancer,33105,32693,14,600
mummy,33109,32695,14,600
mummy,33112,32693,14,600
mummy,33112,32694,14,600
shredderthrower,33162,32693,14,60
shredderthrower,33174,32693,14,60
morguthis,33169,32694,14,600
scorpion,33048,32695,14,600
scorpion,33046,32696,14,600
shredderthrower,33162,32695,14,60
shredderthrower,33174,32695,14,60
shredderthrower,33164,32697,14,60
shredderthrower,33169,32697,14,60
stalker,33025,32695,14,600
green djinn,33023,32696,14,600
stalker,33025,32696,14,600
green djinn,33026,32698,14,600
slime,33023,32699,14,600
stalker,33025,32699,14,600
stalker,33029,32699,14,600
green djinn,33029,32701,14,600
crypt shambler,33357,32698,14,600
crypt shambler,33359,32698,14,600
mummy,33362,32700,14,600
ancient scarab,33362,32701,14,600
mummy,33364,32698,14,600
mummy,33365,32698,14,600
mummy,33365,32700,14,600
scarab,33366,32701,14,600
scarab,33362,32702,14,600
crypt shambler,33402,32697,14,600
crypt shambler,33400,32698,14,600
crypt shambler,33398,32699,14,600
crypt shambler,33400,32699,14,600
green djinn,33056,32700,14,600
green djinn,33057,32700,14,600
mummy,33383,32701,14,600
slime,33338,32703,14,600
slime,33342,32704,14,600
bonebeast,33336,32705,14,600
slime,33338,32705,14,600
slime,33337,32706,14,600
slime,33341,32707,14,600
slime,33339,32709,14,600
mummy,33359,32703,14,600
mummy,33361,32704,14,600
scarab,33364,32704,14,600
vampire,33056,32704,14,600
vampire,33056,32705,14,600
green djinn,33104,32706,14,600
green djinn,33106,32707,14,600
lich,33105,32709,14,600
lich,33104,32710,14,600
mummy,33394,32706,14,600
mummy,33395,32708,14,600
ghost,33064,32709,14,600
ghost,33062,32710,14,600
gargoyle,33079,32709,14,600
gargoyle,33077,32710,14,600
demon skeleton,33096,32708,14,600
demon skeleton,33098,32709,14,600
demon skeleton,33096,32711,14,600
beholder,33009,32710,14,600
beholder,33011,32710,14,600
beholder,33006,32711,14,600
necromancer,33008,32712,14,600
necromancer,33009,32712,14,600
scorpion,33024,32710,14,600
scorpion,33022,32712,14,600
mummy,33034,32710,14,600
mummy,33037,32710,14,600
mummy,33038,32710,14,600
ghost,33203,32710,14,600
ghost,33221,32710,14,600
beholder,32986,32716,14,600
beholder,32986,32717,14,600
beholder,32985,32718,14,600
green djinn,32982,32720,14,600
necromancer,33324,32717,14,600
slime,33322,32717,14,600
slime,33322,32718,14,600
bonebeast,33326,32719,14,600
crypt shambler,33373,32719,14,600
crypt shambler,33376,32719,14,600
crypt shambler,33371,32720,14,600
scarab,33369,32722,14,600
demon skeleton,33375,32722,14,600
scarab,33371,32723,14,600
slime,33377,32723,14,600
stalker,33050,32720,14,600
slime,33380,32719,14,600
slime,33378,32720,14,600
vampire,33033,32721,14,600
vampire,33030,32722,14,600
vampire,33032,32724,14,600
necromancer,33032,32725,14,600
crypt shambler,33356,32721,14,600
crypt shambler,33356,32722,14,600
scarab,33358,32722,14,600
scarab,33355,32723,14,600
slime,33356,32723,14,600
slime,33355,32724,14,600
scarab,33357,32724,14,600
scarab,33360,32721,14,600
lich,32980,32722,14,600
lich,32982,32723,14,600
green djinn,32984,32723,14,600
green djinn,32985,32723,14,600
necromancer,32984,32726,14,600
demon skeleton,32988,32723,14,600
necromancer,32983,32727,14,600
demon skeleton,32991,32721,14,600
demon skeleton,32990,32725,14,600
beholder,32998,32723,14,600
scarab,33374,32725,14,600
necromancer,32986,32728,14,600
scarab,33342,32730,14,600
crypt shambler,33338,32731,14,600
scarab,33342,32732,14,600
scarab,33343,32732,14,600
ancient scarab,33340,32734,14,600
vampire,33107,32731,14,600
vampire,33108,32731,14,600
vampire,33111,32733,14,600
ghost,33114,32731,14,600
ghost,33116,32733,14,600
lich,33119,32733,14,600
ghost,33117,32734,14,600
ghost,33114,32735,14,600
lich,33120,32731,14,600
bonebeast,33307,32731,14,600
crypt shambler,33308,32731,14,600
crypt shambler,33306,32732,14,600
mummy,33308,32732,14,600
crypt shambler,33337,32732,14,600
slime,33336,32734,14,600
scarab,33401,32731,14,600
scarab,33401,32732,14,600
scarab,33397,32734,14,600
scarab,33402,32735,14,600
crypt shambler,33398,32736,14,600
vampire,33400,32736,14,600
vampire,33402,32736,14,600
beholder,33101,32732,14,600
beholder,33102,32732,14,600
beholder,33126,32732,14,600
beholder,33124,32733,14,600
beholder,33125,32734,14,600
warlock,33127,32736,14,900
beholder,33128,32736,14,600
necromancer,33005,32733,14,600
necromancer,33003,32735,14,600
beholder,33010,32732,14,600
beholder,33011,32732,14,600
vampire,33010,32733,14,600
vampire,33011,32733,14,600
beholder,33013,32733,14,600
vampire,33010,32736,14,600
mummy,33310,32731,14,600
mummy,33310,32733,14,600
mummy,33315,32733,14,600
crypt shambler,33307,32734,14,600
mummy,33315,32734,14,600
ghost,33310,32737,14,600
ghost,33311,32737,14,600
scorpion,33086,32731,14,600
scorpion,33085,32734,14,600
scorpion,33087,32737,14,600
scorpion,33089,32737,14,600
crypt shambler,33324,32734,14,600
crypt shambler,33322,32735,14,600
mummy,33358,32734,14,600
mummy,33360,32734,14,600
slime,33383,32733,14,600
slime,33381,32734,14,600
bonebeast,33343,32735,14,600
demon skeleton,33034,32736,14,600
crypt shambler,33400,32737,14,600
green djinn,33058,32737,14,600
green djinn,33059,32737,14,600
demon skeleton,33062,32738,14,600
lich,33062,32740,14,600
stalker,33065,32735,14,600
stalker,33065,32737,14,600
demon skeleton,33063,32739,14,600
ghost,33065,32740,14,600
slime,33338,32737,14,600
slime,33339,32739,14,600
beholder,33124,32737,14,600
green djinn,33123,32739,14,600
beholder,33126,32739,14,600
beholder,33068,32741,14,600
beholder,33066,32742,14,600
mummy,33105,32738,14,600
mummy,33102,32741,14,600
mummy,33103,32742,14,600
green djinn,33107,32739,14,600
green djinn,33108,32741,14,600
necromancer,33114,32741,14,600
green djinn,33121,32738,14,600
green djinn,33120,32741,14,600
necromancer,33058,32742,14,600
necromancer,33057,32744,14,600
necromancer,33060,32744,14,600
ghost,33063,32742,14,600
crypt shambler,33357,32743,14,600
crypt shambler,33359,32745,14,600
vampire,33353,32746,14,600
slime,33361,32746,14,600
crypt shambler,33353,32747,14,600
mummy,33354,32747,14,600
mummy,33357,32747,14,600
crypt shambler,33358,32747,14,600
vampire,33355,32748,14,600
slime,33359,32748,14,600
slime,33382,32743,14,600
vampire,33379,32745,14,600
mummy,33381,32745,14,600
slime,33384,32745,14,600
mummy,33383,32746,14,600
ghost,33326,32744,14,600
demon skeleton,33089,32745,14,600
demon skeleton,33089,32747,14,600
lich,33092,32747,14,600
beholder,33089,32750,14,600
mummy,33354,32749,14,600
stalker,33045,32750,14,600
stalker,33046,32750,14,600
vampire,33050,32750,14,600
vampire,33046,32751,14,600
stalker,33048,32752,14,600
lich,33048,32753,14,600
vampire,33051,32749,14,600
vampire,33051,32751,14,600
mummy,33048,32755,14,600
green djinn,33095,32747,14,600
green djinn,33093,32750,14,600
green djinn,33094,32752,14,600
scorpion,33037,32753,14,600
scorpion,33037,32754,14,600
scarab,33312,32753,14,600
scarab,33314,32753,14,600
bonebeast,33312,32755,14,600
scarab,33314,32755,14,600
crypt shambler,33315,32756,14,600
mummy,33051,32757,14,600
mummy,33050,32758,14,600
crypt shambler,33314,32758,14,600
slime,33371,32758,14,600
slime,33368,32760,14,600
slime,33372,32761,14,600
mummy,33402,32758,14,600
mummy,33401,32759,14,600
bonebeast,33370,32763,14,600
ancient scarab,33375,32763,14,600
ancient scarab,33376,32763,14,600
ancient scarab,33378,32763,14,600
ghost,33373,32766,14,600
crypt shambler,33379,32767,14,600
slime,33338,32765,14,600
slime,33339,32765,14,600
crypt shambler,33337,32766,14,600
crypt shambler,33338,32768,14,600
bonebeast,33341,32768,14,600
ghost,33370,32767,14,600
ghost,33369,32768,14,600
crypt shambler,33380,32767,14,600
slime,33399,32774,14,600
slime,33400,32775,14,600
crypt shambler,33397,32777,14,600
crypt shambler,33399,32779,14,600
slime,33399,32781,14,600
crypt shambler,33397,32782,14,600
slime,33399,32782,14,600
rahemos,33076,32781,14,600
magicthrower,33079,32781,14,60
warlock,33081,32781,14,550
slime,33372,32782,14,600
slime,33375,32782,14,600
slime,33373,32783,14,600
slime,33324,32782,14,600
slime,33326,32783,14,600
slime,33399,32784,14,600
scarab,33400,32784,14,600
scarab,33398,32785,14,600
necromancer,33382,32784,14,600
necromancer,33380,32785,14,600
necromancer,33380,32786,14,600
giant spider,33380,32789,14,600
crypt shambler,33363,32786,14,600
crypt shambler,33364,32786,14,600
vampire,33351,32788,14,600
vampire,33349,32789,14,600
bonebeast,33349,32790,14,600
bonebeast,33351,32790,14,600
necromancer,33354,32790,14,600
bonebeast,33371,32787,14,600
bonebeast,33373,32789,14,600
scarab,33393,32787,14,600
scarab,33396,32789,14,600
scarab,33396,32792,14,600
ancient scarab,33394,32794,14,600
ancient scarab,33394,32795,14,600
scorpion,33335,32789,14,600
scorpion,33335,32790,14,600
scorpion,33333,32791,14,600
giant spider,33352,32793,14,600
mummy,33256,32793,14,600
mummy,33260,32793,14,600
demon skeleton,33256,32795,14,600
demon skeleton,33258,32795,14,600
mummy,33259,32795,14,600
mummy,33257,32797,14,600
giant spider,33404,32793,14,600
bonebeast,33397,32797,14,600
bonebeast,33399,32797,14,600
crypt shambler,33185,32807,14,600
crypt shambler,33187,32807,14,600
mummy,33188,32809,14,600
mummy,33185,32810,14,600
mummy,33186,32810,14,600
crypt shambler,33188,32810,14,600
mummy,33205,32808,14,600
mummy,33207,32808,14,600
crypt shambler,33205,32810,14,600
scarab,33207,32810,14,600
crypt shambler,33208,32811,14,600
crypt shambler,33209,32811,14,600
crypt shambler,33205,32812,14,600
scarab,33208,32812,14,600
demon skeleton,33254,32811,14,600
mummy,33257,32811,14,600
demon skeleton,33254,32812,14,600
mummy,33255,32812,14,600
ghost,33260,32814,14,600
ghost,33259,32816,14,600
mummy,33236,32819,14,600
mummy,33234,32821,14,600
scarab,33239,32821,14,600
demon skeleton,33233,32822,14,600
demon skeleton,33233,32823,14,600
fire elemental,33300,32824,14,600
fire elemental,33300,32827,14,600
fire elemental,33303,32828,14,600
crypt shambler,33300,32831,14,600
demon skeleton,33256,32828,14,600
demon skeleton,33257,32829,14,600
ghost,33158,32828,14,600
ghost,33156,32829,14,600
mummy,33154,32831,14,600
ghost,33155,32831,14,600
vampire,33156,32833,14,600
crypt shambler,33209,32827,14,600
crypt shambler,33211,32829,14,600
crypt shambler,33208,32830,14,600
crypt shambler,33209,32832,14,600
demon skeleton,33196,32830,14,600
crypt shambler,33195,32831,14,600
crypt shambler,33178,32829,14,600
crypt shambler,33177,32831,14,600
crypt shambler,33178,32831,14,600
crypt shambler,33179,32831,14,600
crypt shambler,33301,32832,14,600
crypt shambler,33301,32834,14,600
plaguethrower,33396,32832,14,60
plaguethrower,33397,32832,14,60
crypt shambler,33199,32830,14,600
crypt shambler,33196,32833,14,600
plaguethrower,33390,32838,14,60
plaguethrower,33390,32839,14,60
plaguethrower,33403,32838,14,60
plaguethrower,33403,32839,14,60
thalas,33396,32839,14,600
crypt shambler,33235,32841,14,600
crypt shambler,33236,32842,14,600
mummy,33236,32843,14,600
crypt shambler,33238,32844,14,600
mummy,33236,32845,14,600
scarab,33257,32841,14,600
scarab,33256,32843,14,600
scarab,33256,32844,14,600
scarab,33255,32846,14,600
ghost,33277,32840,14,600
ghost,33280,32843,14,600
ghost,33279,32844,14,600
ghost,33277,32846,14,600
necromancer,33394,32841,14,400
necromancer,33399,32842,14,400
necromancer,33397,32843,14,400
plaguethrower,33393,32847,14,60
necromancer,33394,32847,14,400
plaguethrower,33400,32847,14,60
plaguethrower,33392,32850,14,60
plaguethrower,33401,32850,14,60
plaguethrower,33393,32852,14,60
plaguethrower,33400,32852,14,60
fire elemental,33298,32854,14,600
fire elemental,33299,32854,14,600
crypt shambler,33294,32855,14,600
fire elemental,33299,32855,14,600
mummy,33296,32856,14,600
mummy,33297,32857,14,600
green djinn,33300,32857,14,1300
crypt shambler,33212,32852,14,600
crypt shambler,33213,32852,14,600
crypt shambler,33212,32855,14,600
fire elemental,33208,32856,14,600
fire elemental,33210,32856,14,600
crypt shambler,33214,32857,14,600
fire elemental,33210,32859,14,600
crypt shambler,33293,32856,14,600
mummy,33188,32853,14,600
mummy,33185,32856,14,600
mummy,33182,32859,14,600
mummy,33186,32860,14,600
crypt shambler,33230,32855,14,600
crypt shambler,33232,32856,14,600
scarab,33252,32856,14,600
scarab,33250,32857,14,600
scarab,33251,32859,14,600
scarab,33252,32859,14,600
demon skeleton,33296,32860,14,600
necromancer,33092,32858,14,600
stalker,33087,32860,14,600
bonebeast,33090,32861,14,600
necromancer,33092,32861,14,600
vampire,33089,32862,14,600
stalker,33090,32862,14,600
vampire,33091,32862,14,600
stalker,33088,32863,14,600
ghost,33092,32863,14,600
vampire,33088,32864,14,600
necromancer,33093,32860,14,600
ghost,33094,32863,14,600
vampire,33123,32859,14,600
vampire,33125,32861,14,600
necromancer,33126,32862,14,600
demon skeleton,33124,32863,14,600
necromancer,33128,32863,14,600
vampire,33125,32865,14,600
vampire,33126,32865,14,600
ghost,33093,32866,14,600
stalker,33109,32862,14,600
stalker,33110,32863,14,600
stalker,33109,32864,14,600
fire elemental,33160,32862,14,600
fire elemental,33160,32863,14,600
mummy,33254,32867,14,600
mummy,33257,32868,14,600
mummy,33252,32869,14,600
fire elemental,33281,32876,14,600
fire elemental,33283,32876,14,600
demon skeleton,33283,32878,14,600
demon skeleton,33284,32879,14,600
crypt shambler,33212,32877,14,600
crypt shambler,33211,32878,14,600
ghost,33212,32879,14,600
ghost,33210,32880,14,600
fire elemental,33159,32877,14,600
fire elemental,33161,32878,14,600
mummy,33187,32878,14,600
crypt shambler,33237,32877,14,600
crypt shambler,33235,32878,14,600
ghost,33211,32881,14,600
ghost,33231,32877,14,600
ghost,33231,32879,14,600
fire elemental,33266,32879,14,600
fire elemental,33267,32881,14,600
stalker,33092,32879,14,600
stalker,33091,32880,14,600
stalker,33093,32880,14,600
stalker,33109,32878,14,600
stalker,33110,32880,14,600
ghost,33280,32882,14,600
ghost,33282,32883,14,600
green djinn,33135,32886,14,600
vampire,33139,32885,14,600
vampire,33138,32886,14,600
stalker,33133,32887,14,600
vampire,33138,32887,14,600
ghost,33133,32888,14,600
stalker,33138,32888,14,600
vampire,33135,32889,14,600
stalker,33136,32889,14,600
ghost,33133,32891,14,600
stalker,33100,32888,14,600
stalker,33098,32889,14,600
stalker,33101,32889,14,600
demon skeleton,33099,32891,14,600
vampire,33102,32891,14,600
vampire,33100,32892,14,600
demon skeleton,33101,32892,14,600
vampire,33100,32893,14,600
fire elemental,33160,32891,14,600
fire elemental,33162,32892,14,600
bonebeast,33073,32892,14,600
bonebeast,33076,32893,14,600
stalker,33072,32894,14,600
bonebeast,33074,32894,14,600
ghost,33080,32895,14,600
stalker,33071,32895,14,600
ghost,33081,32894,14,600
mummy,33253,32895,14,600
mummy,33253,32896,14,600
demon skeleton,33255,32897,14,600
stalker,33113,32897,14,600
stalker,33113,32898,14,600
ghost,33231,32896,14,600
ghost,33233,32897,14,600
vampire,33235,32897,14,600
demon skeleton,33257,32896,14,600
crypt shambler,33214,32898,14,600
crypt shambler,33211,32900,14,600
crypt shambler,33212,32900,14,600
vampire,33212,32901,14,600
mummy,33212,32902,14,600
vampire,33210,32903,14,600
mummy,33214,32903,14,600
crypt shambler,33185,32900,14,600
crypt shambler,33187,32900,14,600
crypt shambler,33188,32902,14,600
mummy,33185,32905,14,600
mummy,33185,32906,14,600
stalker,33055,32901,14,600
stalker,33054,32903,14,600
stalker,33055,32906,14,600
bonebeast,33053,32907,14,600
ghost,33181,32903,14,600
ghost,33180,32904,14,600
crypt shambler,33086,32905,14,600
crypt shambler,33086,32907,14,600
ghost,33061,32906,14,600
ghost,33063,32906,14,600
bonebeast,33054,32908,14,600
stalker,33098,32912,14,600
ghost,33096,32913,14,600
ghost,33098,32913,14,600
ghost,33095,32914,14,600
ghost,33097,32914,14,600
stalker,33101,32914,14,600
stalker,33097,32915,14,600
demon skeleton,33097,32918,14,600
crypt shambler,33230,32912,14,600
crypt shambler,33230,32913,14,600
crypt shambler,33233,32913,14,600
crypt shambler,33234,32913,14,600
vampire,33231,32914,14,600
mummy,33233,32915,14,600
demon skeleton,33236,32916,14,600
mummy,33232,32918,14,600
vampire,33102,32913,14,600
bonebeast,33104,32914,14,600
vampire,33104,32917,14,600
stalker,33105,32917,14,600
stalker,33126,32912,14,600
stalker,33127,32914,14,600
vampire,33104,32920,14,600
mummy,33234,32920,14,600
stalker,33156,32921,14,600
ghost,33159,32921,14,600
ghost,33159,32922,14,600
stalker,33160,32922,14,600
stalker,33157,32923,14,600
demon skeleton,33156,32924,14,600
demon skeleton,33156,32925,14,600
demon skeleton,33157,32925,14,600
stalker,33160,32925,14,600
gargoyle,33163,32921,14,600
gargoyle,33163,32922,14,600
ghost,33067,32924,14,600
ghost,33070,32926,14,600
vampire,33064,32927,14,600
vampire,33065,32927,14,600
necromancer,33067,32927,14,600
vampire,33063,32928,14,600
ghost,33065,32928,14,600
demon skeleton,33071,32928,14,600
ghost,33063,32929,14,600
ghost,33068,32929,14,600
demon skeleton,33069,32930,14,600
ghost,33160,32928,14,600
ghost,33162,32925,14,600
stalker,33125,32926,14,600
ghost,33120,32927,14,600
stalker,33122,32927,14,600
ghost,33119,32929,14,600
ghost,33122,32929,14,600
stalker,33125,32929,14,600
ghost,33117,32931,14,600
stalker,33121,32931,14,600
demon skeleton,33176,32932,14,600
stalker,33175,32933,14,600
demon skeleton,33177,32933,14,600
demon skeleton,33048,32934,14,600
stalker,33050,32934,14,600
bonebeast,33045,32935,14,600
demon skeleton,33046,32935,14,600
stalker,33051,32936,14,600
stalker,33047,32937,14,600
vampire,33049,32937,14,600
stalker,33170,32935,14,600
stalker,33171,32936,14,600
beholder,33176,32936,14,600
ghost,33176,32938,14,600
ghost,33175,32939,14,600
ghost,33176,32939,14,600
stalker,33174,32940,14,600
beholder,33178,32937,14,600
necromancer,33181,32933,14,600
necromancer,33181,32936,14,600
necromancer,33180,32937,14,600
necromancer,33043,32938,14,600
vampire,33051,32938,14,600
ghost,33044,32939,14,600
ghost,33045,32939,14,600
necromancer,33046,32939,14,600
stalker,33044,32940,14,600
necromancer,33044,32941,14,600
ghost,33047,32941,14,600
ghost,33047,32942,14,600
ghost,33083,32937,14,600
ghost,33081,32938,14,600
ghost,33103,32938,14,600
ghost,33101,32939,14,600
ghost,33104,32939,14,600
demon skeleton,33104,32940,14,600
stalker,33100,32941,14,600
stalker,33098,32942,14,600
vampire,33103,32942,14,600
bonebeast,33098,32943,14,600
vampire,33104,32943,14,600
demon skeleton,33106,32942,14,600
vampire,33130,32942,14,600
stalker,33126,32943,14,600
vampire,33130,32943,14,600
stalker,33129,32944,14,600
vampire,33130,32945,14,600
stalker,33127,32946,14,600
stalker,33131,32946,14,600
stalker,33101,32946,14,600
stalker,33143,32944,14,600
ghost,33148,32944,14,600
stalker,33147,32945,14,600
beholder,33148,32945,14,600
stalker,33142,32946,14,600
ghost,33146,32946,14,600
beholder,33148,32947,14,600
stalker,33141,32948,14,600
demon skeleton,33143,32948,14,600
stalker,33097,32945,14,600
stalker,33099,32945,14,600
demon skeleton,33069,32946,14,600
demon skeleton,33069,32947,14,600
stalker,33073,32948,14,600
necromancer,33066,32949,14,600
demon skeleton,33068,32949,14,600
stalker,33071,32949,14,600
bonebeast,33145,32950,14,600
demon skeleton,33143,32950,14,600
mummy,33083,32950,14,600
mummy,33081,32951,14,600
ghost,33067,32952,14,600
stalker,33068,32952,14,600
stalker,33071,32952,14,600
ghost,33067,32953,14,600
ghost,33068,32954,14,600
stalker,33072,32952,14,600
vampire,33119,32958,14,600
vampire,33119,32959,14,600
vampire,33120,32960,14,600
ghost,33083,32961,14,600
ghost,33084,32962,14,600
ghost,33151,32963,14,600
vampire,33155,32963,14,600
vampire,33156,32963,14,600
vampire,33157,32963,14,600
ghost,33152,32964,14,600
vampire,33154,32965,14,600
stalker,33155,32965,14,600
stalker,33150,32966,14,600
stalker,33154,32966,14,600
demon skeleton,33150,32967,14,600
ghost,33147,32962,14,600
ghost,33149,32964,14,600
stalker,33149,32965,14,600
stalker,33149,32966,14,600
demon skeleton,33148,32968,14,600
stalker,33098,32965,14,600
vampire,33101,32965,14,600
stalker,33096,32966,14,600
stalker,33099,32967,14,600
mummy,33095,32968,14,600
vampire,33099,32968,14,600
stalker,33094,32969,14,600
vampire,33100,32969,14,600
mummy,33097,32971,14,600
mummy,33098,32971,14,600
demon skeleton,33118,32969,14,600
demon skeleton,33119,32969,14,600
vampire,33118,32970,14,600
vampire,33120,32971,14,600
mummy,33078,32975,14,600
mummy,33079,32977,14,600
mummy,33081,32978,14,600
slime,33078,32979,14,600
beholder,33088,32975,14,600
ghost,33176,32975,14,600
ghost,33177,32976,14,600
stalker,33178,32976,14,600
ghost,33175,32978,14,600
necromancer,33181,32973,14,600
necromancer,33182,32975,14,600
demon skeleton,33083,32974,14,600
demon skeleton,33083,32977,14,600
stalker,33087,32977,14,600
stalker,33084,32979,14,600
bonebeast,33086,32979,14,600
stalker,33080,32980,14,600
demon skeleton,33086,32980,14,600
stalker,33083,32981,14,600
ghost,33138,32977,14,600
ghost,33139,32978,14,600
stalker,33155,32977,14,600
stalker,33157,32978,14,600
necromancer,33078,32984,14,600
ghost,33088,32984,14,600
ghost,33086,32985,14,600
mummy,33109,32981,14,600
mummy,33110,32983,14,600
stalker,33181,32979,14,600
stalker,33176,32981,14,600
stalker,33178,32981,14,600
demon skeleton,33181,32981,14,600
demon skeleton,33182,32981,14,600
stalker,33181,32983,14,600
stalker,33129,32981,14,600
ghost,33125,32982,14,600
stalker,33124,32983,14,600
vampire,33125,32983,14,600
stalker,33126,32983,14,600
vampire,33127,32983,14,600
vampire,33128,32984,14,600
ghost,33129,32985,14,600
stalker,33125,32986,14,600
ghost,33125,32987,14,600
ghost,33128,32987,14,600
stalker,33128,32988,14,600
ghost,33166,32992,14,600
ghost,33160,32993,14,600
ghost,33162,32993,14,600
bonebeast,33167,32994,14,600
stalker,33158,32996,14,600
ghost,33161,32996,14,600
stalker,33162,32996,14,600
stalker,33164,32996,14,600
stalker,33160,32997,14,600
demon skeleton,33167,32997,14,600
necromancer,33165,32998,14,600
stalker,33108,32991,14,600
stalker,33110,32991,14,600
vampire,33111,32993,14,600
mummy,33105,32994,14,600
stalker,33109,32995,14,600
mummy,33105,32996,14,600
mummy,33106,32997,14,600
mummy,33107,32997,14,600
stalker,33110,32997,14,600
vampire,33111,32997,14,600
vampire,33112,32997,14,600
ancient scarab,33104,33000,14,600
bonebeast,33114,33000,14,600
ghost,33105,33001,14,600
vampire,33111,33001,14,600
ghost,33107,33002,14,600
mummy,33112,33002,14,600
demon skeleton,33169,32995,14,600
shredderthrower,33199,32997,14,60
shredderthrower,33203,32997,14,60
omruc,33202,32998,14,600
ghost,33148,32998,14,600
stalker,33146,32999,14,600
ghost,33148,32999,14,600
ghost,33148,33000,14,600
vampire,33150,33000,14,600
stalker,33144,33001,14,600
stalker,33146,33002,14,600
stalker,33148,33003,14,600
vampire,33150,33003,14,600
mummy,33144,33004,14,600
ghost,33145,33004,14,600
stalker,33149,33005,14,600
vampire,33150,33005,14,600
magicthrower,33195,33001,14,60
magicthrower,33200,33001,14,60
stalker,33201,33002,14,600
shredderthrower,33203,33001,14,60
stalker,33204,33002,14,600
magicthrower,33207,33001,14,60
mummy,33112,33003,14,600
mummy,33109,33004,14,600
ghost,33109,33005,14,600
demon skeleton,33111,33005,14,600
necromancer,33108,33006,14,600
ghost,33111,33006,14,600
mummy,33113,33003,14,600
mummy,33142,33002,14,600
magicthrower,33195,33003,14,60
magicthrower,33207,33003,14,60
shredderthrower,33200,33004,14,60
stalker,33201,33005,14,600
magicthrower,33203,33004,14,60
shredderthrower,33199,33007,14,60
shredderthrower,33203,33007,14,60
elf arcanist,32502,31586,15,700
elf arcanist,32503,31586,15,700
elf arcanist,32503,31589,15,700
elf arcanist,32503,31590,15,700
elf arcanist,32504,31592,15,700
warlock,32515,31589,15,800
banshee,33317,31589,15,300
banshee,33318,31590,15,300
demon,33319,31592,15,600
banshee,33320,31592,15,600
demon,33321,31592,15,600
demon,33322,31590,15,600
banshee,33325,31589,15,600
banshee,33325,31590,15,600
banshee,33318,31594,15,600
demon,33322,31594,15,600
banshee,33323,31594,15,600
banshee,33325,31594,15,600
bug,32691,31596,15,600
bug,32694,31596,15,600
bug,32692,31597,15,600
priestess,33158,31598,15,800
stone golem,33160,31599,15,600
stone golem,33158,31600,15,600
priestess,33161,31600,15,800
priestess,33158,31601,15,800
bug,32704,31601,15,600
bug,32706,31601,15,600
bug,32701,31604,15,600
bug,32700,31605,15,600
priestess,33156,31601,15,600
monk,33139,31600,15,450
monk,33137,31602,15,450
monk,33139,31602,15,450
monk,33140,31602,15,450
monk,33141,31604,15,450
bug,32694,31603,15,600
bug,32696,31604,15,600
bug,32697,31606,15,600
bug,32696,31609,15,600
bug,32696,31610,15,600
bug,32696,31611,15,600
dragon,32475,31612,15,600
dragon,32477,31612,15,600
warlock,32478,31612,15,900
warlock,32477,31613,15,900
dragon,32475,31614,15,600
dragon,32483,31612,15,600
dragon,32485,31612,15,600
dragon,32482,31613,15,600
warlock,32480,31613,15,900
demon,33063,31623,15,6000
hero,33156,31620,15,750
hero,33155,31623,15,750
hero,33154,31626,15,750
fire elemental,33094,31621,15,600
fire elemental,33093,31624,15,600
fire elemental,33091,31625,15,600
fire elemental,33092,31625,15,600
priestess,33134,31629,15,600
hero,33136,31629,15,900
priestess,33132,31631,15,600
elf arcanist,32396,31632,15,800
elf arcanist,32396,31634,15,800
warlock,32415,31635,15,1000
warlock,32414,31636,15,1000
stone golem,32440,31636,15,700
demon,33203,31640,15,6000
demon,33205,31641,15,6000
behemoth,33300,31653,15,600
fire elemental,33142,31662,15,600
demon skeleton,33142,31663,15,600
fire elemental,33143,31663,15,600
demon skeleton,33144,31665,15,600
behemoth,33295,31665,15,600
behemoth,33295,31666,15,600
demon skeleton,32666,31666,15,999
behemoth,33276,31674,15,700
behemoth,33275,31675,15,700
skeleton,32672,31675,15,600
skeleton,32673,31676,15,600
skeleton,32678,31676,15,600
skeleton,32680,31676,15,600
skeleton,32681,31678,15,600
ghoul,32669,31679,15,600
ghoul,32673,31679,15,600
skeleton,32676,31679,15,600
demon skeleton,32676,31680,15,600
skeleton,32683,31680,15,600
demon skeleton,32678,31681,15,600
ghoul,32670,31682,15,600
demon skeleton,32675,31682,15,600
skeleton,32675,31684,15,600
demon skeleton,32665,31678,15,999
cyclops,33301,31678,15,650
cyclops,33299,31680,15,650
ghoul,32666,31679,15,600
ghoul,32667,31682,15,600
behemoth,33314,31682,15,800
dwarf soldier,33294,31684,15,500
dwarf soldier,33292,31686,15,500
dwarf soldier,33295,31687,15,500
dwarf soldier,33288,31690,15,500
cyclops,33297,31691,15,700
cyclops,33298,31689,15,700
behemoth,33301,31689,15,700
behemoth,33303,31690,15,700
cyclops,33301,31692,15,700
cyclops,33296,31692,15,700
behemoth,33285,31697,15,700
behemoth,33287,31699,15,700
cyclops,33303,31694,15,600
cyclops,33303,31696,15,600
cyclops,33303,31697,15,600
cyclops,33305,31697,15,600
behemoth,33309,31698,15,700
fire elemental,33086,31698,15,600
fire elemental,33087,31699,15,600
fire elemental,33088,31701,15,600
behemoth,33273,31704,15,700
stalker,33143,31706,15,600
stalker,33144,31706,15,600
stalker,33143,31708,15,600
cyclops,33292,31704,15,700
cyclops,33294,31706,15,700
cyclops,33291,31707,15,700
dwarf soldier,33302,31706,15,500
dwarf soldier,33301,31708,15,500
fire elemental,33119,31709,15,600
fire elemental,33121,31711,15,600
behemoth,33305,31711,15,600
behemoth,33306,31712,15,600
behemoth,33339,31715,15,600
cyclops,33302,31718,15,600
cyclops,33300,31719,15,600
fire elemental,33071,31720,15,600
fire elemental,33071,31721,15,600
fire elemental,33085,31717,15,700
fire elemental,33082,31719,15,700
fire elemental,33085,31720,15,700
stone golem,32505,31720,15,750
elf arcanist,32506,31720,15,900
stone golem,32506,31721,15,750
elf arcanist,32504,31722,15,900
dwarf guard,32505,31722,15,700
dwarf guard,32506,31722,15,700
minotaur guard,32506,31723,15,800
elf arcanist,32502,31721,15,900
fire elemental,33118,31723,15,600
behemoth,33301,31737,15,700
behemoth,33299,31739,15,700
ghost,32210,31843,15,600
demon skeleton,32220,31843,15,600
demon skeleton,32218,31844,15,600
demon skeleton,32220,31845,15,600
ghost,32214,31846,15,600
demon skeleton,32218,31846,15,600
ghost,32215,31847,15,600
ghost,32212,31846,15,600
rotworm,32549,31875,15,500
rotworm,32551,31877,15,500
rotworm,32566,31875,15,500
dwarf soldier,32566,31876,15,600
dwarf soldier,32568,31876,15,600
rotworm,32567,31877,15,500
dwarf soldier,32568,31877,15,600
dwarf guard,32612,31877,15,600
dwarf guard,32615,31877,15,600
dwarf guard,32617,31879,15,600
slime,32668,31877,15,600
dwarf soldier,32634,31878,15,600
dwarf soldier,32635,31879,15,600
dwarf soldier,32637,31880,15,600
demon skeleton,32176,31879,15,600
demon skeleton,32177,31880,15,600
demon skeleton,32182,31878,15,600
demon skeleton,32183,31880,15,600
demon skeleton,32185,31880,15,600
demon skeleton,32182,31884,15,600
demon skeleton,32184,31884,15,600
demon skeleton,32180,31885,15,600
demon skeleton,32182,31885,15,600
demon skeleton,32183,31885,15,600
dwarf guard,32555,31880,15,600
dwarf guard,32557,31880,15,600
dwarf soldier,32555,31883,15,600
rotworm,32593,31880,15,500
rotworm,32594,31881,15,500
rotworm,32593,31882,15,500
rotworm,32643,31880,15,500
dwarf guard,32644,31882,15,600
dwarf guard,32646,31883,15,600
dwarf soldier,32607,31881,15,600
dwarf soldier,32604,31883,15,600
dwarf soldier,32604,31884,15,600
dwarf soldier,32582,31881,15,600
dwarf soldier,32579,31882,15,600
dwarf soldier,32580,31882,15,600
dwarf guard,32581,31882,15,600
dwarf guard,32583,31882,15,600
rotworm,32578,31885,15,500
rotworm,32579,31886,15,500
dwarf guard,32647,31882,15,600
dwarf soldier,32648,31882,15,600
dwarf soldier,32647,31883,15,600
dwarf guard,32647,31885,15,600
dwarf soldier,32650,31883,15,600
demon skeleton,32172,31881,15,600
demon skeleton,32173,31883,15,600
demon skeleton,32169,31884,15,600
demon skeleton,32173,31885,15,600
demon skeleton,32174,31886,15,600
demon skeleton,32173,31887,15,600
demon skeleton,32167,31889,15,600
dwarf soldier,32554,31884,15,600
dwarf soldier,32554,31885,15,600
dwarf soldier,32555,31885,15,600
demon skeleton,32184,31886,15,600
demon skeleton,32185,31887,15,600
demon skeleton,32181,31890,15,600
demon skeleton,32177,31889,15,600
poison spider,32668,31889,15,600
poison spider,32668,31891,15,600
demon skeleton,32169,31890,15,600
dwarf guard,32635,31890,15,600
dwarf guard,32634,31891,15,600
rotworm,32639,31890,15,500
rotworm,32638,31891,15,500
dwarf guard,32563,31896,15,600
banshee,32214,31898,15,600
banshee,32224,31898,15,600
rotworm,32559,31899,15,500
rotworm,32558,31900,15,500
poison spider,32654,31899,15,600
poison spider,32655,31899,15,600
slime,32663,31899,15,600
slime,32663,31901,15,600
dragon lord,32215,31905,15,600
banshee,32216,31906,15,600
dragon lord,32223,31905,15,600
giant spider,32218,31906,15,600
giant spider,32220,31906,15,600
banshee,32214,31908,15,600
banshee,32224,31908,15,600
banshee,32226,31909,15,600
orc berserker,32592,31909,15,600
orc berserker,32595,31909,15,600
orc warrior,32595,31910,15,600
orc berserker,32591,31912,15,600
orc berserker,32595,31913,15,600
orc shaman,32591,31914,15,600
orc warrior,32599,31908,15,600
orc warrior,32598,31910,15,600
dwarf guard,32548,31910,15,600
dwarf guard,32550,31911,15,600
dwarf guard,32553,31912,15,600
dwarf soldier,32551,31913,15,600
dwarf soldier,32553,31915,15,600
cyclops,32622,31914,15,600
cyclops,32625,31914,15,600
cyclops,32626,31914,15,600
demon skeleton,32267,31921,15,600
fire devil,32264,31923,15,600
fire devil,32265,31923,15,600
fire devil,32267,31924,15,600
demon skeleton,32270,31920,15,600
demon skeleton,32271,31923,15,600
demon skeleton,32272,31923,15,600
dwarf guard,32564,31924,15,600
dwarf guard,32565,31926,15,600
poison spider,32665,31920,15,600
poison spider,32666,31922,15,600
poison spider,32666,31924,15,600
poison spider,32666,31926,15,600
rotworm,32558,31925,15,600
rotworm,32559,31925,15,600
dwarf guard,32598,31925,15,600
dwarf soldier,32597,31926,15,600
dwarf guard,32599,31926,15,600
dwarf guard,32598,31927,15,600
dwarf soldier,32595,31928,15,600
dwarf soldier,32595,31929,15,600
mummy,32188,31935,15,600
mummy,32189,31935,15,600
stalker,32190,31935,15,600
banshee,32190,31937,15,600
stalker,32187,31938,15,600
banshee,32191,31938,15,600
poison spider,32666,31934,15,600
poison spider,32667,31934,15,600
poison spider,32666,31935,15,600
slime,32652,31936,15,600
slime,32651,31937,15,600
stalker,32188,31940,15,600
banshee,32191,31941,15,600
ghost,32194,31941,15,600
banshee,32195,31941,15,600
ghost,32193,31942,15,600
dwarf soldier,32557,31939,15,600
dwarf soldier,32558,31940,15,600
minotaur mage,32617,31941,15,600
minotaur guard,32619,31942,15,600
minotaur mage,32617,31943,15,600
minotaur guard,32617,31944,15,600
minotaur guard,32616,31945,15,600
demon,33336,31954,15,20000
demon,33340,31954,15,20000
dwarf soldier,32558,31955,15,600
dwarf soldier,32558,31956,15,600
dwarf soldier,32560,31956,15,600
rotworm,32555,31958,15,500
rotworm,32558,31958,15,500
dwarf soldier,32559,31958,15,600
rotworm,32556,31960,15,500
demon,33336,31958,15,20000
demon,33340,31958,15,20000
banshee,32210,31957,15,600
banshee,32211,31959,15,600
banshee,32210,31962,15,600
mummy,32212,31962,15,600
mummy,32208,31963,15,600
dwarf soldier,32576,31959,15,600
dwarf soldier,32575,31960,15,600
dwarf soldier,32578,31960,15,600
dwarf soldier,32578,31961,15,600
rotworm,32579,31961,15,500
rotworm,32580,31961,15,500
mummy,32213,31964,15,600
mummy,32212,31965,15,600
rotworm,32606,31962,15,500
rotworm,32608,31963,15,500
rotworm,32607,31965,15,500
dwarf guard,32568,31965,15,600
dwarf guard,32571,31965,15,600
dwarf guard,32570,31967,15,600
dwarf soldier,32569,31968,15,600
dwarf guard,32626,31967,15,600
dwarf soldier,32610,31969,15,600
dwarf soldier,32607,31971,15,600
dwarf guard,32608,31971,15,600
dwarf soldier,32610,31972,15,600
dwarf soldier,32567,31972,15,600
dwarf soldier,32566,31973,15,600
dwarf soldier,32568,31975,15,600
rotworm,32570,31976,15,500
rotworm,32571,31977,15,500
rotworm,32551,31974,15,500
rotworm,32552,31975,15,500
rotworm,32615,31974,15,500
dwarf soldier,32600,31974,15,600
dwarf soldier,32597,31975,15,600
dwarf soldier,32598,31975,15,600
rotworm,32599,31976,15,500
rotworm,32598,31977,15,500
dwarf soldier,32628,31979,15,600
dwarf soldier,32625,31981,15,600
dwarf soldier,32631,31981,15,600
dwarf soldier,32630,31982,15,600
rotworm,32635,31984,15,500
rotworm,32636,31985,15,500
dwarf guard,32610,31989,15,600
rotworm,32620,31989,15,500
rotworm,32622,31991,15,500
dwarf soldier,32606,31990,15,600
dwarf soldier,32608,31990,15,600
dwarf guard,32551,31990,15,600
dwarf guard,32553,31990,15,600
dwarf soldier,32551,31992,15,600
dwarf soldier,32553,31992,15,600
dwarf guard,32552,31993,15,600
dwarf soldier,32553,31994,15,600
dwarf soldier,32626,31995,15,600
dwarf soldier,32629,31996,15,600
dwarf soldier,32627,31997,15,600
slime,32414,31999,15,600
minotaur,32572,32066,15,700
minotaur,32571,32069,15,700
minotaur,32575,32069,15,700
minotaur,32576,32072,15,700
minotaur archer,32580,32072,15,700
minotaur,32583,32072,15,700
minotaur guard,32576,32075,15,700
minotaur mage,32569,32076,15,700
minotaur,32580,32078,15,700
minotaur,32583,32078,15,700
minotaur,32580,32079,15,700
minotaur,32468,32084,15,500
minotaur,32468,32085,15,500
minotaur guard,32467,32086,15,600
minotaur guard,32467,32087,15,600
skeleton,32515,32083,15,600
skeleton,32517,32085,15,600
skeleton,32513,32086,15,600
skeleton,32515,32087,15,600
minotaur,32414,32094,15,900
minotaur guard,32441,32097,15,500
minotaur guard,32442,32099,15,500
minotaur guard,32438,32100,15,500
minotaur archer,32447,32098,15,600
minotaur archer,32448,32098,15,600
minotaur,32433,32099,15,600
minotaur guard,32435,32100,15,900
minotaur guard,32436,32100,15,900
minotaur,32433,32101,15,600
minotaur,32434,32103,15,600
minotaur,32382,32096,15,700
minotaur,32382,32098,15,700
minotaur,32389,32099,15,700
minotaur,32390,32100,15,700
minotaur,32387,32101,15,700
minotaur guard,32401,32099,15,800
minotaur guard,32400,32101,15,800
minotaur mage,32432,32102,15,900
minotaur,32431,32103,15,600
minotaur,32419,32099,15,400
minotaur,32420,32099,15,400
minotaur,32418,32102,15,400
minotaur,32416,32103,15,400
minotaur,32411,32104,15,400
minotaur,32440,32104,15,500
minotaur,32436,32106,15,600
minotaur archer,32396,32104,15,800
minotaur,32441,32105,15,500
minotaur guard,32426,32112,15,800
minotaur guard,32428,32112,15,800
minotaur guard,32397,32116,15,900
dog,32412,32120,15,600
snake,32390,32125,15,600
snake,32389,32127,15,600
minotaur,32417,32122,15,300
minotaur,32415,32127,15,300
minotaur,32416,32127,15,300
minotaur,32417,32130,15,300
minotaur,32420,32130,15,300
minotaur mage,32462,32145,15,600
minotaur mage,32463,32145,15,600
minotaur guard,32460,32147,15,600
minotaur guard,32461,32147,15,600
minotaur archer,32463,32147,15,700
minotaur archer,32461,32148,15,700
minotaur guard,32419,32145,15,900
minotaur guard,32418,32147,15,900
minotaur guard,32459,32149,15,600
beholder,32516,32148,15,1200
beholder,32514,32149,15,1200
minotaur,32398,32152,15,600
minotaur,32401,32154,15,600
minotaur,32400,32155,15,600
poison spider,32465,32152,15,600
poison spider,32467,32153,15,600
giant spider,32465,32155,15,1000
minotaur guard,32417,32158,15,700
minotaur guard,32417,32159,15,700
minotaur,32417,32162,15,400
minotaur,32412,32164,15,400
minotaur,32412,32167,15,400
minotaur guard,32416,32170,15,900
minotaur,32408,32171,15,400
minotaur guard,32416,32171,15,900
minotaur,32417,32172,15,400
minotaur archer,32410,32173,15,600
minotaur,32415,32174,15,600
minotaur,32417,32174,15,600
minotaur archer,32418,32174,15,900
minotaur archer,32420,32174,15,900
minotaur,32418,32175,15,600
scorpion,32565,32177,15,600
cyclops,32574,32177,15,600
skeleton,32571,32179,15,600
dragon,32438,32181,15,900
dragon,32440,32182,15,900
giant spider,32580,32182,15,1200
ghoul,32572,32184,15,600
beholder,32574,32184,15,2000
demon skeleton,32578,32181,15,800
demon skeleton,32579,32184,15,800
demon skeleton,32579,32186,15,800
demon skeleton,32580,32187,15,800
dragon,32565,32185,15,600
minotaur,32416,32185,15,700
minotaur,32414,32188,15,700
minotaur,32417,32188,15,700
minotaur guard,32417,32213,15,800
rat,32573,32211,15,70
rat,32573,32212,15,70
rat,32573,32213,15,70
rat,32574,32213,15,70
rat,32576,32213,15,70
rat,32574,32214,15,70
rat,32571,32215,15,70
rat,32574,32215,15,70
rat,32575,32215,15,70
rat,32572,32216,15,70
rat,32575,32216,15,70
rat,32576,32216,15,70
minotaur,32423,32213,15,650
minotaur,32419,32214,15,650
minotaur,32419,32216,15,650
minotaur,32420,32218,15,650
dragon lord,32864,32227,15,600
dragon lord,32863,32228,15,600
witch,32769,32228,15,600
witch,32771,32229,15,600
black knight,32772,32229,15,600
black knight,32773,32229,15,600
witch,32770,32231,15,600
dragon lord,32871,32230,15,600
dragon lord,32869,32231,15,600
dragon lord,32867,32234,15,600
witch,32778,32228,15,600
witch,32778,32231,15,600
witch,32780,32232,15,600
witch,32781,32236,15,600
dragon lord,32860,32234,15,600
dragon lord,32862,32234,15,600
dragon lord,32860,32235,15,600
black knight,32788,32231,15,600
black knight,32792,32233,15,600
black knight,32792,32235,15,600
black knight,32791,32239,15,600
witch,32788,32240,15,600
dragon lord,32872,32235,15,600
dragon lord,32873,32236,15,600
dragon lord,32867,32236,15,600
black knight,32778,32242,15,600
black knight,32777,32244,15,600
black knight,32778,32245,15,600
witch,32789,32242,15,600
witch,32789,32244,15,600
mummy,32831,32262,15,600
mummy,32828,32264,15,600
mummy,32829,32264,15,600
ghoul,32830,32264,15,600
demon skeleton,32829,32267,15,600
mummy,32828,32268,15,600
ghoul,32829,32268,15,600
demon skeleton,32829,32269,15,600
dragon lord,32877,32263,15,600
dragon lord,32879,32263,15,600
dragon lord,32876,32265,15,600
fire devil,32872,32268,15,600
mummy,32828,32270,15,600
mummy,32830,32270,15,600
ghoul,32832,32270,15,600
ghoul,32834,32270,15,600
demon skeleton,32835,32271,15,600
ghoul,32827,32272,15,600
demon skeleton,32831,32272,15,600
mummy,32835,32272,15,600
mummy,32831,32274,15,600
fire devil,32866,32264,15,600
fire devil,32866,32268,15,600
fire devil,32870,32268,15,600
fire devil,32871,32268,15,600
fire devil,32862,32269,15,600
fire devil,32870,32270,15,600
demon skeleton,32836,32270,15,600
mummy,32829,32275,15,600
demon skeleton,32828,32276,15,600
demon skeleton,32830,32276,15,600
demon skeleton,32828,32277,15,600
demon skeleton,32828,32278,15,600
fire devil,32874,32271,15,600
fire devil,32872,32272,15,600
fire devil,32871,32274,15,600
demon skeleton,32832,32280,15,600
fire devil,32862,32275,15,600
fire devil,32862,32276,15,600
fire devil,32861,32277,15,600
fire devil,32861,32278,15,600
ghoul,32830,32281,15,600
ghoul,32832,32281,15,600
demon skeleton,32830,32282,15,600
ghoul,32832,32283,15,600
mummy,32829,32284,15,600
mummy,32831,32284,15,600
dragon lord,32886,32277,15,600
dragon lord,32884,32278,15,600
dragon lord,32884,32279,15,600
slime,32783,32279,15,600
slime,32784,32279,15,600
demon skeleton,32835,32283,15,600
scorpion,32790,32283,15,600
scorpion,32791,32283,15,600
demon skeleton,32837,32285,15,600
mummy,32834,32286,15,600
dragon lord,32863,32286,15,600
dragon lord,32864,32287,15,600
dragon lord,32865,32287,15,600
fire devil,32784,32286,15,600
fire devil,32782,32289,15,600
giant spider,32787,32290,15,600
fire devil,32780,32293,15,600
fire devil,32784,32293,15,600
fire devil,32878,32286,15,600
fire devil,32880,32289,15,600
fire devil,32877,32290,15,600
fire devil,32878,32290,15,600
fire devil,32880,32290,15,600
giant spider,32789,32289,15,600
fire devil,32873,32285,15,600
fire devil,32872,32290,15,600
fire devil,32873,32293,15,600
fire devil,32872,32295,15,600
demon skeleton,32784,32297,15,600
demon skeleton,32781,32299,15,600
demon skeleton,32784,32300,15,600
demon skeleton,32779,32302,15,600
demon skeleton,32783,32302,15,600
demon skeleton,32787,32303,15,600
demon skeleton,32888,32311,15,600
ghoul,32890,32311,15,600
ghoul,32889,32313,15,600
ghoul,32891,32314,15,600
ghoul,32882,32319,15,600
ghoul,32880,32320,15,600
ghoul,32884,32320,15,600
demon skeleton,32881,32321,15,600
demon skeleton,32883,32321,15,600
demon skeleton,32890,32323,15,600
demon skeleton,32891,32324,15,600
giant spider,32855,32325,15,600
giant spider,32854,32326,15,600
giant spider,32851,32327,15,600
giant spider,32849,32328,15,600
dragon lord,32818,32327,15,600
dragon lord,32817,32328,15,600
giant spider,32852,32334,15,600
giant spider,32854,32337,15,600
giant spider,32857,32337,15,600
ghoul,32886,32338,15,600
ghoul,32887,32340,15,600
dragon lord,32814,32343,15,600
dragon lord,32815,32343,15,600
giant spider,32847,32343,15,600
giant spider,32848,32344,15,600
giant spider,32849,32346,15,600
giant spider,32850,32346,15,600
giant spider,32852,32346,15,600
giant spider,32860,32347,15,600
giant spider,32860,32349,15,600
ghoul,32888,32345,15,600
ghoul,32890,32347,15,600
demon skeleton,32888,32348,15,600
demon skeleton,32890,32350,15,600
demon skeleton,33245,32539,15,600
ghost,33243,32540,15,600
demon skeleton,33247,32540,15,600
demon skeleton,33250,32540,15,600
ghost,33246,32542,15,600
demon skeleton,33251,32542,15,600
ghost,33243,32544,15,600
banshee,33240,32541,15,600
lich,33254,32541,15,600
banshee,33227,32556,15,600
banshee,33228,32556,15,600
ghost,33227,32559,15,600
necromancer,33266,32557,15,600
necromancer,33263,32558,15,600
ghost,33260,32559,15,600
demon skeleton,33266,32559,15,600
ghost,33259,32560,15,600
necromancer,33266,32561,15,600
ghost,33262,32562,15,600
vampire,33230,32560,15,600
ghost,33225,32561,15,600
vampire,33229,32561,15,600
ghost,33259,32564,15,600
crypt shambler,33243,32566,15,600
crypt shambler,33242,32568,15,600
demon skeleton,33216,32572,15,600
bonebeast,33228,32576,15,600
vampire,33243,32576,15,600
vampire,33245,32577,15,600
banshee,33245,32579,15,600
demon skeleton,33246,32580,15,600
mummy,33239,32579,15,600
mummy,33239,32580,15,600
demon skeleton,33245,32582,15,600
mummy,33214,32583,15,600
mummy,33217,32583,15,600
mummy,33214,32584,15,600
demon skeleton,33216,32585,15,600
banshee,33291,32583,15,600
ghost,33288,32585,15,600
banshee,33289,32585,15,600
vampire,33256,32582,15,600
necromancer,33255,32584,15,600
vampire,33259,32584,15,600
vampire,33257,32585,15,600
necromancer,33256,32586,15,600
necromancer,33254,32587,15,600
magicthrower,33095,32585,15,60
demon skeleton,33196,32585,15,600
demon skeleton,33197,32586,15,600
demon skeleton,33199,32586,15,600
banshee,33195,32588,15,600
ghost,33287,32586,15,600
demon skeleton,33290,32587,15,600
demon skeleton,33291,32587,15,600
ghost,33286,32589,15,600
ghost,33288,32589,15,600
beholder,33092,32587,15,500
beholder,33098,32587,15,500
magicthrower,33099,32587,15,60
magicthrower,33103,32588,15,60
magicthrower,33104,32588,15,60
magicthrower,33090,32590,15,60
dipthrah,33092,32590,15,600
beholder,33101,32590,15,600
necromancer,33241,32590,15,600
vampire,33239,32591,15,600
vampire,33240,32592,15,600
ghost,33243,32588,15,600
ghost,33244,32589,15,600
ghost,33243,32591,15,600
magicthrower,33103,32592,15,60
magicthrower,33104,32592,15,60
magicthrower,33099,32593,15,60
beholder,33098,32594,15,500
beholder,33092,32594,15,500
magicthrower,33095,32595,15,60
ghost,33272,32594,15,600
ghost,33271,32597,15,600
ghost,33269,32599,15,600
banshee,33270,32599,15,600
banshee,33271,32601,15,600
necromancer,33274,32601,15,600
ghost,33181,32595,15,600
ghost,33182,32598,15,600
ghost,33185,32598,15,600
demon skeleton,33179,32599,15,600
demon skeleton,33180,32599,15,600
vampire,33178,32600,15,600
demon skeleton,33180,32600,15,600
vampire,33180,32602,15,600
demon skeleton,33177,32596,15,600
beholder,33232,32599,15,600
necromancer,33273,32603,15,600
ghost,33242,32607,15,600
demon skeleton,33245,32607,15,600
demon skeleton,33248,32608,15,600
demon skeleton,33245,32609,15,600
ghost,33243,32610,15,600
ghost,33242,32611,15,600
lich,33248,32611,15,600
necromancer,33254,32609,15,600
necromancer,33257,32609,15,600
necromancer,33260,32610,15,600
necromancer,33293,32609,15,600
mummy,33164,32610,15,600
demon skeleton,33161,32611,15,600
demon skeleton,33160,32612,15,600
ghost,33158,32614,15,600
mummy,33190,32609,15,600
mummy,33191,32611,15,600
vampire,33193,32611,15,600
vampire,33195,32611,15,600
mummy,33192,32614,15,600
ghost,33200,32611,15,600
ghost,33201,32613,15,600
ghost,33240,32612,15,600
mummy,33165,32612,15,600
ghost,33161,32615,15,600
mummy,33163,32615,15,600
demon skeleton,33291,32612,15,600
demon skeleton,33289,32613,15,600
demon skeleton,33294,32613,15,600
lich,33293,32615,15,600
demon skeleton,33288,32616,15,600
beholder,33156,32612,15,600
beholder,33157,32613,15,600
ghost,33160,32616,15,600
crypt shambler,33228,32614,15,600
crypt shambler,33227,32615,15,600
banshee,33183,32622,15,600
banshee,33182,32624,15,600
vampire,33245,32624,15,600
crypt shambler,33194,32625,15,600
crypt shambler,33195,32625,15,600
ghost,33129,32624,15,600
mummy,33132,32625,15,600
banshee,33123,32626,15,600
ghost,33127,32626,15,600
ghost,33124,32627,15,600
demon skeleton,33123,32628,15,600
lich,33127,32629,15,600
ghost,33128,32630,15,600
ghost,33215,32626,15,600
ghost,33217,32626,15,600
ghost,33219,32626,15,600
banshee,33215,32628,15,600
ghost,33217,32630,15,600
banshee,33121,32626,15,600
banshee,33120,32627,15,600
mummy,33135,32627,15,600
mummy,33137,32628,15,600
mummy,33134,32629,15,600
ghost,33178,32627,15,600
ghost,33176,32628,15,600
demon skeleton,33179,32629,15,600
stalker,33186,32627,15,600
stalker,33187,32627,15,600
demon skeleton,33185,32630,15,600
beholder,33244,32626,15,600
beholder,33240,32627,15,600
beholder,33242,32627,15,600
demon skeleton,33182,32630,15,600
demon skeleton,33243,32632,15,600
scorpion,33159,32637,15,600
scorpion,33158,32638,15,600
necromancer,33163,32639,15,600
demon skeleton,33164,32639,15,600
necromancer,33161,32641,15,600
demon skeleton,33165,32641,15,600
vampire,33159,32641,15,600
ghost,33226,32643,15,600
ghost,33226,32645,15,600
ghost,33228,32645,15,600
demon skeleton,33230,32645,15,600
demon skeleton,33230,32646,15,600
magicthrower,33120,32651,15,60
magicthrower,33125,32651,15,60
banshee,33123,32652,15,500
banshee,33125,32653,15,500
shredderthrower,33116,32655,15,60
vashresamun,33121,32656,15,600
shredderthrower,33116,32657,15,60
magicthrower,33120,32661,15,60
magicthrower,33125,32661,15,60
mummy,33228,32662,15,600
mummy,33228,32664,15,600
banshee,33228,32666,15,600
banshee,33227,32667,15,600
lich,33228,32667,15,600
mummy,33229,32667,15,600
crypt shambler,33232,32677,15,600
crypt shambler,33232,32678,15,600
crypt shambler,33233,32679,15,600
banshee,33222,32677,15,600
banshee,33224,32678,15,600
demon skeleton,33183,32779,15,600
necromancer,33184,32779,15,600
necromancer,33181,32780,15,600
necromancer,33183,32780,15,600
green djinn,33186,32780,15,600
fire elemental,33184,32781,15,600
mummy,33181,32782,15,600
demon skeleton,33187,32783,15,600
mummy,33182,32784,15,600
fire elemental,33183,32784,15,600
demon skeleton,33185,32784,15,600
green djinn,33188,32781,15,600
demon skeleton,33188,32783,15,600
mummy,33178,32783,15,600
fire elemental,33180,32785,15,600
mummy,33177,32787,15,600
dragon,33184,32787,15,600
fire elemental,33186,32787,15,600
dragon,33185,32789,15,600
mummy,33224,32795,15,600
green djinn,33223,32796,15,1200
ghost,33221,32798,15,600
mummy,33222,32798,15,600
demon skeleton,33225,32799,15,600
ghost,33219,32800,15,600
mummy,33221,32801,15,600
mummy,33223,32801,15,600
demon skeleton,33226,32801,15,600
illusion,33118,32803,15,600
illusion,33117,32805,15,600
illusion,33118,32806,15,600
illusion,33120,32806,15,600
illusion,33121,32806,15,600
illusion,33118,32807,15,600
illusion,33117,32809,15,600
illusion,33123,32805,15,600
illusion,33124,32805,15,600
flamethrower,33181,32806,15,60
dragon,33184,32806,15,600
flamethrower,33187,32806,15,60
flamethrower,33251,32816,15,60
demon skeleton,33184,32819,15,600
demon skeleton,33182,32820,15,600
fire elemental,33184,32821,15,600
fire elemental,33184,32822,15,600
mummy,33220,32818,15,600
mummy,33221,32820,15,600
demon skeleton,33223,32821,15,600
demon skeleton,33224,32823,15,600
green djinn,33251,32820,15,1200
green djinn,33249,32821,15,1200
fire elemental,33253,32821,15,600
fire elemental,33253,32823,15,600
fire elemental,33272,32820,15,600
fire elemental,33274,32820,15,600
fire elemental,33276,32820,15,600
fire elemental,33274,32821,15,600
dragon,33270,32822,15,600
fire devil,33274,32822,15,600
demon skeleton,33317,32820,15,600
demon skeleton,33318,32820,15,600
scarab,33319,32820,15,600
necromancer,33317,32823,15,600
demon skeleton,33203,32819,15,600
fire elemental,33203,32821,15,600
fire elemental,33205,32821,15,600
demon skeleton,33206,32821,15,600
demon skeleton,33204,32822,15,600
green djinn,33237,32821,15,1200
fire elemental,33256,32820,15,600
mummy,33312,32819,15,600
mummy,33313,32820,15,600
mummy,33313,32821,15,600
scarab,33321,32818,15,600
scarab,33321,32821,15,600
scarab,33321,32822,15,600
mummy,33205,32833,15,600
mummy,33204,32834,15,600
mummy,33205,32835,15,600
demon skeleton,33239,32839,15,600
mummy,33235,32840,15,600
mummy,33236,32840,15,600
demon skeleton,33236,32841,15,600
mummy,33233,32843,15,600
green djinn,33236,32844,15,1200
demon skeleton,33237,32844,15,600
demon skeleton,33251,32841,15,600
mummy,33218,32842,15,600
mummy,33220,32842,15,600
mummy,33222,32844,15,600
mummy,33262,32843,15,600
mummy,33265,32843,15,600
fire elemental,33262,32844,15,600
fire elemental,33263,32844,15,600
crypt shambler,33263,32845,15,600
crypt shambler,33264,32845,15,600
mummy,33262,32846,15,600
vampire,33191,32844,15,600
vampire,33192,32844,15,600
mummy,33189,32845,15,600
flamethrower,33276,32844,15,60
flamethrower,33288,32844,15,60
mummy,33186,32843,15,600
mummy,33186,32845,15,600
mummy,33191,32849,15,600
crypt shambler,33308,32845,15,600
crypt shambler,33309,32847,15,600
fire elemental,33282,32846,15,600
fire elemental,33280,32847,15,600
fire elemental,33281,32848,15,600
fire elemental,33316,32843,15,600
fire elemental,33317,32846,15,600
fire elemental,33315,32847,15,600
demon skeleton,33262,32848,15,600
crypt shambler,33265,32848,15,600
flamethrower,33276,32848,15,60
flamethrower,33288,32848,15,60
vampire,33204,32852,15,600
vampire,33205,32852,15,600
crypt shambler,33205,32858,15,600
crypt shambler,33207,32860,15,600
crypt shambler,33208,32861,15,600
vampire,33205,32862,15,600
vampire,33205,32863,15,600
vampire,33264,32859,15,600
vampire,33265,32860,15,600
vampire,33266,32860,15,600
demon skeleton,33267,32862,15,600
demon skeleton,33265,32863,15,600
fire elemental,33308,32860,15,600
fire elemental,33309,32860,15,600
mummy,33308,32862,15,600
mummy,33249,32860,15,600
vampire,33251,32861,15,600
mummy,33249,32862,15,600
vampire,33251,32862,15,600
mummy,33248,32863,15,600
fire elemental,33282,32860,15,600
demon skeleton,33284,32861,15,600
demon skeleton,33285,32861,15,600
fire elemental,33286,32862,15,600
fire elemental,33284,32863,15,600
demon skeleton,33214,32860,15,600
demon skeleton,33212,32862,15,600
demon skeleton,33214,32862,15,600
fire elemental,33232,32860,15,600
fire elemental,33232,32861,15,600
fire elemental,33233,32862,15,600
demon skeleton,33236,32863,15,600
crypt shambler,33230,32864,15,600
demon skeleton,33234,32864,15,600
crypt shambler,33229,32865,15,600
mummy,33305,32860,15,600
mummy,33306,32864,15,600
fire elemental,33282,32866,15,600
mummy,33214,32873,15,600
green djinn,33217,32873,15,600
mummy,33216,32875,15,600
fire elemental,33268,32873,15,600
fire elemental,33267,32874,15,600
fire elemental,33264,32875,15,600
fire elemental,33265,32875,15,600
crypt shambler,33297,32877,15,600
crypt shambler,33299,32877,15,600
mummy,33311,32877,15,600
mummy,33312,32878,15,600
mummy,33311,32879,15,600
fire elemental,33322,32877,15,600
fire elemental,33323,32877,15,600
fire elemental,33319,32878,15,600
mummy,33196,32884,15,600
mummy,33192,32885,15,600
mummy,33193,32885,15,600
demon skeleton,33194,32887,15,600
demon skeleton,33195,32887,15,600
vampire,33193,32889,15,600
crypt shambler,33231,32885,15,600
crypt shambler,33229,32887,15,600
vampire,33234,32887,15,600
necromancer,33215,32887,15,600
demon skeleton,33218,32887,15,600
demon skeleton,33220,32887,15,600
vampire,33237,32887,15,600
vampire,33233,32889,15,600
necromancer,33264,32887,15,600
fire elemental,33276,32886,15,600
fire devil,33280,32887,15,600
fire devil,33277,32888,15,600
fire elemental,33278,32888,15,600
fire elemental,33277,32889,15,600
fire devil,33282,32889,15,600
demon skeleton,33311,32887,15,600
demon skeleton,33312,32888,15,600
demon skeleton,33312,32890,15,600
dragon,33322,32887,15,600
crypt shambler,33211,32887,15,600
crypt shambler,33211,32888,15,600
vampire,33194,32891,15,600
vampire,33195,32891,15,600
demon skeleton,33310,32896,15,600
demon skeleton,33311,32897,15,600
mummy,33325,32896,15,600
mummy,33322,32897,15,600
mummy,33323,32898,15,600
green djinn,33260,32906,15,600
green djinn,33259,32907,15,600
demon skeleton,33267,32906,15,600
demon skeleton,33265,32907,15,600
necromancer,33264,32909,15,600
necromancer,33265,32910,15,600
fire elemental,33269,32906,15,600
fire elemental,33271,32907,15,600
dragon,33188,32912,15,600
green djinn,33234,32911,15,600
green djinn,33235,32913,15,600
necromancer,33231,32914,15,600
necromancer,33233,32914,15,600
necromancer,33233,32916,15,600
green djinn,33236,32914,15,600
necromancer,33190,32913,15,600
necromancer,33188,32915,15,600
necromancer,33191,32915,15,600
demon skeleton,33190,32916,15,600
demon skeleton,33188,32917,15,600
demon skeleton,33191,32918,15,600
demon skeleton,33213,32914,15,600
demon skeleton,33215,32915,15,600
demon skeleton,33213,32932,15,600
demon skeleton,33216,32932,15,600
demon skeleton,33210,32933,15,600
mummy,33220,32933,15,600
mummy,33218,32937,15,600
mummy,33218,32938,15,600
mummy,33215,32940,15,600
flamethrower,33187,32949,15,60
flamethrower,33194,32949,15,60
dragon,33187,32954,15,550
dragon,33186,32955,15,550
flamethrower,33187,32957,15,60
mahrdis,33191,32954,15,600
dragon lord,33195,32955,15,550
flamethrower,33194,32957,15,60
